player,team,position,caps,intl_goals,club_goals_2526,club_apps_2526,exp_matches,exp_goals,scorito_ev
Harry Kane,England,FW,113,79,61,51,5.53,4.19,33.5
Kylian Mbappé,France,FW,97,56,42,44,5.29,3.02,24.1
Lautaro Martínez,Argentina,FW,76,37,22,41,5.8,2.94,23.5
Erling Haaland,Norway,FW,49,55,38,52,4.44,2.92,23.4
Mikel Oyarzabal,Spain,FW,52,24,18,40,5.8,2.84,22.8
Ferran Torres,Spain,FW,56,24,,,5.8,2.6,20.8
Deniz Undav,Germany,FW,9,6,25,46,5.1,2.4,19.2
Romelu Lukaku,Belgium,FW,126,90,1,7,4.88,2.38,19.0
"Luis Suárez (footballer, born 1997)",Colombia,FW,11,5,38,53,5.01,2.28,18.3
Cristiano Ronaldo,Portugal,FW,227,143,30,37,5.34,2.12,16.9
Ayase Ueda,Japan,FW,39,16,26,40,5.0,2.04,16.3
Julián Alvarez,Argentina,FW,51,14,20,49,5.8,2.01,16.1
Ayoub El Kaabi,Morocco,FW,71,37,21,38,5.22,1.99,15.9
Kōki Ogawa (footballer),Japan,FW,15,11,9,29,5.0,1.93,15.5
João Félix,Portugal,FW,53,12,26,47,5.34,1.86,14.8
Memphis Depay,Netherlands,FW,109,55,,,4.64,1.83,14.6
"Luis Díaz (footballer, born 1997)",Colombia,FW,73,22,26,51,5.01,1.7,13.6
Raphinha,Brazil,FW,39,11,21,33,5.27,1.64,13.1
Jhon Córdoba,Colombia,FW,21,6,22,41,5.01,1.64,13.1
Mehdi Taremi,Iran,FW,105,60,16,39,4.46,1.62,13.0
Kai Havertz,Germany,FW,58,22,7,24,5.1,1.59,12.7
Keito Nakamura,Japan,MF,25,10,14,32,5.0,1.54,24.7
Ismael Saibari,Morocco,MF,30,9,19,37,5.22,1.46,23.4
Gonçalo Ramos,Portugal,FW,24,10,12,45,5.34,1.44,11.5
Ollie Watkins,England,FW,21,6,21,55,5.53,1.41,11.3
Jonathan David,Canada,FW,77,39,8,46,5.16,1.4,11.2
Christian Fassnacht,Switzerland,FW,23,5,19,42,4.74,1.37,11.0
Lionel Messi,Argentina,FW,198,116,,,5.8,1.35,10.8
Raúl Jiménez,Mexico,FW,124,45,10,43,5.36,1.35,10.8
Zeki Amdouni,Switzerland,FW,29,11,0,4,4.74,1.35,10.8
Cyle Larin,Canada,FW,90,30,10,37,5.16,1.34,10.7
Donyell Malen,Netherlands,FW,52,13,22,49,4.64,1.33,10.6
Mikel Merino,Spain,MF,42,10,6,34,5.8,1.32,21.2
Bruno Fernandes,Portugal,MF,88,29,9,37,5.34,1.31,21.0
Michael Olise,France,FW,16,4,22,52,5.29,1.3,10.4
Enzo Fernández,Argentina,MF,41,6,15,54,5.8,1.28,20.4
Lamine Yamal,Spain,FW,25,6,24,45,5.8,1.27,10.1
Dani Olmo,Spain,FW,49,12,8,49,5.8,1.26,10.1
Ricardo Pepi,United States,FW,37,13,19,34,4.68,1.24,9.9
Vinícius Júnior,Brazil,FW,49,9,22,53,5.27,1.22,9.8
Alexander Sørloth,Norway,FW,71,26,20,54,4.44,1.22,9.8
Ousmane Dembélé,France,FW,58,7,20,40,5.29,1.2,9.6
Son Heung-min,South Korea,FW,144,56,,,4.41,1.2,9.6
Neymar,Brazil,FW,128,79,,,5.27,1.19,9.5
Nick Woltemade,Germany,FW,11,4,12,54,5.1,1.18,9.5
Sadio Mané,Senegal,FW,127,55,14,36,4.37,1.18,9.4
Viktor Gyökeres,Sweden,FW,33,20,21,55,3.57,1.18,9.5
Enner Valencia,Ecuador,FW,105,49,8,22,4.59,1.17,9.4
Soufiane Rahimi,Morocco,FW,36,12,,,5.22,1.17,9.4
Cedric Itten,Switzerland,FW,15,5,,,4.74,1.17,9.3
Marcus Rashford,England,FW,71,18,14,49,5.53,1.16,9.3
Folarin Balogun,United States,FW,27,9,19,43,4.68,1.1,8.8
Andrej Kramarić,Croatia,FW,115,36,15,36,4.36,1.09,8.7
"Chris Wood (footballer, born 1991)",New Zealand,FW,90,45,5,20,3.69,1.09,8.7
Adil Boulbina,Algeria,FW,11,6,,,4.29,1.08,8.6
Promise David,Canada,FW,10,3,,,5.16,1.08,8.6
Bukayo Saka,England,FW,48,14,11,49,5.53,1.08,8.6
Désiré Doué,France,FW,6,2,13,41,5.29,1.08,8.7
Haji Wright,United States,FW,20,7,18,43,4.68,1.07,8.6
Kevin De Bruyne,Belgium,MF,119,37,5,21,4.88,1.06,16.9
Brian Gutiérrez,Mexico,MF,7,2,,,5.36,1.06,17.0
Darwin Núñez,Uruguay,FW,38,13,9,24,4.5,1.05,8.4
Guillermo Martínez (footballer),Mexico,FW,12,3,,,5.36,1.04,8.3
Gonçalo Guedes,Portugal,FW,34,8,9,39,5.34,1.04,8.3
Ismaïla Sarr,Senegal,FW,82,19,21,45,4.37,1.04,8.3
Marcus Thuram,France,FW,34,3,18,44,5.29,1.03,8.2
Mehdi Ghayedi,Iran,FW,30,10,,,4.46,1.02,8.1
Thelo Aasgaard,Norway,MF,7,5,8,48,4.44,1.02,16.3
Michael Gregoritsch,Austria,FW,75,24,9,31,4.03,1.01,8.1
Mohamed Salah,Egypt,FW,116,67,12,41,3.97,1.01,8.1
Amirhossein Hosseinzadeh,Iran,FW,18,5,10,23,4.46,1.0,8.0
Christian Pulisic,United States,FW,86,33,10,34,4.68,1.0,8.0
Thiago Almada,Argentina,FW,15,4,4,40,5.8,0.98,7.8
Eldor Shomurodov,Uzbekistan,FW,91,44,23,44,3.71,0.98,7.9
"Endrick (footballer, born 2006)",Brazil,FW,17,4,8,24,5.27,0.97,7.8
Cody Gakpo,Netherlands,FW,49,19,9,52,4.64,0.97,7.8
Wout Weghorst,Netherlands,FW,52,14,9,34,4.64,0.97,7.8
Ante Budimir,Croatia,FW,37,6,19,40,4.36,0.96,7.7
Frantzdy Pierrot,Haiti,FW,51,34,4,21,3.39,0.96,7.7
Lawrence Shankland,Scotland,FW,20,7,20,34,3.65,0.96,7.7
Marko Arnautović,Austria,FW,133,47,10,32,4.03,0.95,7.6
James Rodríguez,Colombia,MF,125,31,3,17,5.01,0.95,15.2
Patrik Schick,Czech Republic,FW,53,26,22,42,3.76,0.95,7.6
Daizen Maeda,Japan,MF,27,4,17,54,5.0,0.95,15.2
Brahim Díaz,Morocco,FW,25,13,2,42,5.22,0.94,7.5
Almoez Ali,Qatar,FW,115,55,,,3.45,0.94,7.5
Oh Hyeon-gyu,South Korea,FW,27,6,18,48,4.41,0.94,7.5
Kerem Aktürkoğlu,Turkey,FW,52,15,16,49,3.97,0.93,7.5
Amine Gouiri,Algeria,FW,22,8,11,28,4.29,0.9,7.2
Giuliano Simeone,Argentina,FW,12,2,,,5.8,0.9,7.2
Andrés Gómez (footballer),Colombia,FW,7,2,,,5.01,0.9,7.2
Florian Wirtz,Germany,MF,41,11,7,49,5.1,0.9,14.4
Leroy Sané,Germany,MF,76,17,7,43,5.1,0.89,14.2
Rafael Leão,Portugal,FW,44,5,10,31,5.34,0.89,7.1
Gavi (footballer),Spain,MF,29,5,0,13,5.8,0.89,14.3
Johan Manzambi,Switzerland,MF,12,3,,,4.74,0.88,14.1
Mohamed Amoura,Algeria,FW,45,19,8,33,4.29,0.87,6.9
Houssem Aouar,Algeria,MF,20,6,15,35,4.29,0.87,14.0
Mohammad Mohebi,Iran,MF,36,14,3,31,4.46,0.86,13.8
Lucas Paquetá,Brazil,MF,63,13,5,19,5.27,0.85,13.6
Hakan Çalhanoğlu,Turkey,MF,105,22,12,30,3.97,0.85,13.6
Bradley Barcola,France,FW,19,3,13,49,5.29,0.84,6.7
Cucho Hernández,Colombia,FW,8,2,,,5.01,0.83,6.6
Rayan Cherki,France,MF,6,2,10,52,5.29,0.83,13.3
Duckens Nazon,Haiti,FW,78,44,2,19,3.39,0.83,6.6
Yéremy Pino,Spain,FW,22,4,5,53,5.8,0.83,6.6
Jacob Shaffelburg,Canada,MF,31,6,,,5.16,0.82,13.2
Nishan Velupillay,Australia,FW,7,3,3,17,4.35,0.81,6.5
Junya Itō,Japan,MF,69,15,7,36,5.0,0.81,13.0
Harry Souttar,Australia,DF,38,11,1,2,4.35,0.8,25.5
Antonio Nusa,Norway,FW,23,8,5,35,4.44,0.8,6.4
Francisco Conceição,Portugal,FW,16,3,,,5.34,0.79,6.3
Eberechi Eze,England,MF,16,3,10,54,5.53,0.78,12.5
Nicolas Jackson,Senegal,FW,32,8,11,34,4.37,0.78,6.3
Benjamin Nygren,Sweden,MF,11,3,21,58,3.57,0.78,12.5
"Ismael Díaz (footballer, born 1997)",Panama,MF,57,17,,,3.6,0.77,12.3
Francisco Trincão,Portugal,FW,17,3,,,5.34,0.76,6.0
Rodrigo Aguirre,Uruguay,FW,10,3,,,4.5,0.76,6.1
Hans Vanaken,Belgium,MF,34,7,12,57,4.88,0.75,12.0
Gabriel Martinelli,Brazil,FW,23,4,11,53,5.27,0.75,6.0
Jamie Leweling,Germany,MF,5,1,,,5.1,0.75,12.0
Akram Afif,Qatar,FW,125,39,12,22,3.45,0.75,6.0
"Nicolás González (footballer, born 1998)",Argentina,MF,50,6,5,39,5.8,0.73,11.7
Awer Mabil,Australia,FW,38,10,,,4.35,0.73,5.8
Tomáš Chorý,Czech Republic,FW,22,7,17,33,3.76,0.73,5.8
Nico Paz,Argentina,FW,8,1,,,5.8,0.72,5.8
Azzedine Ounahi,Morocco,MF,48,9,5,24,5.22,0.72,11.6
Martín Zubimendi,Spain,MF,25,3,6,57,5.8,0.72,11.6
Maxim De Cuyper,Belgium,DF,19,4,,,4.88,0.71,22.6
Jude Bellingham,England,MF,47,6,8,40,5.53,0.71,11.3
Leon Goretzka,Germany,MF,70,15,5,48,5.1,0.71,11.3
Musa Al-Taamari,Jordan,FW,91,24,7,35,3.38,0.71,5.6
Leandro Trossard,Belgium,FW,51,12,8,50,4.88,0.7,5.6
Mohanad Ali,Iraq,FW,71,27,,,3.4,0.7,5.6
Jørgen Strand Larsen,Norway,FW,27,6,10,48,4.44,0.7,5.6
Fabián Ruiz,Spain,MF,41,6,2,34,5.8,0.7,11.2
Tomás Rodríguez (footballer),Panama,FW,13,4,,,3.6,0.69,5.5
João Cancelo,Portugal,DF,67,12,3,29,5.34,0.69,22.1
Ibrahim Mbaye,Senegal,FW,10,3,,,4.37,0.69,5.6
"Gustaf Nilsson (footballer, born 1997)",Sweden,FW,10,4,0,11,3.57,0.69,5.5
Casemiro,Brazil,MF,86,9,9,35,5.27,0.68,10.8
Ritsu Dōan,Japan,MF,65,11,7,40,5.0,0.68,10.9
Noa Lang,Netherlands,FW,15,3,,,4.64,0.68,5.4
Tajon Buchanan,Canada,FW,60,8,7,43,5.16,0.67,5.3
Ao Tanaka,Japan,MF,38,8,4,33,5.0,0.67,10.7
Orbelín Pineda,Mexico,MF,92,12,4,27,5.36,0.67,10.7
Cecilio Waterman,Panama,FW,55,15,,,3.6,0.67,5.4
Rubén Vargas,Switzerland,FW,61,11,3,24,4.74,0.67,5.4
Gustavo Puerta,Colombia,DF,5,1,,,5.01,0.66,21.2
Aymen Hussein,Iraq,FW,94,33,,,3.4,0.66,5.3
Alexis Vega (Mexican footballer),Mexico,FW,52,7,,,5.36,0.66,5.2
"Armando González (footballer, born 2003)",Mexico,FW,7,1,,,5.36,0.66,5.2
Tijjani Reijnders,Netherlands,MF,31,7,7,47,4.64,0.66,10.6
Cho Gue-sung,South Korea,FW,44,12,7,42,4.41,0.66,5.3
Alexander Isak,Sweden,FW,58,17,4,22,3.57,0.66,5.3
Yunus Akgün,Turkey,FW,19,4,4,11,3.97,0.66,5.3
Giorgian de Arrascaeta,Uruguay,MF,60,13,,,4.5,0.66,10.6
José Fajardo (footballer),Panama,FW,68,17,,,3.6,0.65,5.2
Dan Ndoye,Switzerland,FW,31,8,2,37,4.74,0.65,5.2
Alexis Mac Allister,Argentina,MF,45,6,5,55,5.8,0.64,10.3
Ali Olwan,Jordan,FW,65,29,,,3.38,0.64,5.1
João Neves,Portugal,MF,21,3,,,5.34,0.64,10.2
Ben Waine,New Zealand,FW,31,9,8,37,3.69,0.63,5.0
Lee Dong-gyeong,South Korea,MF,18,4,,,4.41,0.63,10.1
Kenan Yıldız,Turkey,FW,28,5,11,47,3.97,0.63,5.1
Rodrigo Zalazar,Uruguay,MF,8,2,,,4.5,0.63,10.1
Riyad Mahrez,Algeria,FW,114,38,8,44,4.29,0.62,4.9
Ivan Perišić,Croatia,FW,153,38,10,43,4.36,0.62,5.0
Yan Diomande,Ivory Coast,FW,10,3,,,4.25,0.62,4.9
Deniz Gül,Turkey,FW,8,2,,,3.97,0.62,4.9
Igor Matanović,Croatia,FW,8,2,,,4.36,0.61,4.9
Bazoumana Touré,Ivory Coast,FW,6,2,,,4.25,0.61,4.8
Chadi Riad,Morocco,DF,5,1,,,5.22,0.61,19.5
Denzel Dumfries,Netherlands,DF,71,11,5,28,4.64,0.61,19.4
Saleh Al-Shehri,Saudi Arabia,FW,55,18,,,3.54,0.61,4.9
Scott McTominay,Scotland,MF,70,15,14,44,3.65,0.61,9.7
Nico Williams,Spain,FW,30,6,6,32,5.8,0.61,4.9
Nestory Irankunda,Australia,FW,15,5,4,37,4.35,0.6,4.8
Mojmír Chytil,Czech Republic,FW,22,6,14,36,3.76,0.6,4.8
Ismaël Koné,Canada,MF,40,4,6,36,5.16,0.59,9.4
Igor Sergeev,Uzbekistan,FW,82,24,3,6,3.71,0.59,4.7
Jérémy Doku,Belgium,FW,43,7,,,4.88,0.58,4.7
Edin Džeko,Bosnia and Herzegovina,FW,148,73,,,3.38,0.58,4.6
Bruno Guimarães,Brazil,MF,43,3,9,41,5.27,0.58,9.4
Nathan Saliba,Canada,MF,15,2,,,5.16,0.58,9.3
Nikola Vlašić,Croatia,MF,62,10,9,41,4.36,0.58,9.3
Felix Nmecha,Germany,MF,8,1,,,5.1,0.58,9.3
Cherif Ndiaye,Senegal,FW,18,4,,,4.37,0.58,4.6
Eom Ji-sung,South Korea,MF,9,2,,,4.41,0.58,9.3
Breel Embolo,Switzerland,FW,86,24,10,34,4.74,0.58,4.7
Saša Kalajdžić,Austria,FW,22,4,,,4.03,0.57,4.6
Dodi Lukébakio,Belgium,FW,30,6,2,25,4.88,0.57,4.6
Adrien Rabiot,France,MF,58,7,6,33,5.29,0.57,9.1
César Huerta,Mexico,FW,26,3,2,17,5.36,0.57,4.6
Bilal El Khannouss,Morocco,MF,36,3,9,44,5.22,0.57,9.2
Barış Alper Yılmaz,Turkey,FW,35,4,12,49,3.97,0.57,4.6
Charles De Ketelaere,Belgium,FW,30,6,5,42,4.88,0.56,4.5
Pavel Šulc,Czech Republic,FW,21,5,15,42,3.76,0.56,4.5
Trézéguet (Egyptian footballer),Egypt,FW,96,23,,,3.97,0.56,4.4
Franck Kessié,Ivory Coast,MF,103,15,12,42,4.25,0.56,8.9
Takefusa Kubo,Japan,MF,49,7,,,5.0,0.56,9.0
Ché Adams,Scotland,FW,47,13,8,36,3.65,0.56,4.4
Alessandro Schöpf,Austria,MF,35,6,3,19,4.03,0.55,8.8
Marcel Sabitzer,Austria,MF,98,26,1,34,4.03,0.55,8.8
Mario Pašalić,Croatia,MF,84,11,10,46,4.36,0.55,8.8
Santiago Giménez,Mexico,FW,47,6,1,18,5.36,0.55,4.4
Guus Til,Netherlands,MF,6,1,,,4.64,0.55,8.7
Ivan Toney,England,FW,8,1,,,5.53,0.54,4.3
Pedri,Spain,MF,40,5,2,43,5.8,0.54,8.6
Giovanni Reyna,United States,MF,38,9,1,19,4.68,0.54,8.7
Weston McKennie,United States,MF,66,12,9,48,4.68,0.54,8.6
Nicolas Raskin,Belgium,MF,13,2,,,4.88,0.53,8.5
Haris Tabaković,Bosnia and Herzegovina,FW,10,4,,,3.38,0.53,4.2
Théo Hernandez,France,DF,43,2,9,44,5.29,0.53,16.9
Habib Diarra,Senegal,MF,20,4,,,4.37,0.53,8.5
"Luiz Henrique (footballer, born 2001)",Brazil,FW,15,2,,,5.27,0.52,4.1
Juan Fernando Quintero,Colombia,MF,48,6,,,5.01,0.52,8.2
Omar Marmoush,Egypt,FW,49,11,8,36,3.97,0.52,4.1
Alireza Jahanbakhsh,Iran,MF,98,17,0,7,4.46,0.52,8.4
Luis Chávez (footballer),Mexico,MF,45,5,0,5,5.36,0.52,8.3
Virgil van Dijk,Netherlands,DF,91,12,8,55,4.64,0.52,16.7
Salem Al-Dawsari,Saudi Arabia,FW,109,27,10,35,3.54,0.52,4.1
John McGinn,Scotland,MF,86,20,10,44,3.65,0.52,8.3
Hwang Hee-chan,South Korea,MF,79,17,3,31,4.41,0.52,8.4
Lee Kang-in,South Korea,MF,47,11,4,39,4.41,0.52,8.3
"Mohamed Touré (soccer, born 2004)",Australia,FW,10,2,,,4.35,0.51,4.1
Gilson Benchimol,Cape Verde,FW,22,6,12,26,3.34,0.51,4.1
Yerry Mina,Colombia,DF,53,8,2,27,5.01,0.51,16.4
Louicius Deedson,Haiti,FW,32,10,7,29,3.39,0.51,4.1
Álex Baena,Spain,MF,16,2,2,46,5.8,0.51,8.2
Orkun Kökçü,Turkey,MF,50,4,10,41,3.97,0.51,8.1
Federico Viñas,Uruguay,FW,11,2,,,4.5,0.51,4.1
Juan Manuel Sanabria,Uruguay,MF,5,1,,,4.5,0.51,8.1
Jonathan Osorio,Canada,MF,90,10,,,5.16,0.5,8.0
Oumar Diakité,Ivory Coast,FW,29,6,0,0,4.25,0.5,4.0
Neil El Aynaoui,Morocco,MF,15,2,,,5.22,0.5,7.9
Matheus Nunes,Portugal,MF,19,2,,,5.34,0.5,8.0
Lamine Camara,Senegal,MF,32,7,4,32,4.37,0.5,8.1
Lyle Foster,South Africa,FW,26,10,,,3.51,0.5,4.0
Gleison Bremer,Brazil,DF,8,1,,,5.27,0.49,15.6
Niko Sigur,Canada,DF,19,2,,,5.16,0.49,15.6
Luka Vušković,Croatia,DF,5,1,,,4.36,0.49,15.7
Anthony Gordon (footballer),England,FW,18,2,,,5.53,0.49,3.9
Nicolas Pépé,Ivory Coast,FW,55,12,8,46,4.25,0.49,3.9
"Julio Enciso (footballer, born 2004)",Paraguay,FW,32,4,12,42,3.88,0.49,3.9
"Abdoulaye Seck (footballer, born 1992)",Senegal,DF,22,4,,,4.37,0.49,15.8
Federico Valverde,Uruguay,MF,73,9,9,49,4.5,0.49,7.9
Mathew Leckie,Australia,FW,80,14,,,4.35,0.48,3.9
Tahith Chong,Curaçao,MF,5,3,,,3.23,0.48,7.6
Gonzalo Plata,Ecuador,FW,49,8,,,4.59,0.48,3.9
Maghnes Akliouche,France,MF,8,1,,,5.29,0.48,7.7
Jamal Musiala,Germany,MF,42,9,5,24,5.1,0.48,7.7
Amad Diallo,Ivory Coast,FW,19,6,2,33,4.25,0.48,3.9
Elijah Just,New Zealand,MF,44,9,7,39,3.69,0.48,7.7
Elias Saad,Tunisia,FW,15,4,0,11,3.66,0.48,3.9
Brian Rodríguez,Uruguay,FW,32,4,3,7,4.5,0.48,3.8
Dailon Livramento,Cape Verde,FW,21,7,,,3.34,0.47,3.8
Jaminton Campaz,Colombia,FW,9,1,,,5.01,0.47,3.8
Cédric Bakambu,DR Congo,FW,69,21,4,27,3.59,0.47,3.8
Aleksandar Pavlović (footballer),Germany,MF,11,1,,,5.1,0.47,7.5
Nadiem Amiri,Germany,MF,11,1,,,5.1,0.47,7.5
Daichi Kamada,Japan,MF,49,12,1,46,5.0,0.47,7.5
Julián Quiñones,Mexico,FW,22,2,,,5.36,0.47,3.8
Mohammed Muntari,Qatar,FW,67,16,,,3.45,0.47,3.7
Sultan Mandash,Saudi Arabia,FW,6,2,,,3.54,0.47,3.7
Arda Güler,Turkey,FW,29,6,6,51,3.97,0.47,3.7
Abbosbek Fayzullaev,Uzbekistan,MF,31,8,0,1,3.71,0.47,7.6
Jordy Caicedo,Ecuador,FW,19,3,,,4.59,0.46,3.6
Noni Madueke,England,FW,10,1,,,5.53,0.46,3.7
Seko Fofana,Ivory Coast,MF,32,7,4,30,4.25,0.46,7.3
Kaku (footballer),Paraguay,FW,33,6,3,8,3.88,0.46,3.7
Gonçalo Inácio,Portugal,DF,21,2,,,5.34,0.46,14.8
Abdullah Al-Hamdan,Saudi Arabia,FW,49,12,,,3.54,0.46,3.7
Lee Jae-sung,South Korea,MF,105,15,6,39,4.41,0.46,7.4
Firas Chaouat,Tunisia,FW,30,6,,,3.66,0.46,3.7
Giovani Lo Celso,Argentina,MF,66,4,3,32,5.8,0.45,7.2
Ryan Mendes,Cape Verde,FW,97,22,37,5,3.34,0.45,3.6
Fiston Mayele,DR Congo,FW,37,6,11,36,3.59,0.45,3.6
Ali Al-Hamadi,Iraq,FW,19,5,,,3.4,0.45,3.6
Diego Gómez (Paraguayan footballer),Paraguay,MF,24,3,10,37,3.88,0.45,7.2
Bae Jun-ho,South Korea,MF,13,2,,,4.41,0.45,7.3
Can Uzun,Turkey,FW,6,1,,,3.97,0.45,3.6
Nicolás de la Cruz,Uruguay,MF,34,5,,,4.5,0.45,7.3
César Montes,Mexico,DF,67,4,4,29,5.36,0.44,14.2
Jaouen Hadjam,Algeria,DF,17,3,,,4.29,0.43,13.7
Alphonso Davies,Canada,DF,58,15,1,23,5.16,0.43,13.7
Mehdi Torabi,Iran,MF,52,7,2,18,4.46,0.43,6.9
Matías Galarza (Paraguayan footballer),Paraguay,MF,15,3,,,3.88,0.43,6.8
Diogo Dalot,Portugal,DF,34,3,,,5.34,0.43,13.6
Renato Veiga,Portugal,DF,12,1,,,5.34,0.43,13.9
"Rodri (footballer, born 1996)",Spain,MF,61,4,2,33,5.8,0.43,6.8
Brandon Mechele,Belgium,DF,9,1,,,4.88,0.42,13.5
Sidny Lopes Cabral,Cape Verde,DF,9,3,,,3.34,0.42,13.3
Ernest Nuamah,Ghana,FW,18,4,,,3.45,0.42,3.4
Jordan Ayew,Ghana,FW,120,34,6,45,3.45,0.42,3.3
Jesse Randall,New Zealand,FW,11,2,,,3.69,0.42,3.3
Firas Al-Buraikan,Saudi Arabia,FW,69,15,,,3.54,0.42,3.3
Oswin Appollis,South Africa,FW,25,8,,,3.51,0.42,3.4
"Kim Jin-gyu (footballer, born 1997)",South Korea,MF,22,3,,,4.41,0.42,6.7
Gustaf Lagerbielke (footballer),Sweden,DF,11,2,,,3.57,0.42,13.5
Jhon Arias (footballer),Colombia,MF,37,4,2,26,5.01,0.41,6.6
Toni Fruk,Croatia,MF,7,1,,,4.36,0.41,6.5
John Yeboah,Ecuador,FW,22,3,,,4.59,0.41,3.2
Achraf Hakimi,Morocco,DF,95,11,3,32,5.22,0.41,13.1
Teun Koopmeiners,Netherlands,MF,28,3,,,4.64,0.41,6.6
Pedro Neto,Portugal,FW,24,2,,,5.34,0.41,3.3
Bernardo Silva,Portugal,MF,108,14,3,53,5.34,0.41,6.6
Hazem Mastouri,Tunisia,FW,19,4,4,30,3.66,0.41,3.3
Maximiliano Araújo,Uruguay,MF,28,3,7,47,4.5,0.41,6.6
Oston Urunov,Uzbekistan,MF,41,10,3,21,3.71,0.41,6.6
Leandro Paredes,Argentina,MF,77,5,,,5.8,0.4,6.4
Tani Oluwaseyi,Canada,FW,24,2,,,5.16,0.4,3.2
Yukinari Sugawara,Japan,DF,21,2,,,5.0,0.4,12.8
Alejandro Zendejas,United States,FW,14,2,,,4.68,0.4,3.2
Jordan Bos,Australia,DF,27,4,4,35,4.35,0.39,12.4
Youri Tielemans,Belgium,MF,85,13,2,38,4.88,0.39,6.2
Gervane Kastaneer,Curaçao,FW,28,9,4,12,3.23,0.39,3.1
Declan Rice,England,MF,72,6,5,55,5.53,0.39,6.2
Warren Zaïre-Emery,France,MF,11,1,,,5.29,0.39,6.3
Kristian Thorstvedt,Norway,MF,36,4,4,33,4.44,0.39,6.3
Hassan Al-Haydos,Qatar,FW,186,41,1,10,3.45,0.39,3.1
Daniel Muñoz (footballer),Colombia,DF,45,3,5,46,5.01,0.38,12.2
Jorge Carrascal,Colombia,MF,23,2,,,5.01,0.38,6.2
Yoane Wissa,DR Congo,FW,37,9,3,28,3.59,0.38,3.0
Evann Guessand,Ivory Coast,FW,21,4,4,35,4.25,0.38,3.1
Simon Adingra,Ivory Coast,FW,29,5,4,32,4.25,0.38,3.1
Mohammad Abu Zrayq,Jordan,FW,40,5,,,3.38,0.38,3.0
Roberto Alvarado,Mexico,FW,67,5,,,5.36,0.38,3.1
Brian Brobbey,Netherlands,FW,11,1,,,4.64,0.38,3.0
Quinten Timber,Netherlands,MF,11,1,,,4.64,0.38,6.0
Iqraam Rayners,South Africa,FW,13,4,,,3.51,0.38,3.0
Ajdin Hrustic,Australia,FW,37,4,4,24,4.35,0.37,3.0
Morgan Rogers,England,MF,14,1,,,5.53,0.37,5.9
Hossein Kanaanizadegan,Iran,DF,65,6,3,19,4.46,0.37,11.7
Guéla Doué,Ivory Coast,DF,20,3,,,4.25,0.37,11.8
Oscar Bobb,Norway,MF,19,2,,,4.44,0.37,5.9
Marc Cucurella,Spain,DF,23,1,,,5.8,0.37,11.8
Ramy Bensebaini,Algeria,DF,81,7,7,32,4.29,0.36,11.7
David Alaba,Austria,DF,113,15,0,16,4.03,0.36,11.4
Kristijan Jakić,Croatia,DF,17,2,,,4.36,0.36,11.6
Juninho Bacuna,Curaçao,MF,48,14,,,3.23,0.36,5.8
Danley Jean Jacques,Haiti,MF,30,6,,,3.39,0.36,5.7
Kosta Barbarouses,New Zealand,FW,76,10,5,24,3.69,0.36,2.8
Pape Gueye,Senegal,MF,41,5,5,39,4.37,0.36,5.8
Brenden Aaronson,United States,FW,58,9,4,42,4.68,0.36,2.9
Achref Abada,Algeria,DF,7,1,,,4.29,0.35,11.2
Jackson Porozo,Ecuador,DF,9,1,,,4.59,0.35,11.1
Odeh Al-Fakhouri,Jordan,FW,9,1,,,3.38,0.35,2.8
Paik Seung-ho,South Korea,MF,27,3,,,4.41,0.35,5.7
Yasin Ayari,Sweden,MF,21,3,4,32,3.57,0.35,5.5
Alex Freeman,United States,DF,17,2,,,4.68,0.35,11.2
Jackson Irvine,Australia,MF,82,14,0,26,4.35,0.34,5.4
Théo Bongonda,DR Congo,MF,37,7,0,6,3.59,0.34,5.4
Ruben Providence,Haiti,FW,15,3,,,3.39,0.34,2.7
Shahriyar Moghanlou,Iran,FW,21,2,,,4.46,0.34,2.7
Matthew Garbett,New Zealand,MF,37,5,2,16,3.69,0.34,5.4
Andreas Schjelderup,Norway,MF,11,1,,,4.44,0.34,5.4
Lyndon Dykes,Scotland,FW,51,10,5,43,3.65,0.34,2.7
Silvan Widmer,Switzerland,DF,60,5,3,40,4.74,0.34,10.8
Alexis Saelemaekers,Belgium,MF,24,2,,,4.88,0.33,5.3
Tomáš Souček,Czech Republic,MF,90,17,6,39,3.76,0.33,5.3
Vladimír Darida,Czech Republic,MF,79,8,9,28,3.76,0.33,5.2
Alan Minda,Ecuador,MF,19,2,,,4.59,0.33,5.3
Pascal Groß,Germany,MF,18,1,,,5.1,0.33,5.2
Ramin Rezaeian,Iran,DF,74,8,2,18,4.46,0.33,10.6
Israel Reyes,Mexico,DF,34,2,,,5.36,0.33,10.5
Luis Romo,Mexico,MF,63,4,,,5.36,0.33,5.3
Boualem Khoukhi,Qatar,DF,116,20,,,3.45,0.33,10.5
Musab Al-Juwayr,Saudi Arabia,MF,34,6,,,3.54,0.33,5.4
İrfan Can Kahveci,Turkey,FW,47,6,0,12,3.97,0.33,2.7
Ibrahim Maza,Algeria,MF,16,2,,,4.29,0.32,5.2
Gaël Kakuta,DR Congo,FW,30,5,,,3.59,0.32,2.6
"Félix Torres (footballer, born 1997)",Ecuador,DF,48,5,,,4.59,0.32,10.3
Jordy Alcívar,Ecuador,MF,10,1,,,4.59,0.32,5.2
Thomas Partey,Ghana,MF,57,15,0,32,3.45,0.32,5.2
Duke Lacroix,Haiti,DF,16,3,,,3.39,0.32,10.4
Saed Al-Rosan,Jordan,DF,20,2,,,3.38,0.32,10.1
Callum McCowatt,New Zealand,MF,32,4,,,3.69,0.32,5.1
Borja Iglesias,Spain,FW,7,0,,,5.8,0.32,2.6
Granit Xhaka,Switzerland,MF,146,17,1,36,4.74,0.32,5.2
Remo Freuler,Switzerland,MF,88,11,1,40,4.74,0.32,5.1
Elias Achouri,Tunisia,FW,30,4,5,37,3.66,0.32,2.6
Jaloliddin Masharipov,Uzbekistan,MF,74,12,0,2,3.71,0.32,5.1
Romano Schmid,Austria,MF,34,3,,,4.03,0.31,5.0
Thomas Meunier,Belgium,DF,80,10,1,35,4.88,0.31,9.9
Petar Musa,Croatia,FW,11,1,,,4.36,0.31,2.5
Derrick Etienne Jr.,Haiti,FW,48,8,,,3.39,0.31,2.5
Ibrahim Sangaré (Ivorian footballer),Ivory Coast,MF,58,12,2,43,4.25,0.31,4.9
Mahmoud Al-Mardi,Jordan,FW,88,9,,,3.38,0.31,2.5
Tyler Bindon,New Zealand,DF,25,3,,,3.69,0.31,9.9
Ryan Thomas (footballer),New Zealand,MF,25,3,,,3.69,0.31,4.9
Miguel Almirón,Paraguay,MF,76,10,,,3.88,0.31,5.0
Evidence Makgopa,South Africa,FW,26,6,,,3.51,0.31,2.5
Anthony Elanga,Sweden,FW,30,6,3,49,3.57,0.31,2.5
Ali Abdi (footballer),Tunisia,DF,46,7,3,32,3.66,0.31,9.9
Anis Ben Slimane,Tunisia,MF,41,4,5,26,3.66,0.31,5.0
Timothy Weah,United States,FW,51,7,3,41,4.68,0.31,2.5
Konrad Laimer,Austria,MF,57,7,3,47,4.03,0.3,4.9
Richard Ríos,Colombia,MF,31,2,,,5.01,0.3,4.8
Leandro Bacuna,Curaçao,MF,71,16,9,38,3.23,0.3,4.8
Joshua Kimmich,Germany,DF,110,10,2,49,5.1,0.3,9.6
Mats Wieffer,Netherlands,DF,15,1,,,4.64,0.3,9.6
Carlos Harvey,Panama,DF,28,3,,,3.6,0.3,9.5
Iliman Ndiaye,Senegal,FW,39,4,,,4.37,0.3,2.4
Pape Matar Sarr,Senegal,MF,39,4,,,4.37,0.3,4.8
Malik Tillman,United States,MF,30,3,,,4.68,0.3,4.9
Azizbek Amonov,Uzbekistan,FW,12,2,,,3.71,0.3,2.4
Lisandro Martínez,Argentina,DF,27,1,,,5.8,0.29,9.4
Nicolás Otamendi,Argentina,DF,131,8,3,49,5.8,0.29,9.4
Gerónimo Rulli,Argentina,GK,7,0,,,5.8,0.29,9.4
Gabriel Magalhães,Brazil,DF,17,1,,,5.27,0.29,9.2
Martin Erlić,Croatia,DF,12,1,,,4.36,0.29,9.2
Ibrahim Adel,Egypt,FW,24,3,,,3.97,0.29,2.4
Ezri Konsa,England,DF,19,1,,,5.53,0.29,9.3
Mohammad Al-Dawoud,Jordan,MF,12,1,,,3.38,0.29,4.6
Themba Zwane,South Africa,MF,53,12,,,3.51,0.29,4.6
Ismaël Gharbi,Tunisia,MF,17,2,,,3.66,0.29,4.6
Dostonbek Khamdamov,Uzbekistan,MF,33,5,,,3.71,0.29,4.7
Zineddine Belaïd,Algeria,DF,10,1,,,4.29,0.28,8.9
Farès Chaïbi,Algeria,MF,29,3,,,4.29,0.28,4.4
Stefan Posch,Austria,DF,52,5,2,34,4.03,0.28,8.8
Xaver Schlager,Austria,MF,51,4,,,4.03,0.28,4.4
Jearl Margaritha,Curaçao,FW,21,5,,,3.23,0.28,2.3
Malick Thiaw,Germany,DF,5,0,,,5.1,0.28,9.0
Nathaniel Brown (footballer),Germany,DF,5,0,,,5.1,0.28,9.0
Aria Yousefi,Iran,DF,14,1,,,4.46,0.28,9.0
Ali Alipour,Iran,FW,14,1,,,4.46,0.28,2.3
Ali Yousif,Iraq,FW,6,1,,,3.4,0.28,2.3
Edson Álvarez,Mexico,DF,98,7,0,18,5.36,0.28,9.1
Finn Surman,New Zealand,DF,19,2,,,3.69,0.28,8.9
Sarpreet Singh,New Zealand,MF,28,3,,,3.69,0.28,4.5
Samú Costa,Portugal,DF,5,0,,,5.34,0.28,8.9
José Sá,Portugal,GK,5,0,,,5.34,0.28,8.9
Ryan Christie,Scotland,MF,68,10,2,27,3.65,0.28,4.4
Bamba Dieng,Senegal,FW,22,2,,,4.37,0.28,2.2
Thalente Mbatha,South Africa,MF,14,3,,,3.51,0.28,4.5
Facundo Medina,Argentina,DF,8,0,,,5.8,0.27,8.7
Stephen Eustáquio,Canada,MF,56,4,0,16,5.16,0.27,4.4
Joško Gvardiol,Croatia,DF,47,4,,,4.36,0.27,8.7
Nilson Angulo,Ecuador,FW,13,1,,,4.59,0.27,2.2
Ramy Rabia,Egypt,DF,44,5,,,3.97,0.27,8.7
Rouzbeh Cheshmi,Iran,MF,40,3,,,4.46,0.27,4.3
Emmanuel Agbadou,Ivory Coast,DF,20,2,,,4.25,0.27,8.5
Nizar Al-Rashdan,Jordan,MF,46,4,,,3.38,0.27,4.4
"Jorge Sánchez (footballer, born 1997)",Mexico,DF,59,3,1,21,5.36,0.27,8.5
Obed Vargas,Mexico,MF,6,0,,,5.36,0.27,4.3
Jens Petter Hauge,Norway,MF,15,1,,,4.44,0.27,4.3
Michael Amir Murillo,Panama,DF,94,9,4,40,3.6,0.27,8.6
"José Luis Rodríguez (footballer, born 1998)",Panama,MF,70,8,1,20,3.6,0.27,4.3
Ahmed Alaaeldin,Qatar,FW,68,9,,,3.45,0.27,2.1
Alessandro Circati,Australia,DF,13,1,,,4.35,0.26,8.4
Philipp Lienhart,Austria,DF,41,3,,,4.03,0.26,8.4
Marquinhos,Brazil,DF,105,7,2,32,5.27,0.26,8.4
Kelvin Pires,Cape Verde,DF,5,1,,,3.34,0.26,8.3
Marco Pašalić,Croatia,FW,14,1,,,4.36,0.26,2.1
Ar'jany Martha,Curaçao,MF,8,2,,,3.23,0.26,4.2
Meschak Elia,DR Congo,FW,68,12,0,20,3.59,0.26,2.1
Simon Banza,DR Congo,FW,15,2,,,3.59,0.26,2.1
Kendry Páez,Ecuador,MF,25,2,,,4.59,0.26,4.2
Brandon Thomas-Asante,Ghana,FW,8,1,,,3.45,0.26,2.1
Antonio Sanabria,Paraguay,FW,48,7,1,25,3.88,0.26,2.1
"Park Jin-seob (footballer, born 1995)",South Korea,DF,14,1,,,4.41,0.26,8.5
Merih Demiral,Turkey,DF,62,6,2,32,3.97,0.26,8.3
Chris Richards (soccer),United States,DF,36,3,,,4.68,0.26,8.3
Sebastian Berhalter,United States,MF,13,1,,,4.68,0.26,4.2
Rafik Belghali,Algeria,DF,12,1,,,4.29,0.25,7.9
Ali Ahmed (soccer),Canada,FW,24,1,,,5.16,0.25,2.0
Reece James,England,DF,23,1,,,5.53,0.25,8.0
Carlos Acevedo,Mexico,GK,7,0,,,5.36,0.25,7.9
Jiovany Ramos,Panama,DF,23,2,,,3.6,0.25,8.1
César Yanis,Panama,MF,56,5,,,3.6,0.25,4.0
"Teboho Mokoena (soccer, born 1997)",South Africa,MF,51,9,,,3.51,0.25,4.0
Lee Tae-seok,South Korea,DF,15,1,,,4.41,0.25,8.1
Abdülkerim Bardakcı,Turkey,DF,27,2,,,3.97,0.25,8.0
Agustín Canobbio,Uruguay,MF,15,1,,,4.5,0.25,4.0
"Ladislav Krejčí (footballer, born 1999)",Czech Republic,DF,27,5,2,34,3.76,0.24,7.8
"Johan Vásquez (footballer, born 1998)",Mexico,DF,46,3,1,39,5.36,0.24,7.7
Abde Ezzalzouli,Morocco,FW,36,2,,,5.22,0.24,1.9
Micky van de Ven,Netherlands,DF,20,1,,,4.64,0.24,7.7
Yoel Bárcenas,Panama,MF,104,10,0,8,3.6,0.24,3.8
George Hirst (footballer),Scotland,FW,10,1,,,3.65,0.24,1.9
Pau Cubarsí,Spain,DF,11,0,,,5.8,0.24,7.7
Michel Aebischer,Switzerland,MF,40,2,,,4.74,0.24,3.9
Miles Robinson (soccer),United States,DF,40,3,,,4.68,0.24,7.5
Sergiño Dest,United States,DF,39,3,,,4.68,0.24,7.7
Matheus Cunha,Brazil,FW,23,1,,,5.27,0.23,1.8
Garry Rodrigues,Cape Verde,MF,59,9,,,3.34,0.23,3.7
Petar Sučić,Croatia,MF,16,1,,,4.36,0.23,3.7
David Douděra,Czech Republic,DF,17,2,,,3.76,0.23,7.3
Adam Hložek,Czech Republic,FW,43,5,,,3.76,0.23,1.8
Lukáš Červ,Czech Republic,MF,17,2,,,3.76,0.23,3.7
Nathanaël Mbuku,DR Congo,MF,18,2,,,3.59,0.23,3.7
Pedro Vite,Ecuador,MF,16,1,,,4.59,0.23,3.7
Abdul Fatawu,Ghana,FW,28,3,,,3.45,0.23,1.8
Saleh Hardani,Iran,DF,18,1,,,4.46,0.23,7.5
Kō Itakura,Japan,DF,40,2,,,5.0,0.23,7.4
"Gilberto Mora (footballer, born 2008)",Mexico,MF,8,0,,,5.36,0.23,3.6
Chemsdine Talbi,Morocco,MF,5,0,,,5.22,0.23,3.7
Gessime Yassine,Morocco,MF,5,0,,,5.22,0.23,3.7
Ben Old,New Zealand,MF,24,2,,,3.69,0.23,3.7
Hwang In-beom,South Korea,MF,73,6,1,24,4.41,0.23,3.6
David Raya,Spain,GK,12,0,,,5.8,0.23,7.3
Sebastian Tounekti,Tunisia,MF,12,1,,,3.66,0.23,3.7
Ferdi Kadıoğlu,Turkey,DF,30,2,,,3.97,0.23,7.3
Ozan Kabak,Turkey,DF,30,2,,,3.97,0.23,7.3
Antonee Robinson,United States,DF,54,5,1,26,4.68,0.23,7.3
Anis Hadj Moussa,Algeria,FW,14,1,,,4.29,0.22,1.8
Joaquin Seys,Belgium,DF,5,0,,,4.88,0.22,7.1
Luka Modrić,Croatia,MF,197,28,2,37,4.36,0.22,3.5
"Kevin Rodríguez (footballer, born 2000)",Ecuador,FW,31,2,,,4.59,0.22,1.8
Dan Burn,England,DF,7,0,,,5.53,0.22,7.0
Angelo Stiller,Germany,MF,8,0,,,5.1,0.22,3.5
"Hiroki Itō (footballer, born 1999)",Japan,DF,24,1,,,5.0,0.22,7.0
Junnosuke Suzuki,Japan,DF,6,0,,,5.0,0.22,7.0
Yuito Suzuki,Japan,MF,6,0,,,5.0,0.22,3.5
Fredrik André Bjørkan,Norway,DF,20,1,,,4.44,0.22,6.9
César Blackman,Panama,DF,40,3,,,3.6,0.22,6.9
Eric Davis (Panamanian footballer),Panama,DF,107,9,,,3.6,0.22,7.1
Mohamed Kanno,Saudi Arabia,MF,76,8,5,44,3.54,0.22,3.5
Álex Grimaldo,Spain,DF,13,0,,,5.8,0.22,6.9
Mert Müldür,Turkey,DF,45,3,,,3.97,0.22,7.1
José María Giménez,Uruguay,DF,99,8,1,25,4.5,0.22,7.0
Jamshid Iskanderov,Uzbekistan,MF,37,4,,,3.71,0.22,3.5
Otabek Shukurov,Uzbekistan,MF,83,9,,,3.71,0.22,3.5
Nabil Bentaleb,Algeria,MF,59,6,2,37,4.29,0.21,3.4
Axel Witsel,Belgium,MF,138,12,1,32,4.88,0.21,3.3
Martin Baturina,Croatia,MF,18,1,,,4.36,0.21,3.4
Kenji Gorré,Curaçao,FW,37,6,,,3.23,0.21,1.7
Sontje Hansen,Curaçao,FW,5,1,,,3.23,0.21,1.7
Pervis Estupiñán,Ecuador,DF,53,4,1,22,4.59,0.21,6.8
Mohamed Abdelmonem,Egypt,DF,36,3,,,3.97,0.21,6.7
Marc Guéhi,England,DF,28,1,,,5.53,0.21,6.8
Dayot Upamecano,France,DF,37,2,2,42,5.29,0.21,6.8
Aurélien Tchouaméni,France,MF,45,3,2,49,5.29,0.21,3.4
Jerome Opoku,Ghana,DF,11,1,,,3.45,0.21,6.7
Caleb Yirenkyi,Ghana,MF,11,1,,,3.45,0.21,3.4
Ibrahim Bayesh,Iraq,MF,75,8,,,3.4,0.21,3.3
Ousmane Diomande,Ivory Coast,DF,15,1,,,4.25,0.21,6.6
Amer Jamous,Jordan,MF,18,1,,,3.38,0.21,3.4
Marko Stamenić,New Zealand,MF,39,3,,,3.69,0.21,3.4
David Møller Wolfe,Norway,DF,21,1,,,4.44,0.21,6.7
Fredrik Aursnes,Norway,MF,21,1,,,4.44,0.21,3.3
Gabriel Ávalos,Paraguay,FW,23,2,,,3.88,0.21,1.7
Rúben Dias,Portugal,DF,75,3,,,5.34,0.21,6.6
Hassan Kadesh,Saudi Arabia,DF,20,2,,,3.54,0.21,6.6
Aymeric Laporte,Spain,DF,45,2,0,30,5.8,0.21,6.8
Ken Sema,Sweden,MF,33,5,0,36,3.57,0.21,3.4
Aurèle Amenda,Switzerland,DF,7,0,,,4.74,0.21,6.7
Nico Elvedi,Switzerland,DF,67,3,,,4.74,0.21,6.7
Denis Zakaria,Switzerland,MF,65,3,,,4.74,0.21,3.4
Samet Akaydin,Turkey,DF,19,1,,,3.97,0.21,6.6
Mathías Olivera,Uruguay,DF,35,2,,,4.5,0.21,6.6
Mohamed Amine Tougai,Algeria,DF,29,2,,,4.29,0.2,6.4
Nikola Katić,Bosnia and Herzegovina,DF,17,2,,,3.38,0.2,6.5
Alex Sandro,Brazil,DF,45,2,,,5.27,0.2,6.3
"Douglas Santos (footballer, born 1994)",Brazil,DF,7,0,,,5.27,0.2,6.3
Roger Ibañez,Brazil,DF,7,0,,,5.27,0.2,6.3
Davinson Sánchez,Colombia,DF,78,4,2,45,5.01,0.2,6.5
Luka Sučić,Croatia,MF,20,1,,,4.36,0.2,3.1
Piero Hincapié,Ecuador,DF,51,3,,,4.59,0.2,6.3
Willian Pacho,Ecuador,DF,34,2,,,4.59,0.2,6.5
Zizo (footballer),Egypt,FW,63,5,,,3.97,0.2,1.6
Elliot Anderson (footballer),England,MF,8,0,,,5.53,0.2,3.2
Maximilian Beier,Germany,FW,9,0,,,5.1,0.2,1.6
Wataru Endo,Japan,MF,73,4,0,12,5.0,0.2,3.2
Mateo Chávez,Mexico,DF,10,0,,,5.36,0.2,6.3
Noussair Mazraoui,Morocco,DF,44,2,,,5.22,0.2,6.5
Nathan Aké,Netherlands,DF,59,5,0,32,4.64,0.2,6.4
Gustavo Velázquez,Paraguay,DF,13,1,,,3.88,0.2,6.4
John Souttar,Scotland,DF,24,2,,,3.65,0.2,6.5
Ime Okon,South Africa,DF,7,1,,,3.51,0.2,6.3
Manuel Akanji,Switzerland,DF,81,4,2,45,4.74,0.2,6.5
Cristian Romero,Argentina,DF,50,3,,,5.8,0.19,6.2
Zeno Debast,Belgium,DF,26,1,,,4.88,0.19,6.1
Tyrese Noslin,Curaçao,FW,6,1,,,3.23,0.19,1.5
Arthur Masuaku,DR Congo,DF,45,4,,,3.59,0.19,6.0
Mahmoud Saber,Egypt,MF,15,1,,,3.97,0.19,3.0
Antonio Rüdiger,Germany,DF,82,3,1,26,5.1,0.19,6.1
Antoine Semenyo,Ghana,MF,34,3,,,3.45,0.19,3.1
Ryan Gravenberch,Netherlands,MF,26,1,,,4.64,0.19,3.1
Álex Arce,Paraguay,FW,15,1,,,3.88,0.19,1.5
"Jack Hendry (footballer, born 1995)",Scotland,DF,38,3,,,3.65,0.19,6.1
Ben Gannon-Doak,Scotland,FW,14,1,,,3.65,0.19,1.5
El Hadji Malick Diouf,Senegal,DF,19,1,,,4.37,0.19,6.2
Ardon Jashari,Switzerland,MF,8,0,,,4.74,0.19,3.1
Kaan Ayhan,Turkey,MF,73,5,0,12,3.97,0.19,3.0
Maximilian Arfsten,United States,DF,20,1,,,4.68,0.19,6.0
Facundo Pellistri,Uruguay,FW,39,2,,,4.5,0.19,1.5
Gonzalo Montiel,Argentina,DF,38,2,,,5.8,0.18,5.7
Jacob Italiano,Australia,DF,5,0,,,4.35,0.18,5.7
Cammy Devlin,Australia,MF,5,0,,,4.35,0.18,2.8
Ermedin Demirović,Bosnia and Herzegovina,FW,40,4,,,3.38,0.18,1.4
Kerim Alajbegović,Bosnia and Herzegovina,FW,10,1,,,3.38,0.18,1.5
Wesley França,Brazil,DF,8,0,,,5.27,0.18,5.9
Juan Portilla,Colombia,MF,9,0,,,5.01,0.18,2.8
Axel Tuanzebe,DR Congo,DF,13,1,,,3.59,0.18,5.8
Yaimar Medina,Ecuador,DF,5,0,,,4.59,0.18,5.8
Denil Castillo,Ecuador,MF,5,0,,,4.59,0.18,2.9
David Raum,Germany,DF,37,1,,,5.1,0.18,5.7
Iñaki Williams,Ghana,FW,26,2,,,3.45,0.18,1.4
Ibrahim Sadeh,Jordan,MF,56,3,,,3.38,0.18,2.9
Egil Selvik,Norway,GK,6,0,,,4.44,0.18,5.9
Ahmed Al-Ganehi,Qatar,MF,13,1,,,3.45,0.18,2.9
Pedro Porro,Spain,DF,17,0,,,5.8,0.18,5.6
Noah Okafor,Switzerland,FW,25,2,,,4.74,0.18,1.4
Ramiz Zerrouki,Algeria,MF,52,3,,,4.29,0.17,2.6
Rodrigo De Paul,Argentina,MF,86,2,,,5.8,0.17,2.7
Koni De Winter,Belgium,DF,8,0,,,4.88,0.17,5.4
Amadou Onana,Belgium,MF,29,1,,,4.88,0.17,2.8
Yannick Semedo,Cape Verde,MF,10,1,,,3.34,0.17,2.8
Dylan Batubinsika,DR Congo,DF,14,1,,,3.59,0.17,5.5
Moisés Caicedo,Ecuador,MF,60,3,,,4.59,0.17,2.7
Yasser Ibrahim,Egypt,DF,17,1,,,3.97,0.17,5.5
Saman Ghoddos,Iran,MF,68,3,,,4.46,0.17,2.6
Akam Hashim,Iraq,DF,13,1,,,3.4,0.17,5.5
Zidane Iqbal,Iraq,MF,24,2,,,3.4,0.17,2.8
Jorrel Hato,Netherlands,DF,8,0,,,4.64,0.17,5.5
Tim Payne (footballer),New Zealand,DF,51,3,,,3.69,0.17,5.3
Yusuf Abdurisag,Qatar,FW,39,3,,,3.45,0.17,1.3
Abdulaziz Hatem,Qatar,MF,117,11,,,3.45,0.17,2.8
Assane Diao,Senegal,FW,5,0,,,4.37,0.17,1.4
Mory Diaw,Senegal,GK,5,0,,,4.37,0.17,5.6
Idrissa Gueye,Senegal,MF,130,7,2,25,4.37,0.17,2.6
Thapelo Maseko,South Africa,FW,9,1,,,3.51,0.17,1.3
Tshepang Moremi,South Africa,FW,9,1,,,3.51,0.17,1.3
Kim Min-jae (footballer),South Korea,DF,79,4,,,4.41,0.17,5.5
Miro Muheim,Switzerland,DF,10,0,,,4.74,0.17,5.3
Zeki Çelik,Turkey,DF,61,3,,,3.97,0.17,5.4
Yacine Titraoui,Algeria,MF,5,0,,,4.29,0.16,2.5
Kai Trewin,Australia,DF,6,0,,,4.35,0.16,5.2
Paul Okon-Engstler,Australia,MF,6,0,,,4.35,0.16,2.6
Arthur Theate,Belgium,DF,33,1,,,4.88,0.16,5.0
Nihad Mujakić,Bosnia and Herzegovina,DF,12,1,,,3.38,0.16,5.2
Liam Millar,Canada,MF,41,1,,,5.16,0.16,2.5
Kevin Pina (footballer),Cape Verde,MF,31,3,,,3.34,0.16,2.6
Jhon Lucumí,Colombia,DF,36,1,,,5.01,0.16,5.2
Álvaro Montero (Colombian footballer),Colombia,GK,11,0,,,5.01,0.16,5.0
Robin Hranáč,Czech Republic,DF,14,1,,,3.76,0.16,5.2
Lukáš Provod,Czech Republic,MF,38,3,,,3.76,0.16,2.6
Jordan Henderson,England,MF,90,3,,,5.53,0.16,2.5
Malo Gusto,France,DF,10,0,,,5.29,0.16,5.0
Waldemar Anton,Germany,DF,13,0,,,5.1,0.16,5.0
Youssef Amyn,Iraq,MF,26,2,,,3.4,0.16,2.6
Abdallah Nasib,Jordan,DF,64,3,,,3.38,0.16,5.1
Raúl Rangel (footballer),Mexico,GK,14,0,,,5.36,0.16,5.0
Anass Salah-Eddine,Morocco,DF,9,0,,,5.22,0.16,5.2
Francis de Vries,New Zealand,DF,20,1,,,3.69,0.16,5.3
Kristoffer Ajer,Norway,DF,51,2,,,4.44,0.16,5.0
Martin Ødegaard,Norway,MF,67,4,1,36,4.44,0.16,2.6
César Samudio,Panama,GK,5,0,,,3.6,0.16,5.2
Damián Bobadilla,Paraguay,MF,19,1,,,3.88,0.16,2.5
Antoine Mendy (footballer),Senegal,DF,6,0,,,4.37,0.16,5.1
Mbekezeli Mbokazi,South Africa,DF,10,1,,,3.51,0.16,5.0
Jens Castrop,South Korea,DF,7,0,,,4.41,0.16,5.0
Kim Tae-hyeon,South Korea,DF,7,0,,,4.41,0.16,5.0
Ricardo Rodriguez (footballer),Switzerland,DF,138,9,0,35,4.74,0.16,5.1
Ronald Araújo,Uruguay,DF,27,1,,,4.5,0.16,5.1
Patrick Wimmer,Austria,FW,30,1,,,4.03,0.15,1.2
Samed Baždar,Bosnia and Herzegovina,FW,13,1,,,3.38,0.15,1.2
Amar Memić,Bosnia and Herzegovina,MF,13,1,,,3.38,0.15,2.4
Derek Cornelius,Canada,DF,44,1,,,5.16,0.15,4.7
Luc de Fougerolles,Canada,DF,13,0,,,5.16,0.15,4.8
Jamiro Monteiro,Cape Verde,MF,54,5,,,3.34,0.15,2.5
Jefferson Lerma,Colombia,MF,64,5,0,48,5.01,0.15,2.4
Jeremy Antonisse,Curaçao,FW,26,3,,,3.23,0.15,1.2
Aaron Tshibola,DR Congo,MF,16,1,,,3.59,0.15,2.5
Moisés Ramírez,Ecuador,GK,7,0,,,4.59,0.15,4.9
Kobbie Mainoo,England,MF,13,0,,,5.53,0.15,2.3
Ehsan Hajsafi,Iran,DF,146,7,,,4.46,0.15,4.9
Parfait Guiagon,Ivory Coast,MF,5,0,,,4.25,0.15,2.5
Shōgo Taniguchi,Japan,DF,38,1,,,5.0,0.15,4.8
Tsuyoshi Watanabe,Japan,DF,11,0,,,5.0,0.15,4.8
Keisuke Ōsako,Japan,GK,11,0,,,5.0,0.15,4.8
Mohannad Abu Taha,Jordan,MF,28,1,,,3.38,0.15,2.4
Noor Al-Rawabdeh,Jordan,MF,67,3,,,3.38,0.15,2.4
Omar Alderete,Paraguay,DF,36,3,1,34,3.88,0.15,4.8
"Nuno Mendes (footballer, born 2002)",Portugal,DF,43,1,,,5.34,0.15,4.9
Lee Han-beom,South Korea,DF,8,0,,,4.41,0.15,4.6
"Eric García (footballer, born 2001)",Spain,DF,20,0,,,5.8,0.15,5.0
Mattias Svanberg,Sweden,MF,41,2,,,3.57,0.15,2.4
Moutaz Neffati,Tunisia,DF,5,0,,,3.66,0.15,4.7
Santiago Bueno,Uruguay,DF,8,0,,,4.5,0.15,4.7
Santiago Mele,Uruguay,GK,8,0,,,4.5,0.15,4.7
Sherzod Nasrullaev,Uzbekistan,DF,30,2,,,3.71,0.15,4.7
Timothy Castagne,Belgium,DF,63,2,,,4.88,0.14,4.5
Tarik Muharemović,Bosnia and Herzegovina,DF,14,1,,,3.38,0.14,4.6
Benjamin Tahirović,Bosnia and Herzegovina,MF,28,2,,,3.38,0.14,2.2
Jovane Cabral,Cape Verde,MF,26,2,,,3.34,0.14,2.2
Laros Duarte,Cape Verde,MF,13,1,,,3.34,0.14,2.3
Johan Mojica,Colombia,DF,44,1,,,5.01,0.14,4.3
Jonathan Tah,Germany,DF,47,1,,,5.1,0.14,4.6
Oliver Baumann,Germany,GK,13,0,,,5.1,0.14,4.5
Jean-Kévin Duverne,Haiti,DF,17,1,,,3.39,0.14,4.4
Jean Michaël Seri,Ivory Coast,MF,65,4,0,12,4.25,0.14,2.3
Jesús Gallardo,Mexico,DF,121,3,,,5.36,0.14,4.5
Jan Paul van Hecke,Netherlands,DF,11,0,,,4.64,0.14,4.5
Mark Flekken,Netherlands,GK,11,0,,,4.64,0.14,4.5
Frenkie de Jong,Netherlands,MF,65,2,,,4.64,0.14,2.2
Michael Woud,New Zealand,GK,6,0,,,3.69,0.14,4.5
Isidro Pitta,Paraguay,FW,5,0,,,3.88,0.14,1.1
Mamadou Sarr,Senegal,DF,7,0,,,4.37,0.14,4.6
Marcos Llorente,Spain,DF,23,0,,,5.8,0.14,4.4
Yvon Mvogo,Switzerland,GK,13,0,,,4.74,0.14,4.4
Salih Özcan,Turkey,MF,30,1,,,3.97,0.14,2.3
Auston Trusty,United States,DF,8,0,,,4.68,0.14,4.4
Luca Zidane,Algeria,GK,7,0,,,4.29,0.13,4.2
Marco Friedl,Austria,DF,11,0,,,4.03,0.13,4.0
Esmir Bajraktarević,Bosnia and Herzegovina,FW,16,1,,,3.38,0.13,1.0
Telmo Arcanjo,Cape Verde,MF,15,1,,,3.34,0.13,2.1
Mateo Kovačić,Croatia,MF,112,5,0,9,4.36,0.13,2.1
David Jurásek,Czech Republic,DF,18,1,,,3.76,0.13,4.3
Hamdy Fathy,Egypt,MF,63,3,,,3.97,0.13,2.0
Djed Spence,England,DF,5,0,,,5.53,0.13,4.2
Manu Koné,France,MF,13,0,,,5.29,0.13,2.1
N'Golo Kanté,France,MF,68,2,,,5.29,0.13,2.1
Abdul Mumin,Ghana,DF,5,0,,,3.45,0.13,4.0
Prince Kwabena Adu,Ghana,FW,5,0,,,3.45,0.13,1.0
Amir Al-Ammari,Iraq,MF,50,3,,,3.4,0.13,2.0
Ayumu Seko,Japan,DF,14,0,,,5.0,0.13,4.0
Takehiro Tomiyasu,Japan,DF,43,1,,,5.0,0.13,4.3
Kaishū Sano,Japan,MF,13,0,,,5.0,0.13,2.1
Yazan Al-Arab,Jordan,DF,79,3,,,3.38,0.13,4.2
Justin Kluivert,Netherlands,MF,12,0,,,4.64,0.13,2.1
Leo Østigård,Norway,DF,37,1,,,4.44,0.13,4.1
Roderick Miller (footballer),Panama,DF,50,2,,,3.6,0.13,4.1
Orlando Gill,Paraguay,GK,6,0,,,3.88,0.13,4.1
Kenny McLean,Scotland,MF,58,3,,,3.65,0.13,2.1
Lewis Ferguson,Scotland,MF,24,1,,,3.65,0.13,2.0
Yang Hyun-jun,South Korea,MF,9,0,,,4.41,0.13,2.2
Omar Rekik,Tunisia,DF,6,0,,,3.66,0.13,4.2
İsmail Yüksek,Turkey,MF,32,1,,,3.97,0.13,2.1
Tyler Adams,United States,MF,54,2,,,4.68,0.13,2.1
"Emiliano Martínez (footballer, born 1999)",Uruguay,MF,10,0,,,4.5,0.13,2.0
Aïssa Mandi,Algeria,DF,117,7,1,40,4.29,0.12,3.7
Nicolás Tagliafico,Argentina,DF,76,1,,,5.8,0.12,3.7
Connor Metcalfe,Australia,MF,36,1,,,4.35,0.12,1.8
"Weverton (footballer, born 1987)",Brazil,GK,11,0,,,5.27,0.12,3.8
Joel Waterman,Canada,DF,17,0,,,5.16,0.12,3.9
"Diney (footballer, born 1995)",Cape Verde,DF,30,2,,,3.34,0.12,3.8
Deiver Machado,Colombia,DF,15,0,,,5.01,0.12,4.0
Nikola Moro,Croatia,MF,10,0,,,4.36,0.12,2.0
Jürgen Locadia,Curaçao,FW,13,1,,,3.23,0.12,0.9
Štěpán Chaloupek,Czech Republic,DF,5,0,,,3.76,0.12,3.7
Tino Livramento,England,DF,6,0,,,5.53,0.12,3.8
Alidu Seidu,Ghana,DF,24,1,,,3.45,0.12,3.7
Shojae Khalilzadeh,Iran,DF,58,2,,,4.46,0.12,3.8
Ali Jasim,Iraq,FW,36,2,,,3.4,0.12,1.0
Salim Obaid,Jordan,DF,10,0,,,3.38,0.12,3.9
Marten de Roon,Netherlands,MF,43,1,,,4.64,0.12,1.9
Alex Paulsen,New Zealand,GK,8,0,,,3.69,0.12,3.8
Fidel Escobar,Panama,DF,99,4,,,3.6,0.12,3.8
José Córdoba,Panama,DF,32,1,,,3.6,0.12,3.8
Fabián Balbuena,Paraguay,DF,48,2,,,3.88,0.12,3.7
Gustavo Gómez,Paraguay,DF,89,4,,,3.88,0.12,3.7
Mahmud Abunada,Qatar,GK,5,0,,,3.45,0.12,3.9
Ali Lajami,Saudi Arabia,DF,21,1,,,3.54,0.12,3.9
Nathan Patterson (footballer),Scotland,DF,26,1,,,3.65,0.12,3.8
Krépin Diatta,Senegal,DF,60,2,,,4.37,0.12,3.7
Besfort Zeneli,Sweden,MF,8,0,,,3.57,0.12,1.9
Çağlar Söyüncü,Turkey,DF,60,2,,,3.97,0.12,3.9
Oğuz Aydın,Turkey,FW,11,0,,,3.97,0.12,0.9
Manuel Ugarte (footballer),Uruguay,MF,36,1,,,4.5,0.12,2.0
Rodrigo Bentancur,Uruguay,MF,74,3,1,34,4.5,0.12,2.0
Aziz Behich,Australia,DF,84,3,,,4.35,0.11,3.6
Armin Gigović,Bosnia and Herzegovina,MF,20,1,,,3.38,0.11,1.8
Alistair Johnston,Canada,DF,58,1,,,5.16,0.11,3.6
Moïse Bombito,Canada,DF,20,0,,,5.16,0.11,3.4
Dayne St. Clair,Canada,GK,20,0,,,5.16,0.11,3.4
Duje Ćaleta-Car,Croatia,DF,38,1,,,4.36,0.11,3.7
Tomáš Holeš,Czech Republic,DF,41,2,,,3.76,0.11,3.5
Edo Kayembe,DR Congo,MF,42,2,,,3.59,0.11,1.8
"Hossein Hosseini (footballer, born 1992)",Iran,GK,13,0,,,4.46,0.11,3.6
Ahmed Maknzi,Iraq,DF,6,0,,,3.4,0.11,3.4
Aimar Sher,Iraq,MF,6,0,,,3.4,0.11,1.7
Zaid Ismail,Iraq,MF,6,0,,,3.4,0.11,1.7
Wilfried Singo,Ivory Coast,DF,34,1,,,4.25,0.11,3.4
Christ Inao Oulaï,Ivory Coast,MF,9,0,,,4.25,0.11,1.8
Abdallah Al-Fakhouri,Jordan,GK,11,0,,,3.38,0.11,3.6
Joe Bell (footballer),New Zealand,MF,32,1,,,3.69,0.11,1.8
Torbjørn Heggem,Norway,DF,14,0,,,4.44,0.11,3.4
Julian Ryerson,Norway,FW,42,1,,,4.44,0.11,0.9
Alberto Quintero (footballer),Panama,MF,141,7,,,3.6,0.11,1.8
Júnior Alonso,Paraguay,DF,71,3,,,3.88,0.11,3.6
Ramón Sosa,Paraguay,MF,29,1,,,3.88,0.11,1.8
Ayoub Al-Oui,Qatar,DF,6,0,,,3.45,0.11,3.5
Mohammed Abu Al-Shamat,Saudi Arabia,DF,6,0,,,3.54,0.11,3.4
Khalid Al-Ghannam,Saudi Arabia,FW,6,0,,,3.54,0.11,0.9
Andy Robertson,Scotland,DF,94,4,,,3.65,0.11,3.4
Anthony Ralston,Scotland,DF,27,1,,,3.65,0.11,3.6
Aubrey Modiba,South Africa,DF,44,3,,,3.51,0.11,3.5
Dylan Bronn,Tunisia,DF,52,2,,,3.66,0.11,3.5
Altay Bayındır,Turkey,GK,12,0,,,3.97,0.11,3.5
Matías Viña,Uruguay,DF,43,1,,,4.5,0.11,3.4
Khojiakbar Alijonov,Uzbekistan,DF,40,2,,,3.71,0.11,3.7
Akmal Mozgovoy,Uzbekistan,MF,24,1,,,3.71,0.11,1.7
Nicolas Seiwald,Austria,MF,47,1,,,4.03,0.1,1.7
Stjepan Radeljić,Bosnia and Herzegovina,DF,5,0,,,3.38,0.1,3.3
Mathieu Choinière,Canada,MF,23,0,,,5.16,0.1,1.5
Willy Semedo,Cape Verde,MF,37,2,,,3.34,0.1,1.6
Joshua Brenet,Curaçao,DF,17,1,,,3.23,0.1,3.1
David Zima,Czech Republic,DF,25,1,,,3.76,0.1,3.3
Jan Kuchta,Czech Republic,FW,31,3,,,3.76,0.1,0.8
Chancel Mbemba,DR Congo,DF,108,7,0,21,3.59,0.1,3.2
Brian Cipenga,DR Congo,FW,7,0,,,3.59,0.1,0.8
Karim Hafez,Egypt,DF,9,0,,,3.97,0.1,3.3
Mostafa Shobeir,Egypt,GK,9,0,,,3.97,0.1,3.3
Marwan Attia,Egypt,MF,34,1,,,3.97,0.1,1.6
Kamaldeen Sulemana,Ghana,FW,28,1,,,3.45,0.1,0.8
Kwasi Sibo,Ghana,MF,8,0,,,3.45,0.1,1.6
Josué Duverger,Haiti,GK,6,0,,,3.39,0.1,3.3
Payam Niazmand,Iran,GK,15,0,,,4.46,0.1,3.2
Mohammad Ghorbani (footballer),Iran,MF,16,0,,,4.46,0.1,1.5
Saeid Ezatolahi,Iran,MF,83,2,,,4.46,0.1,1.6
"Hussein Ali (footballer, born 2002)",Iraq,DF,26,1,,,3.4,0.1,3.2
Zaid Tahseen,Iraq,DF,27,1,,,3.4,0.1,3.1
Érik Lira,Mexico,MF,25,0,,,5.36,0.1,1.6
Youssef Belammari,Morocco,DF,18,0,,,5.22,0.1,3.2
Callan Elliot,New Zealand,DF,11,0,,,3.69,0.1,3.1
Liberato Cacace,New Zealand,DF,37,1,,,3.69,0.1,3.1
"Tommy Smith (footballer, born 1990)",New Zealand,DF,56,2,,,3.69,0.1,3.2
Azarias Londoño,Panama,FW,11,0,,,3.6,0.1,0.8
Cristian Martínez (Panamanian footballer),Panama,MF,66,2,,,3.6,0.1,1.6
Rúben Neves,Portugal,MF,66,1,,,5.34,0.1,1.7
Homam Ahmed,Qatar,DF,68,3,,,3.45,0.1,3.2
"Lucas Mendes (footballer, born 1990)",Qatar,DF,25,1,,,3.45,0.1,3.3
Jehad Thakri,Saudi Arabia,DF,7,0,,,3.54,0.1,3.2
Kieran Tierney,Scotland,DF,56,2,,,3.65,0.1,3.1
Alexander Bernhardsson,Sweden,DF,11,0,,,3.57,0.1,3.1
Lucas Bergvall,Sweden,MF,10,0,,,3.57,0.1,1.7
Gregor Kobel,Switzerland,GK,21,0,,,4.74,0.1,3.1
Fabian Rieder,Switzerland,MF,28,1,,,4.74,0.1,1.6
Montassar Talbi,Tunisia,DF,64,4,0,31,3.66,0.1,3.2
Hadj Mahmoud,Tunisia,MF,9,0,,,3.66,0.1,1.7
Jason Geria,Australia,DF,14,0,,,4.35,0.09,3.0
Patrick Pentz,Austria,GK,18,0,,,4.03,0.09,2.8
Florian Grillitsch,Austria,MF,58,1,,,4.03,0.09,1.4
Richie Laryea,Canada,DF,75,1,,,5.16,0.09,2.9
Stopira,Cape Verde,DF,61,4,,,3.34,0.09,2.9
Nuno da Costa,Cape Verde,MF,8,1,,,3.34,0.09,1.5
Brandley Kuwas,Curaçao,FW,34,2,,,3.23,0.09,0.7
Kevin Felida,Curaçao,MF,19,1,,,3.23,0.09,1.4
Livano Comenencia,Curaçao,MF,19,1,,,3.23,0.09,1.4
Joel Ordóñez,Ecuador,DF,16,0,,,4.59,0.09,2.8
Ahmed Fatouh,Egypt,DF,39,1,,,3.97,0.09,2.8
Nico Schlotterbeck,Germany,DF,27,0,,,5.1,0.09,2.8
Christopher Bonsu Baah,Ghana,FW,9,0,,,3.45,0.09,0.7
Hannes Delcroix,Haiti,DF,7,0,,,3.39,0.09,3.0
Wilguens Paugain,Haiti,DF,8,0,,,3.39,0.09,2.8
Josué Casimir,Haiti,FW,7,0,,,3.39,0.09,0.8
Ali Nemati,Iran,DF,17,0,,,4.46,0.09,2.9
Merchas Doski,Iraq,DF,31,1,,,3.4,0.09,2.8
Kevin Yakob,Iraq,MF,8,0,,,3.4,0.09,1.4
Christopher Opéri,Ivory Coast,DF,12,0,,,4.25,0.09,2.9
Yūto Nagatomo,Japan,DF,145,4,,,5.0,0.09,2.9
Al-Hashmi Al-Hussain,Qatar,DF,8,0,,,3.45,0.09,3.0
Jassem Gaber,Qatar,DF,32,1,,,3.45,0.09,2.8
Salah Zakaria,Qatar,GK,8,0,,,3.45,0.09,3.0
Karim Boudiaf,Qatar,MF,118,5,,,3.45,0.09,1.4
Khulumani Ndamane,South Africa,DF,5,0,,,3.51,0.09,2.8
Samukele Kabini,South Africa,DF,5,0,,,3.51,0.09,2.8
"Daniel Svensson (footballer, born 2002)",Sweden,DF,13,0,,,3.57,0.09,2.8
Hjalmar Ekdal,Sweden,DF,13,0,,,3.57,0.09,2.8
Viktor Johansson,Sweden,GK,12,0,,,3.57,0.09,2.9
Eray Cömert,Switzerland,DF,22,0,,,4.74,0.09,3.0
Matt Freese,United States,GK,15,0,,,4.68,0.09,2.8
Abduvohid Nematov,Uzbekistan,GK,8,0,,,3.71,0.09,2.9
Exequiel Palacios,Argentina,MF,39,0,,,5.8,0.08,1.3
Miloš Degenek,Australia,DF,57,1,,,4.35,0.08,2.4
Alexander Prass,Austria,MF,19,0,,,4.03,0.08,1.3
Amar Dedić,Bosnia and Herzegovina,DF,28,1,,,3.38,0.08,2.7
"Danilo (footballer, born July 1991)",Brazil,DF,70,1,,,5.27,0.08,2.7
Kevin Castaño,Colombia,MF,25,0,,,5.01,0.08,1.3
Marin Pongračić,Croatia,DF,19,0,,,4.36,0.08,2.5
Armando Obispo,Curaçao,DF,5,0,,,3.23,0.08,2.5
Vladimír Coufal,Czech Republic,DF,62,2,,,3.76,0.08,2.4
Michal Sadílek,Czech Republic,MF,35,1,,,3.76,0.08,1.2
Aaron Wan-Bissaka,DR Congo,DF,11,0,,,3.59,0.08,2.4
Charles Pickel,DR Congo,MF,34,1,,,3.59,0.08,1.3
"Alan Franco (footballer, born 1998)",Ecuador,MF,57,1,,,4.59,0.08,1.3
Hossam Abdelmaguid,Egypt,DF,13,0,,,3.97,0.08,2.5
Nabil Emad,Egypt,MF,12,0,,,3.97,0.08,1.3
John Stones,England,DF,88,3,,,5.53,0.08,2.7
Jonas Adjetey,Ghana,DF,10,0,,,3.45,0.08,2.7
Benjamin Asare,Ghana,GK,11,0,,,3.45,0.08,2.5
Jean-Ricner Bellegarde,Haiti,MF,10,0,,,3.39,0.08,1.2
Manaf Younis,Iraq,DF,33,1,,,3.4,0.08,2.6
Zion Suzuki,Japan,GK,24,0,,,5.0,0.08,2.6
Husam Abu Dahab,Jordan,DF,17,0,,,3.38,0.08,2.7
Ihsan Haddad,Jordan,DF,91,2,,,3.38,0.08,2.6
Mo Abualnadi,Jordan,DF,17,0,,,3.38,0.08,2.7
Mohammad Abu Hashish,Jordan,DF,55,1,,,3.38,0.08,2.6
Jurriën Timber,Netherlands,DF,24,0,,,4.64,0.08,2.5
Sander Berge,Norway,MF,65,1,,,4.44,0.08,1.2
"Andrés Andrade (footballer, born 1998)",Panama,DF,50,1,,,3.6,0.08,2.5
Mohamed Manai,Qatar,FW,10,0,,,3.45,0.08,0.6
Ahmed Al-Kassar,Saudi Arabia,GK,9,0,,,3.54,0.08,2.6
Grant Hanley,Scotland,DF,68,2,,,3.65,0.08,2.6
Victor Lindelöf,Sweden,DF,76,3,0,28,3.57,0.08,2.4
Mohamed Amine Ben Hamida,Tunisia,DF,13,0,,,3.66,0.08,2.6
Hannibal Mejbri,Tunisia,MF,45,1,,,3.66,0.08,1.2
Joaquín Piquerez,Uruguay,MF,19,0,,,4.5,0.08,1.3
Nahuel Molina,Argentina,DF,58,1,,,5.8,0.07,2.4
Alexander Schlager,Austria,GK,26,0,,,4.03,0.07,2.1
Maxime Crépeau,Canada,GK,32,0,,,5.16,0.07,2.3
Roshon van Eijma,Curaçao,DF,27,1,,,3.23,0.07,2.1
Shurandy Sambo,Curaçao,DF,7,0,,,3.23,0.07,2.1
Trevor Doornbusch,Curaçao,GK,7,0,,,3.23,0.07,2.1
Godfried Roemeratoe,Curaçao,MF,27,1,,,3.23,0.07,1.1
Ngal'ayel Mukau,DR Congo,MF,13,0,,,3.59,0.07,1.1
Ibrahima Konaté,France,DF,28,0,,,5.29,0.07,2.3
William Saliba,France,DF,31,0,,,5.29,0.07,2.1
Ricardo Adé,Haiti,DF,59,2,,,3.39,0.07,2.2
Milad Mohammadi,Iran,DF,76,1,,,4.46,0.07,2.1
Marko Farji,Iraq,FW,11,0,,,3.4,0.07,0.6
Nayef Aguerd,Morocco,DF,64,2,,,5.22,0.07,2.3
Bart Verbruggen,Netherlands,GK,28,0,,,4.64,0.07,2.2
Edgardo Fariña,Panama,DF,18,0,,,3.6,0.07,2.3
Jorge Gutiérrez (footballer),Panama,DF,18,0,,,3.6,0.07,2.3
"Vitinha (footballer, born February 2000)",Portugal,MF,37,0,,,5.34,0.07,1.1
Pedro Miguel (footballer),Qatar,DF,99,3,,,3.45,0.07,2.1
Abdulelah Al-Amri,Saudi Arabia,DF,42,1,,,3.54,0.07,2.2
Moteb Al-Harbi,Saudi Arabia,DF,12,0,,,3.54,0.07,2.2
Ziyad Al-Johani,Saudi Arabia,MF,12,0,,,3.54,0.07,1.1
Scott McKenna,Scotland,DF,50,1,,,3.65,0.07,2.1
Kalidou Koulibaly,Senegal,DF,102,2,,,4.37,0.07,2.3
Sphephelo Sithole,South Africa,MF,27,1,,,3.51,0.07,1.2
Carl Starfelt,Sweden,DF,18,0,,,3.57,0.07,2.2
Ellyes Skhiri,Tunisia,MF,83,4,0,34,3.66,0.07,1.2
Eren Elmalı,Turkey,DF,23,0,,,3.97,0.07,2.1
Sebastián Cáceres,Uruguay,DF,24,0,,,4.5,0.07,2.1
Emiliano Martínez,Argentina,GK,59,0,,,5.8,0.06,1.8
Cameron Burgess,Australia,DF,27,0,,,4.35,0.06,1.8
Phillipp Mwene,Austria,DF,30,0,,,4.03,0.06,1.8
Ivan Šunjić,Bosnia and Herzegovina,MF,11,0,,,3.38,0.06,1.0
"Ederson (footballer, born 1993)",Brazil,GK,32,0,,,5.27,0.06,2.1
"Fabinho (footballer, born 1993)",Brazil,MF,33,0,,,5.27,0.06,1.0
Márcio Rosa,Cape Verde,GK,10,0,,,3.34,0.06,2.1
João Paulo Fernandes (footballer),Cape Verde,MF,41,1,,,3.34,0.06,0.9
Jindřich Staněk,Czech Republic,GK,14,0,,,3.76,0.06,2.0
Abdul Rahman Baba,Ghana,DF,51,1,,,3.45,0.06,1.9
Alexandre Pierre,Haiti,GK,15,0,,,3.39,0.06,1.8
"Mustafa Saadoon (footballer, born 2001)",Iraq,DF,16,0,,,3.4,0.06,1.8
Ahmed Basil,Iraq,GK,15,0,,,3.4,0.06,1.9
Morten Thorsby,Norway,MF,31,0,,,4.44,0.06,0.9
Adalberto Carrasquilla,Panama,MF,73,3,,,3.6,0.06,1.0
Juan José Cáceres,Paraguay,DF,17,0,,,3.88,0.06,2.1
Braian Ojeda,Paraguay,MF,17,0,,,3.88,0.06,1.0
Diogo Costa,Portugal,GK,42,0,,,5.34,0.06,1.9
Sultan Al-Brake,Qatar,DF,17,0,,,3.45,0.06,1.8
Edmilson Junior,Qatar,FW,16,0,,,3.45,0.06,0.5
Hassan Al-Tambakti,Saudi Arabia,DF,51,1,,,3.54,0.06,1.8
Khuliso Mudau,South Africa,DF,32,1,,,3.51,0.06,2.0
Unai Simón,Spain,GK,57,0,,,5.8,0.06,2.0
Mortadha Ben Ouanes,Tunisia,DF,18,0,,,3.66,0.06,2.0
Joe Scally,United States,DF,26,0,,,4.68,0.06,1.8
Guillermo Varela,Uruguay,DF,28,0,,,4.5,0.06,1.8
Farrukh Sayfiev,Uzbekistan,DF,45,1,,,3.71,0.06,1.9
Rustam Ashurmatov,Uzbekistan,DF,48,1,,,3.71,0.06,1.9
Rayan Aït-Nouri,Algeria,DF,28,0,,,4.29,0.05,1.5
Aiden O'Neill,Australia,MF,31,0,,,4.35,0.05,0.8
Kevin Danso,Austria,DF,32,0,,,4.03,0.05,1.7
Ivan Bašić,Bosnia and Herzegovina,MF,17,0,,,3.38,0.05,0.8
Wagner Pina,Cape Verde,DF,13,0,,,3.34,0.05,1.7
Camilo Vargas,Colombia,GK,41,0,,,5.01,0.05,1.5
Josip Stanišić,Croatia,DF,30,0,,,4.36,0.05,1.7
Josip Šutalo,Croatia,DF,32,0,,,4.36,0.05,1.6
Matěj Kovář,Czech Republic,GK,20,0,,,3.76,0.05,1.5
Noah Sadiki,DR Congo,MF,19,0,,,3.59,0.05,0.8
Mohanad Lasheen,Egypt,MF,23,0,,,3.97,0.05,0.8
Jules Koundé,France,DF,47,0,,,5.29,0.05,1.4
Lucas Hernandez,France,DF,42,0,,,5.29,0.05,1.6
Mike Maignan,France,GK,39,0,,,5.29,0.05,1.7
Elisha Owusu,Ghana,MF,20,0,,,3.45,0.05,0.8
Carlens Arcus,Haiti,DF,53,1,,,3.39,0.05,1.7
Rebin Sulaka,Iraq,DF,55,1,,,3.4,0.05,1.7
Evan Ndicka,Ivory Coast,DF,28,0,,,4.25,0.05,1.5
Michael Boxall,New Zealand,DF,63,1,,,3.69,0.05,1.6
Nando Pijnaker,New Zealand,DF,25,0,,,3.69,0.05,1.6
Max Crocombe,New Zealand,GK,24,0,,,3.69,0.05,1.7
Alex Rufer,New Zealand,MF,26,0,,,3.69,0.05,0.8
Marcus Holmgren Pedersen,Norway,DF,32,0,,,4.44,0.05,1.8
Nélson Semedo,Portugal,DF,49,0,,,5.34,0.05,1.6
Ali Majrashi,Saudi Arabia,DF,21,0,,,3.54,0.05,1.5
Saud Abdulhamid,Saudi Arabia,DF,54,1,,,3.54,0.05,1.7
Aaron Hickey,Scotland,DF,21,0,,,3.65,0.05,1.7
Angus Gunn,Scotland,GK,22,0,,,3.65,0.05,1.6
Ismail Jakobs,Senegal,DF,29,0,,,4.37,0.05,1.6
Moussa Niakhaté,Senegal,DF,30,0,,,4.37,0.05,1.6
Pathé Ciss,Senegal,MF,29,0,,,4.37,0.05,0.8
Relebohile Mofokeng,South Africa,FW,12,0,,,3.51,0.05,0.4
Kim Moon-hwan,South Korea,DF,35,0,,,4.41,0.05,1.5
Seol Young-woo,South Korea,DF,34,0,,,4.41,0.05,1.5
Gabriel Gudmundsson,Sweden,DF,24,0,,,3.57,0.05,1.7
Isak Hien,Sweden,DF,29,0,,,3.57,0.05,1.5
Kristoffer Nordfeldt,Sweden,GK,21,0,,,3.57,0.05,1.7
Jesper Karlström,Sweden,MF,25,0,,,3.57,0.05,0.8
Yan Valery,Tunisia,DF,22,0,,,3.66,0.05,1.7
"Mark McKenzie (soccer, born 1999)",United States,DF,29,0,,,4.68,0.05,1.7
Sergio Rochet,Uruguay,GK,35,0,,,4.5,0.05,1.5
Abdulla Abdullaev,Uzbekistan,DF,17,0,,,3.71,0.05,1.7
Azizjon Ganiev,Uzbekistan,MF,19,0,,,3.71,0.05,0.8
Hicham Boudaoui,Algeria,MF,32,0,,,4.29,0.04,0.7
Dženis Burnić,Bosnia and Herzegovina,MF,20,0,,,3.38,0.04,0.7
Steven Moreira,Cape Verde,DF,19,0,,,3.34,0.04,1.3
Hélio Varela,Cape Verde,MF,20,0,,,3.34,0.04,0.6
Jaroslav Zelený,Czech Republic,DF,23,0,,,3.76,0.04,1.3
Gédéon Kalulu,DR Congo,DF,28,0,,,3.59,0.04,1.2
Joris Kayembe,DR Congo,DF,25,0,,,3.59,0.04,1.3
Lionel Mpasi,DR Congo,GK,28,0,,,3.59,0.04,1.2
Hernán Galíndez,Ecuador,GK,34,0,,,4.59,0.04,1.1
Emam Ashour,Egypt,MF,29,0,,,3.97,0.04,0.7
Lucas Digne,France,DF,57,0,,,5.29,0.04,1.2
Lawrence Ati-Zigi,Ghana,GK,29,0,,,3.45,0.04,1.2
Martin Expérience,Haiti,DF,21,0,,,3.39,0.04,1.4
Carl Sainté,Haiti,MF,26,0,,,3.39,0.04,0.6
Frans Putros,Iraq,DF,27,0,,,3.4,0.04,1.2
Fahad Talib,Iraq,GK,21,0,,,3.4,0.04,1.4
Odilon Kossounou,Ivory Coast,DF,35,0,,,4.25,0.04,1.2
Yahia Fofana,Ivory Coast,GK,35,0,,,4.25,0.04,1.2
Patrick Berg,Norway,MF,42,0,,,4.44,0.04,0.7
Andrés Cubas,Paraguay,MF,33,0,,,3.88,0.04,0.6
Nawaf Boushal,Saudi Arabia,DF,24,0,,,3.54,0.04,1.3
Ayman Yahya,Saudi Arabia,FW,26,0,,,3.54,0.04,0.3
Nawaf Al-Aqidi,Saudi Arabia,GK,22,0,,,3.54,0.04,1.4
Nkosinathi Sibisi,South Africa,DF,19,0,,,3.51,0.04,1.2
Jo Hyeon-woo,South Korea,GK,48,0,,,4.41,0.04,1.1
Djibril Sow,Switzerland,MF,52,0,,,4.74,0.04,0.7
Mert Günok,Turkey,GK,37,0,,,3.97,0.04,1.2
Uğurcan Çakır,Turkey,GK,39,0,,,3.97,0.04,1.3
Tim Ream,United States,DF,82,1,,,4.68,0.04,1.4
Abdukodir Khusanov,Uzbekistan,DF,26,0,,,3.71,0.04,1.2
Odiljon Hamrobekov,Uzbekistan,MF,72,1,,,3.71,0.04,0.7
Dennis Hadžikadunić,Bosnia and Herzegovina,DF,32,0,,,3.38,0.03,0.9
Nikola Vasilj,Bosnia and Herzegovina,GK,26,0,,,3.38,0.03,1.1
Amir Hadžiahmetović,Bosnia and Herzegovina,MF,36,0,,,3.38,0.03,0.4
Alisson Becker,Brazil,GK,78,0,,,5.27,0.03,0.9
Deroy Duarte,Cape Verde,MF,30,0,,,3.34,0.03,0.4
Santiago Arias,Colombia,DF,67,0,,,5.01,0.03,1.1
Juriën Gaari,Curaçao,DF,59,1,,,3.23,0.03,1.1
Ángelo Preciado,Ecuador,DF,54,0,,,4.59,0.03,1.0
Mohamed Hany,Egypt,DF,42,0,,,3.97,0.03,1.0
Jordan Pickford,England,GK,83,0,,,5.53,0.03,1.0
"Gideon Mensah (footballer, born 1998)",Ghana,DF,40,0,,,3.45,0.03,0.9
Leverton Pierre,Haiti,MF,33,0,,,3.39,0.03,0.5
Ghislain Konan,Ivory Coast,DF,54,0,,,4.25,0.03,0.8
Munir Mohamedi,Morocco,GK,53,0,,,5.22,0.03,1.1
Sofyan Amrabat,Morocco,MF,74,0,,,5.22,0.03,0.5
Ørjan Nyland,Norway,GK,70,0,,,4.44,0.03,0.8
Luis Mejía,Panama,GK,56,0,,,3.6,0.03,0.8
Orlando Mosquera,Panama,GK,48,0,,,3.6,0.03,1.0
Aníbal Godoy,Panama,MF,159,4,,,3.6,0.03,0.5
Gatito Fernández,Paraguay,GK,31,0,,,3.88,0.03,1.0
Abdullah Al-Khaibari,Saudi Arabia,MF,39,0,,,3.54,0.03,0.4
Édouard Mendy,Senegal,GK,56,0,,,4.37,0.03,0.9
Aymen Dahmen,Tunisia,GK,37,0,,,3.66,0.03,1.1
Matt Turner (soccer),United States,GK,54,0,,,4.68,0.03,1.0
Cristian Roldan,United States,MF,47,0,,,4.68,0.03,0.5
Umar Eshmurodov,Uzbekistan,DF,29,0,,,3.71,0.03,1.1
Utkir Yusupov,Uzbekistan,GK,39,0,,,3.71,0.03,0.8
Mathew Ryan,Australia,GK,104,0,,,4.35,0.02,0.5
Thibaut Courtois,Belgium,GK,109,0,,,4.88,0.02,0.6
Logan Costa,Cape Verde,DF,27,0,,,3.34,0.02,0.5
"Roberto Lopes (footballer, born 1992)",Cape Verde,DF,45,0,,,3.34,0.02,0.6
David Ospina,Colombia,GK,130,0,,,5.01,0.02,0.5
Dominik Livaković,Croatia,GK,74,0,,,4.36,0.02,0.7
Sherel Floranus,Curaçao,DF,27,0,,,3.23,0.02,0.8
Samuel Moutoussamy,DR Congo,MF,57,0,,,3.59,0.02,0.3
Manuel Neuer,Germany,GK,124,0,,,5.1,0.02,0.5
Alireza Beiranvand,Iran,GK,86,0,,,4.46,0.02,0.7
Yazeed Abulaila,Jordan,GK,75,0,,,3.38,0.02,0.7
Rajaei Ayed,Jordan,MF,72,0,,,3.38,0.02,0.4
Yassine Bounou,Morocco,GK,89,0,,,5.22,0.02,0.7
Meshaal Barsham,Qatar,GK,52,0,,,3.45,0.02,0.7
Ahmed Fathy (Qatari footballer),Qatar,MF,48,0,,,3.45,0.02,0.4
Assim Madibo,Qatar,MF,51,0,,,3.45,0.02,0.3
Mohammed Al-Owais,Saudi Arabia,GK,63,0,,,3.54,0.02,0.6
Nasser Al-Dawsari,Saudi Arabia,MF,43,0,,,3.54,0.02,0.4
Kim Seung-gyu,South Korea,GK,87,0,,,4.41,0.02,0.6
Sead Kolašinac,Bosnia and Herzegovina,DF,65,0,,,3.38,0.01,0.5
Vozinha,Cape Verde,GK,86,0,,,3.34,0.01,0.2
Eloy Room,Curaçao,GK,71,0,,,3.23,0.01,0.3
Mohamed El Shenawy,Egypt,GK,76,0,,,3.97,0.01,0.5
Johny Placide,Haiti,GK,81,0,,,3.39,0.01,0.3
Jalal Hassan,Iraq,GK,101,0,,,3.4,0.01,0.3
Guillermo Ochoa,Mexico,GK,152,0,,,5.36,0.01,0.4
Craig Gordon,Scotland,GK,84,0,,,3.65,0.01,0.3
Ronwen Williams,South Africa,GK,62,0,,,3.51,0.01,0.4
Fernando Muslera,Uruguay,GK,134,0,,,4.5,0.01,0.3
