match_id,date,home_team,away_team,af_competition,af_round,venue_name,venue_city,referee,status,ht_home,ht_away,et_home,et_away,pen_home,pen_away
0276f6b182,2022-06-07,Cape Verde,Togo,Africa Cup of Nations - Qualification,Group Stage - 2,Stade de Marrakech,Marrakech,M. Malki,Match Finished,1,0,,,,
ccd32331e3,2022-06-07,Germany,England,UEFA Nations League,League A - 2,Allianz Arena,München,"Carlos Del Cerro Grande, Spain",Match Finished,0,0,,,,
7dcbbc00a8,2022-06-07,Haiti,Montserrat,CONCACAF Nations League,League B - 2,Estadio Olímpico Félix Sánchez,Santo Domingo,D. Gómez,Match Finished,3,1,,,,
926cc81d41,2022-06-07,Lithuania,Turkey,UEFA Nations League,League C - 2,Vilniaus LFF stadionas,Vilnius,"Novak Simovic, Serbia",Match Finished,0,2,,,,
e3c91a18aa,2022-06-07,Senegal,Rwanda,Africa Cup of Nations - Qualification,Group Stage - 2,Stade Me Abdoulaye Wade,Diamniadio,J. Ndala,Match Finished,0,0,,,,
6b0cce9bed,2022-06-08,Belgium,Poland,UEFA Nations League,League A - 2,Stade Roi Baudouin,Brussels,"Ivan Kruzliak, Slovakia",Match Finished,1,1,,,,
9b517c56ae,2022-06-08,Scotland,Armenia,UEFA Nations League,League B - 2,Hampden Park,Glasgow,"Sebastian Gishamer, Austria",Match Finished,2,0,,,,
9c98856923,2022-06-08,Tanzania,Algeria,Africa Cup of Nations - Qualification,Group Stage - 2,Benjamin Mkapa National Stadium,Dar-es-Salaam,Mahmood Ismail,Match Finished,0,1,,,,
5111de14b1,2022-06-08,Wales,Netherlands,UEFA Nations League,League A - 2,Cardiff City Stadium,Cardiff,"Glenn Nyberg, Sweden",Match Finished,0,0,,,,
738f9604d0,2022-06-09,Canada,Curaçao,CONCACAF Nations League,League A - 3,BC Place Stadium,"Vancouver, British Columbia",N. Saghafi,Match Finished,2,0,,,,
759b799a59,2022-06-09,Ethiopia,Egypt,Africa Cup of Nations - Qualification,Group Stage - 2,Bingu National Stadium,Lilongwe,G. Gatogato,Match Finished,2,0,,,,
8be1261ebd,2022-06-09,Lesotho,Ivory Coast,Africa Cup of Nations - Qualification,Group Stage - 2,Dobsonville Stadium,"Johannesburg, GA",P. Milazare,Match Finished,0,0,,,,
627c533345,2022-06-09,Morocco,South Africa,Africa Cup of Nations - Qualification,Group Stage - 1,Stade Prince Moulay Abdallah,Rabat,S. Selmi,Match Finished,0,1,,,,
df39ff91b5,2022-06-09,Norway,Slovenia,UEFA Nations League,League B - 3,Ullevaal Stadion,Oslo,"Fabio Jose Costa Verissimo, Portugal",Match Finished,0,0,,,,
c68bae4096,2022-06-09,Panama,Martinique,CONCACAF Nations League,League A - 3,Estadio Rommel Fernández Gutiérrez,Ciudad de Panamá,I. Cornejo,Match Finished,2,0,,,,
066563063f,2022-06-09,Portugal,Czech Republic,UEFA Nations League,League A - 3,Estádio José Alvalade,Lisboa,"Matej Jug, Slovenia",Match Finished,2,0,,,,
b03a1aa208,2022-06-09,Sweden,Serbia,UEFA Nations League,League B - 3,Friends Arena,Solna,"Lawrence Visser, Belgium",Match Finished,0,1,,,,
9586e26281,2022-06-09,Switzerland,Spain,UEFA Nations League,League A - 3,Stade de Genéve,Geneva,"Serdar Gozubuyuk, Netherlands",Match Finished,0,1,,,,
091e62e006,2022-06-10,Austria,France,UEFA Nations League,League A - 3,Ernst-Happel-Stadion,Wien,"Tasos Sidiropoulos, Greece",Match Finished,1,0,,,,
a90a374d91,2022-06-10,Denmark,Croatia,UEFA Nations League,League A - 3,Parken,København,"Bartosz Frankowski, Poland",Match Finished,0,0,,,,
8835f8df25,2022-06-10,United States,Grenada,CONCACAF Nations League,League A - 3,Q2 Stadium,"Austin, Texas",S. Martínez,Match Finished,1,0,,,,
d7f6a223df,2022-06-11,England,Italy,UEFA Nations League,League A - 3,Molineux Stadium,"Wolverhampton, West Midlands","Szymon Marciniak, Poland",Match Finished,0,0,,,,
a1bc41b750,2022-06-11,Guyana,Haiti,CONCACAF Nations League,League B - 3,Synthetic Track and Field Facility,Leonora,L. Santander,Match Finished,2,5,,,,
e04716fe48,2022-06-11,Hungary,Germany,UEFA Nations League,League A - 3,Puskás Aréna,Budapest,"Jose Maria Sanchez Martinez, Spain",Match Finished,1,1,,,,
b9563c243b,2022-06-11,Luxembourg,Turkey,UEFA Nations League,League C - 3,Stade de Luxembourg,Luxembourg,"Antonio Nobre, Portugal",Match Finished,0,1,,,,
c332de4e76,2022-06-11,Mexico,Suriname,CONCACAF Nations League,League A - 3,Estadio Nuevo Corona,Torreón,Ivan Cisneros,Match Finished,2,0,,,,
d0b510d1fc,2022-06-11,Netherlands,Poland,UEFA Nations League,League A - 3,Stadion Feijenoord,Rotterdam,"Halil Umut Meler, Turkey",Match Finished,0,1,,,,
0480f36740,2022-06-11,Wales,Belgium,UEFA Nations League,League A - 3,Cardiff City Stadium,Cardiff,"Benoît Bastien, France",Match Finished,0,0,,,,
ed03f60d60,2022-06-12,Martinique,Panama,CONCACAF Nations League,League A - 4,Stade Municipal Pierre-Aliker,Fort-de-France,F. Guerrero,Match Finished,0,0,,,,
367387231b,2022-06-12,Norway,Sweden,UEFA Nations League,League B - 4,Ullevaal Stadion,Oslo,"Harm Osmers, Germany",Match Finished,1,0,,,,
9d0e57ab37,2022-06-12,Spain,Czech Republic,UEFA Nations League,League A - 4,Estadio La Rosaleda,Málaga,"Cuneyt Cakır, Turkey",Match Finished,1,0,,,,
2fefbd748a,2022-06-12,Switzerland,Portugal,UEFA Nations League,League A - 4,Stade de Genéve,Geneva,"Fran Jović, Croatia",Match Finished,1,0,,,,
a20bd80aee,2022-06-13,Australia,Peru,World Cup - Qualification Intercontinental Play-offs,Finals,Ahmad bin Ali Stadium,Al-Rayyan,S. Vinčić,Match Finished,0,0,0,0,5,4
2a1f526a1e,2022-06-13,Denmark,Austria,UEFA Nations League,League A - 4,Parken,København,"Alejandro Hernandez, Spain",Match Finished,2,0,,,,
44e6ada026,2022-06-13,France,Croatia,UEFA Nations League,League A - 4,Stade de France,Paris,"Orel Grinfeeld, Israel",Match Finished,0,1,,,,
ac1e364067,2022-06-13,Honduras,Canada,CONCACAF Nations League,League A - 4,Estadio Olímpico Metropolitano,San Pedro Sula,M. Escobar,Match Finished,1,0,,,,
a897a8db40,2022-06-13,Morocco,Liberia,Africa Cup of Nations - Qualification,Group Stage - 2,Stade Mohamed V,Casablanca,M. Moussa,Match Finished,0,0,,,,
e638f62809,2022-06-14,Armenia,Scotland,UEFA Nations League,League B - 4,Vazgen Sargsyan anvan Hanrapetakan Marzadasht,Yerevan,"Nikola Dabanovic, Montenegro",Match Finished,1,2,,,,
0ace667343,2022-06-14,Costa Rica,New Zealand,World Cup - Qualification Intercontinental Play-offs,Finals,Ahmad bin Ali Stadium,Al-Rayyan,Mohammed Abdulla Alali,Match Finished,1,0,,,,
0b3b786b6f,2022-06-14,El Salvador,United States,CONCACAF Nations League,League A - 4,Estadio Cuscatlán,San Salvador,C. Ramos,Match Finished,1,0,,,,
68b3c16e6d,2022-06-14,England,Hungary,UEFA Nations League,League A - 4,Molineux Stadium,"Wolverhampton, West Midlands","Clement Turpin, France",Match Finished,0,1,,,,
8596edbd45,2022-06-14,Germany,Italy,UEFA Nations League,League A - 4,Stadion im BORUSSIA-PARK,Mönchengladbach,"Istvan Kovacs, Romania",Match Finished,2,0,,,,
81d3c2f343,2022-06-14,Haiti,Guyana,CONCACAF Nations League,League B - 4,Estadio Olímpico Félix Sánchez,Santo Domingo,R. Encarnacion,Match Finished,1,0,,,,
8a06252c14,2022-06-14,Jamaica,Mexico,CONCACAF Nations League,League A - 4,Independence Park,Kingston,A. Villarreal,Match Finished,1,1,,,,
8214530de9,2022-06-14,Netherlands,Wales,UEFA Nations League,League A - 4,Stadion Feijenoord,Rotterdam,"Horatiu Fesnic, Romania",Match Finished,2,1,,,,
c2aaca0df0,2022-06-14,Poland,Belgium,UEFA Nations League,League A - 4,Stadion Narodowy,Warszawa,"Irfan Peljto, Bosnia & Herzegovina",Match Finished,0,1,,,,
da67cdc1e8,2022-06-14,Turkey,Lithuania,UEFA Nations League,League C - 4,Göztepe Gürsel Aksel Stadı,İzmir,"Stephanie Frappart, France",Match Finished,1,0,,,,
682afc5799,2022-09-21,Scotland,Ukraine,UEFA Nations League,League B - 1,Hampden Park,Glasgow,"Maurizio Mariani, Italy",Match Finished,0,0,,,,
5ddb121ca2,2022-09-22,Belgium,Wales,UEFA Nations League,League A - 5,Stade Roi Baudouin,Brussels,"Ali Palabiyik, Turkey",Match Finished,2,0,,,,
db1ba291c2,2022-09-22,Croatia,Denmark,UEFA Nations League,League A - 5,Stadion Maksimir,Zagreb,"Davide Massa, Italy",Match Finished,0,0,,,,
c23381fa02,2022-09-22,France,Austria,UEFA Nations League,League A - 5,Stade de France,Paris,"Andreas Ekberg, Sweden",Match Finished,0,0,,,,
f40278532b,2022-09-22,Poland,Netherlands,UEFA Nations League,League A - 5,Stadion Narodowy,Warszawa,"Alejandro Hernandez, Spain",Match Finished,0,1,,,,
c235e1e5b8,2022-09-22,Turkey,Luxembourg,UEFA Nations League,League C - 5,Başakşehir Fatih Terim Stadyumu,İstanbul,"Tobias Stieler, Germany",Match Finished,2,2,,,,
4a16a8b4c7,2022-09-23,Germany,Hungary,UEFA Nations League,League A - 5,Red Bull Arena,Leipzig,"Slavko Vincic, Slovenia",Match Finished,0,1,,,,
3816be7dc6,2022-09-23,Italy,England,UEFA Nations League,League A - 5,Stadio Giuseppe Meazza,Milano,"Jesus Gil Manzano, Spain",Match Finished,0,0,,,,
2b2751a80e,2022-09-24,Czech Republic,Portugal,UEFA Nations League,League A - 5,Fortuna Arena,Praha,"Srdan Jovanovic, Serbia",Match Finished,0,2,,,,
1464cdf2e1,2022-09-24,Serbia,Sweden,UEFA Nations League,League B - 5,Stadion Rajko Mitić,Beograd,"Georgi Kabakov, Bulgaria",Match Finished,2,1,,,,
07ed4bbcf7,2022-09-24,Slovenia,Norway,UEFA Nations League,League B - 5,Stadion Stožice,Ljubljana,"Lawrence Visser, Belgium",Match Finished,0,0,,,,
e77f7fd1e9,2022-09-24,Spain,Switzerland,UEFA Nations League,League A - 5,Estadio de la Romareda,Zaragoza,"Clement Turpin, France",Match Finished,0,1,,,,
948003ec27,2022-09-25,Austria,Croatia,UEFA Nations League,League A - 6,Ernst-Happel-Stadion,Wien,"Artur Soares Dias, Portugal",Match Finished,1,1,,,,
b7fb5d6e33,2022-09-25,Denmark,France,UEFA Nations League,League A - 6,Parken,København,"Istvan Kovacs, Romania",Match Finished,2,0,,,,
dcec32cde2,2022-09-25,Faroe Islands,Turkey,UEFA Nations League,League C - 6,Tórsvøllur,"Tórshavn, Streymoy","Serhiy Boiko, Ukraine",Match Finished,0,0,,,,
df222a77e1,2022-09-25,Netherlands,Belgium,UEFA Nations League,League A - 6,Johan Cruijff Arena,Amsterdam,"Anthony Taylor, England",Match Finished,0,0,,,,
493f1b46d7,2022-09-26,England,Germany,UEFA Nations League,League A - 6,Wembley Stadium,London,"Danny Desmond Makkelie, Netherlands",Match Finished,0,0,,,,
eeeb4cc7ad,2022-09-27,Norway,Serbia,UEFA Nations League,League B - 6,Ullevaal Stadion,Oslo,"Antonio Mateu, Spain",Match Finished,0,1,,,,
b2246d7f24,2022-09-27,Portugal,Spain,UEFA Nations League,League A - 6,Estádio Municipal de Braga,Braga,"Daniele Orsato, Italy",Match Finished,0,0,,,,
48effb1ddf,2022-09-27,Sweden,Slovenia,UEFA Nations League,League B - 6,Friends Arena,Solna,"Felix Zwayer, Germany",Match Finished,1,1,,,,
1222744775,2022-09-27,Switzerland,Czech Republic,UEFA Nations League,League A - 6,Kybunpark,St. Gallen,"Irfan Peljto, Bosnia & Herzegovina",Match Finished,2,1,,,,
1ee7d54bb0,2022-09-27,Ukraine,Scotland,UEFA Nations League,League B - 6,Stadion Cracovii im. Józefa Piłsudskiego,Kraków,"Tasos Sidiropoulos, Greece",Match Finished,0,0,,,,
4b3d4fad99,2022-11-20,Qatar,Ecuador,World Cup,Group Stage - 1,Al Bayt Stadium,Al Khor,D. Orsato,Match Finished,0,2,,,,
9762b4afbd,2022-11-21,England,Iran,World Cup,Group Stage - 1,Khalifa International Stadium,Ar-Rayyan,Raphael Claus,Match Finished,3,0,,,,
7f4768d822,2022-11-21,Senegal,Netherlands,World Cup,Group Stage - 1,Al Thumama Stadium,Doha,Wilton Pereira Sampaio,Match Finished,0,0,,,,
ace697a3c9,2022-11-21,United States,Wales,World Cup,Group Stage - 1,Ahmad bin Ali Stadium,Al-Rayyan,Abdulrahman Al Jassim,Match Finished,1,0,,,,
ff23621188,2022-11-22,Argentina,Saudi Arabia,World Cup,Group Stage - 1,Lusail Iconic Stadium,Lusail,S. Vinčić,Match Finished,1,0,,,,
2630627662,2022-11-22,Denmark,Tunisia,World Cup,Group Stage - 1,Education City Stadium,Ar-Rayyan,C. Ramos,Match Finished,0,0,,,,
7324621264,2022-11-22,France,Australia,World Cup,Group Stage - 1,Al Janoub Stadium,Al Wakrah,V. Gomes,Match Finished,2,1,,,,
ce9a7808a7,2022-11-22,Mexico,Poland,World Cup,Group Stage - 1,Stadium 974,Doha,C. Beath,Match Finished,0,0,,,,
f19c3f3e88,2022-11-23,Belgium,Canada,World Cup,Group Stage - 1,Ahmad bin Ali Stadium,Al-Rayyan,J. Sikazwe,Match Finished,1,0,,,,
f4157497e4,2022-11-23,Germany,Japan,World Cup,Group Stage - 1,Khalifa International Stadium,Ar-Rayyan,Ivan Cisneros,Match Finished,1,0,,,,
f91e44834b,2022-11-23,Morocco,Croatia,World Cup,Group Stage - 1,Al Bayt Stadium,Al Khor,F. Rapallini,Match Finished,0,0,,,,
2fdd1ef4b3,2022-11-23,Spain,Costa Rica,World Cup,Group Stage - 1,Al Thumama Stadium,Doha,Mohamed Abdulla Hassan Mohd,Match Finished,3,0,,,,
78ec6cf492,2022-11-24,Brazil,Serbia,World Cup,Group Stage - 1,Lusail Iconic Stadium,Lusail,A. Faghani,Match Finished,0,0,,,,
35c57d8e2b,2022-11-24,Portugal,Ghana,World Cup,Group Stage - 1,Stadium 974,Doha,I. Elfath,Match Finished,0,0,,,,
5ec685e9a1,2022-11-24,Switzerland,Cameroon,World Cup,Group Stage - 1,Al Janoub Stadium,Al Wakrah,F. Tello,Match Finished,0,0,,,,
c31c509af6,2022-11-24,Uruguay,South Korea,World Cup,Group Stage - 1,Education City Stadium,Ar-Rayyan,C. Turpin,Match Finished,0,0,,,,
ac1dafe636,2022-11-25,England,United States,World Cup,Group Stage - 2,Al Bayt Stadium,Al Khor,J. Valenzuela,Match Finished,0,0,,,,
f945492d82,2022-11-25,Netherlands,Ecuador,World Cup,Group Stage - 2,Khalifa International Stadium,Ar-Rayyan,M. Ghorbal,Match Finished,1,0,,,,
d03133d538,2022-11-25,Qatar,Senegal,World Cup,Group Stage - 2,Al Thumama Stadium,Doha,Antonio Mateu,Match Finished,0,1,,,,
1ab6b911e6,2022-11-25,Wales,Iran,World Cup,Group Stage - 2,Ahmad bin Ali Stadium,Al-Rayyan,M. Escobar,Match Finished,0,0,,,,
3343641f63,2022-11-26,Argentina,Mexico,World Cup,Group Stage - 2,Lusail Iconic Stadium,Lusail,D. Orsato,Match Finished,0,0,,,,
3c4f0850ca,2022-11-26,France,Denmark,World Cup,Group Stage - 2,Stadium 974,Doha,S. Marciniak,Match Finished,0,0,,,,
0e37cf5f32,2022-11-26,Poland,Saudi Arabia,World Cup,Group Stage - 2,Education City Stadium,Ar-Rayyan,Wilton Pereira Sampaio,Match Finished,1,0,,,,
6edf69925b,2022-11-26,Tunisia,Australia,World Cup,Group Stage - 2,Al Janoub Stadium,Al Wakrah,D. Siebert,Match Finished,0,1,,,,
e6567e0102,2022-11-27,Belgium,Morocco,World Cup,Group Stage - 2,Al Thumama Stadium,Doha,C. Ramos,Match Finished,0,0,,,,
f9c569c183,2022-11-27,Croatia,Canada,World Cup,Group Stage - 2,Khalifa International Stadium,Ar-Rayyan,A. Matonte,Match Finished,2,1,,,,
992f211eee,2022-11-27,Japan,Costa Rica,World Cup,Group Stage - 2,Ahmad bin Ali Stadium,Al-Rayyan,M. Oliver,Match Finished,0,0,,,,
02e2001790,2022-11-27,Spain,Germany,World Cup,Group Stage - 2,Al Bayt Stadium,Al Khor,D. Makkelie,Match Finished,0,0,,,,
2a79237a32,2022-11-28,Brazil,Switzerland,World Cup,Group Stage - 2,Stadium 974,Doha,Ivan Cisneros,Match Finished,0,0,,,,
cbe468ab95,2022-11-28,Portugal,Uruguay,World Cup,Group Stage - 2,Lusail Iconic Stadium,Lusail,A. Faghani,Match Finished,0,0,,,,
1e4ea1f4cc,2022-11-28,South Korea,Ghana,World Cup,Group Stage - 2,Education City Stadium,Ar-Rayyan,A. Taylor,Match Finished,0,2,,,,
d80d109cab,2022-11-29,Ecuador,Senegal,World Cup,Group Stage - 3,Khalifa International Stadium,Ar-Rayyan,C. Turpin,Match Finished,0,1,,,,
5574ba8e68,2022-11-29,Iran,United States,World Cup,Group Stage - 3,Al Thumama Stadium,Doha,Antonio Mateu,Match Finished,0,1,,,,
99605a2e34,2022-11-29,Qatar,Netherlands,World Cup,Group Stage - 3,Al Bayt Stadium,Al Khor,B. Gassama,Match Finished,0,1,,,,
e878de5419,2022-11-29,Wales,England,World Cup,Group Stage - 3,Ahmad bin Ali Stadium,Al-Rayyan,S. Vinčić,Match Finished,0,0,,,,
7836155f83,2022-11-30,Australia,Denmark,World Cup,Group Stage - 3,Al Janoub Stadium,Al Wakrah,M. Ghorbal,Match Finished,0,0,,,,
c9f8688379,2022-11-30,Poland,Argentina,World Cup,Group Stage - 3,Stadium 974,Doha,D. Makkelie,Match Finished,0,0,,,,
4bdfc3535e,2022-11-30,Saudi Arabia,Mexico,World Cup,Group Stage - 3,Lusail Iconic Stadium,Lusail,M. Oliver,Match Finished,0,0,,,,
5b3f76c596,2022-11-30,Tunisia,France,World Cup,Group Stage - 3,Education City Stadium,Ar-Rayyan,M. Conger,Match Finished,0,0,,,,
a391e6999f,2022-12-01,Canada,Morocco,World Cup,Group Stage - 3,Al Thumama Stadium,Doha,Raphael Claus,Match Finished,1,2,,,,
b0df725425,2022-12-01,Costa Rica,Germany,World Cup,Group Stage - 3,Al Bayt Stadium,Al Khor,S. Frappart,Match Finished,0,1,,,,
3373743b05,2022-12-01,Croatia,Belgium,World Cup,Group Stage - 3,Ahmad bin Ali Stadium,Al-Rayyan,A. Taylor,Match Finished,0,0,,,,
fb199cd892,2022-12-01,Japan,Spain,World Cup,Group Stage - 3,Khalifa International Stadium,Ar-Rayyan,V. Gomes,Match Finished,0,1,,,,
c4021792bc,2022-12-02,Cameroon,Brazil,World Cup,Group Stage - 3,Lusail Iconic Stadium,Lusail,I. Elfath,Match Finished,0,0,,,,
8b6a550b94,2022-12-02,Ghana,Uruguay,World Cup,Group Stage - 3,Al Janoub Stadium,Al Wakrah,D. Siebert,Match Finished,0,2,,,,
2a40072f81,2022-12-02,Serbia,Switzerland,World Cup,Group Stage - 3,Stadium 974,Doha,F. Rapallini,Match Finished,2,2,,,,
311c9325db,2022-12-02,South Korea,Portugal,World Cup,Group Stage - 3,Education City Stadium,Ar-Rayyan,F. Tello,Match Finished,1,1,,,,
b2b0faf3ec,2022-12-03,Argentina,Australia,World Cup,Round of 16,Ahmad bin Ali Stadium,Al-Rayyan,S. Marciniak,Match Finished,1,0,,,,
d99be58a6f,2022-12-03,Netherlands,United States,World Cup,Round of 16,Khalifa International Stadium,Ar-Rayyan,Wilton Pereira Sampaio,Match Finished,2,0,,,,
4ef5a0caba,2022-12-04,England,Senegal,World Cup,Round of 16,Al Bayt Stadium,Al Khor,Ivan Cisneros,Match Finished,2,0,,,,
e5a611b433,2022-12-04,France,Poland,World Cup,Round of 16,Al Thumama Stadium,Doha,J. Valenzuela,Match Finished,1,0,,,,
aa719a0fc7,2022-12-05,Brazil,South Korea,World Cup,Round of 16,Stadium 974,Doha,C. Turpin,Match Finished,4,0,,,,
a22b287e5b,2022-12-05,Japan,Croatia,World Cup,Round of 16,Al Janoub Stadium,Al Wakrah,I. Elfath,Match Finished,1,0,0,0,1,3
4d78f17b1c,2022-12-06,Morocco,Spain,World Cup,Round of 16,Education City Stadium,Ar-Rayyan,F. Rapallini,Match Finished,0,0,0,0,3,0
8efaa3cc35,2022-12-06,Portugal,Switzerland,World Cup,Round of 16,Lusail Iconic Stadium,Lusail,C. Ramos,Match Finished,2,0,,,,
2ce1766671,2022-12-09,Croatia,Brazil,World Cup,Quarter-finals,Education City Stadium,Ar-Rayyan,M. Oliver,Match Finished,0,0,1,1,4,2
2af32b1111,2022-12-09,Netherlands,Argentina,World Cup,Quarter-finals,Lusail Iconic Stadium,Lusail,Antonio Mateu,Match Finished,0,1,0,0,3,4
945b79ba4f,2022-12-10,England,France,World Cup,Quarter-finals,Al Bayt Stadium,Al Khor,Wilton Pereira Sampaio,Match Finished,0,1,,,,
a347789d2b,2022-12-10,Morocco,Portugal,World Cup,Quarter-finals,Al Thumama Stadium,Doha,F. Tello,Match Finished,1,0,,,,
de1eb723e8,2022-12-13,Argentina,Croatia,World Cup,Semi-finals,Lusail Iconic Stadium,Lusail,D. Orsato,Match Finished,2,0,,,,
2c8ca8aaf5,2022-12-14,France,Morocco,World Cup,Semi-finals,Al Bayt Stadium,Al Khor,C. Ramos,Match Finished,1,0,,,,
95769b9c0e,2022-12-17,Croatia,Morocco,World Cup,3rd Place Final,Khalifa International Stadium,Ar-Rayyan,Abdulrahman Al Jassim,Match Finished,2,1,,,,
637cde918f,2022-12-18,Argentina,France,World Cup,Final,Lusail Iconic Stadium,Lusail,S. Marciniak,Match Finished,2,0,1,1,4,2
cc41f277e0,2023-03-23,Algeria,Niger,Africa Cup of Nations - Qualification,Group Stage - 3,Stade de Nelson Mandela,Baraki,Mahmood Ismail,Match Finished,0,1,,,,
b09366487e,2023-03-23,Ghana,Angola,Africa Cup of Nations - Qualification,Group Stage - 3,Baba Yara Stadium,Kumasi,J. Ndala,Match Finished,0,0,,,,
c53cad7620,2023-03-23,Italy,England,Euro Championship - Qualification,Qualifying Round - 1,Stadio Diego Armando Maradona,Napoli,S. Jovanović,Match Finished,0,2,,,,
52f9c12045,2023-03-23,Portugal,Liechtenstein,Euro Championship - Qualification,Qualifying Round - 1,Estádio José Alvalade,Lisboa,E. Eskås,Match Finished,1,0,,,,
59e669e295,2023-03-23,Suriname,Mexico,CONCACAF Nations League,League A - 5,Dr. Ir. Franklin Essed Stadion,Paramaribo,S. Martínez,Match Finished,0,0,,,,
c532423725,2023-03-24,Austria,Azerbaijan,Euro Championship - Qualification,Qualifying Round - 1,Raiffeisen Arena,Linz,B. Frankowski,Match Finished,2,0,,,,
bc3932bb1c,2023-03-24,Cape Verde,Eswatini,Africa Cup of Nations - Qualification,Group Stage - 3,Estádio Nacional de Cabo Verde,Praia,C. Bulu,Match Finished,0,0,,,,
9de21fc3ed,2023-03-24,Czech Republic,Poland,Euro Championship - Qualification,Qualifying Round - 1,Fortuna Arena,Praha,A. Sidiropoulos,Match Finished,2,0,,,,
fbea70f753,2023-03-24,Egypt,Malawi,Africa Cup of Nations - Qualification,Group Stage - 3,30 June Air Defence Stadium,Cairo,P. Atcho,Match Finished,2,0,,,,
5e367c0071,2023-03-24,France,Netherlands,Euro Championship - Qualification,Qualifying Round - 1,Stade de France,Saint-Denis,M. Mariani,Match Finished,3,0,,,,
3973674507,2023-03-24,Grenada,United States,CONCACAF Nations League,League A - 5,Kirani James National Stadium,St. George's,D. Parchment,Match Finished,1,4,,,,
b177167fef,2023-03-24,Ivory Coast,Comoros,Africa Cup of Nations - Qualification,Group Stage - 3,Stade de Bouaké,Bouaké,A. Bouh,Match Finished,1,0,,,,
7c96cd19c0,2023-03-24,Senegal,Mozambique,Africa Cup of Nations - Qualification,Group Stage - 3,Stade Me Abdoulaye Wade,Diamniadio,Ibrahim Mutaz,Match Finished,4,0,,,,
da900aa19e,2023-03-24,South Africa,Liberia,Africa Cup of Nations - Qualification,Group Stage - 3,Orlando Stadium,"Johannesburg, GA",B. Tessema,Match Finished,2,0,,,,
1af85cc1b6,2023-03-24,Sweden,Belgium,Euro Championship - Qualification,Qualifying Round - 1,Strawberry Arena,Solna,O. Grinfeeld,Match Finished,0,1,,,,
3ed1e07795,2023-03-24,Tunisia,Libya,Africa Cup of Nations - Qualification,Group Stage - 3,Stade Olympique Hammadi Agrebi,Radès,M. Ghorbal,Match Finished,2,0,,,,
e5f61d845f,2023-03-25,Armenia,Turkey,Euro Championship - Qualification,Qualifying Round - 1,Vazgen Sargsyan anvan Hanrapetakan Marzadasht,Yerevan,José Sánchez,Match Finished,1,1,,,,
1d62b196df,2023-03-25,Belarus,Switzerland,Euro Championship - Qualification,Qualifying Round - 1,Stadion Karađorđe,Novi Sad,Alejandro Hernández,Match Finished,0,3,,,,
29830c2e61,2023-03-25,Croatia,Wales,Euro Championship - Qualification,Qualifying Round - 1,Stadion Poljud,Split,João Pedro Pinheiro,Match Finished,1,0,,,,
5405f21bb8,2023-03-25,Curaçao,Canada,CONCACAF Nations League,League A - 5,Stadion Ergilio Hato,Willemstad,J. Calderón,Match Finished,0,2,,,,
952e683090,2023-03-25,Montserrat,Haiti,CONCACAF Nations League,League B - 5,Blakes Estate Stadium,Look Out,B. López,Match Finished,0,0,,,,
7dc6d82781,2023-03-25,Scotland,Cyprus,Euro Championship - Qualification,Qualifying Round - 1,Hampden Park,Glasgow,D. Strukan,Match Finished,1,0,,,,
362e825d98,2023-03-25,Spain,Norway,Euro Championship - Qualification,Qualifying Round - 1,Estadio La Rosaleda,Málaga,B. Bastien,Match Finished,1,0,,,,
ce017912c4,2023-03-26,England,Ukraine,Euro Championship - Qualification,Qualifying Round - 2,Wembley Stadium,London,S. Gözübüyük,Match Finished,2,0,,,,
f60dffa970,2023-03-26,Luxembourg,Portugal,Euro Championship - Qualification,Qualifying Round - 2,Stade de Luxembourg,Luxembourg,R. Petrescu,Match Finished,0,4,,,,
0fff160252,2023-03-26,Mexico,Jamaica,CONCACAF Nations League,League A - 6,Estadio Azteca,D.F.,I. Elfath,Match Finished,2,2,,,,
28a9cfa857,2023-03-27,Angola,Ghana,Africa Cup of Nations - Qualification,Group Stage - 4,Estádio 11 de Novembro,Luanda,Mahmoud Mansour,Match Finished,0,0,,,,
6e8c9c1fb5,2023-03-27,Austria,Estonia,Euro Championship - Qualification,Qualifying Round - 2,Raiffeisen Arena,Linz,E. Jorgji,Match Finished,0,1,,,,
2ad49b1c20,2023-03-27,Moldova,Czech Republic,Euro Championship - Qualification,Qualifying Round - 2,Stadionul Zimbru,Chişinău,D. Schlager,Match Finished,0,0,,,,
7ee48eafea,2023-03-27,Netherlands,Gibraltar,Euro Championship - Qualification,Qualifying Round - 2,Stadion Feijenoord,Rotterdam,M. Krogh,Match Finished,1,0,,,,
89208c3fdc,2023-03-27,Niger,Algeria,Africa Cup of Nations - Qualification,Group Stage - 4,Stade Olympique Hammadi Agrebi,Radès,B. Traoré,Match Finished,0,1,,,,
be48f58e28,2023-03-27,Sweden,Azerbaijan,Euro Championship - Qualification,Qualifying Round - 2,Strawberry Arena,Solna,S. Frappart,Match Finished,1,0,,,,
0cb3db680e,2023-03-27,United States,El Salvador,CONCACAF Nations League,League A - 6,Exploria Stadium,"Orlando, Florida",M. Escobar,Match Finished,0,0,,,,
4dd1c5a396,2023-03-28,Canada,Honduras,CONCACAF Nations League,League A - 6,BMO Field,"Toronto, Ontario",Ivan Cisneros,Match Finished,2,0,,,,
31bf57f77f,2023-03-28,Comoros,Ivory Coast,Africa Cup of Nations - Qualification,Group Stage - 4,Stade Omnisports de Malouzini,Moroni,K. Waweru,Match Finished,0,1,,,,
262e751cb5,2023-03-28,Costa Rica,Panama,CONCACAF Nations League,League A - 6,Estadio Nacional de Costa Rica,San José,C. Ramos,Match Finished,0,0,,,,
eb4e3a4fc8,2023-03-28,Eswatini,Cape Verde,Africa Cup of Nations - Qualification,Group Stage - 4,Mbombela Stadium,Nelspruit,J. Ishimwe,Match Finished,0,0,,,,
e7d26f3ff6,2023-03-28,Georgia,Norway,Euro Championship - Qualification,Qualifying Round - 2,Batumi Arena,Batumi,A. Treimanis,Match Finished,0,1,,,,
4ecae58d7f,2023-03-28,Haiti,Bermuda,CONCACAF Nations League,League B - 6,Estadio Panamericano,San Cristóbal,M. Matamoros,Match Finished,3,0,,,,
413d54c777,2023-03-28,Liberia,South Africa,Africa Cup of Nations - Qualification,Group Stage - 4,Samuel Kanyon Doe Stadium,Monrovia,D. Laryea,Match Finished,1,1,,,,
088f187503,2023-03-28,Libya,Tunisia,Africa Cup of Nations - Qualification,Group Stage - 4,Martyrs of February Stadium,Benghazi,Amin Omar,Match Finished,0,1,,,,
dd9706160a,2023-03-28,Malawi,Egypt,Africa Cup of Nations - Qualification,Group Stage - 4,Bingu National Stadium,Lilongwe,D. Beida,Match Finished,0,3,,,,
c1cb3d7076,2023-03-28,Mozambique,Senegal,Africa Cup of Nations - Qualification,Group Stage - 4,Estádio Nacional do Zimpeto,Maputo,J. Jayed,Match Finished,0,1,,,,
2cf0340282,2023-03-28,Scotland,Spain,Euro Championship - Qualification,Qualifying Round - 2,Hampden Park,Glasgow,S. Schärer,Match Finished,1,0,,,,
54cdb642e0,2023-03-28,Switzerland,Israel,Euro Championship - Qualification,Qualifying Round - 2,Stade de Genève,Lancy,N. Dabanović,Match Finished,1,0,,,,
3a812b22ba,2023-03-28,Turkey,Croatia,Euro Championship - Qualification,Qualifying Round - 2,Yüzüncü Yıl Atatürk Sütaş Stadyumu,Bursa,A. Ekberg,Match Finished,0,2,,,,
cb1f92e209,2023-06-14,Guinea,Egypt,Africa Cup of Nations - Qualification,Group Stage - 5,Stade de Marrakech,Marrakech,D. Laryea,Match Finished,1,1,,,,
ba3fe1e9a5,2023-06-14,Netherlands,Croatia,UEFA Nations League,Semi-finals,Stadion Feijenoord,Rotterdam,"Istvan Kovacs, Romania",Match Finished,1,0,0,2,,
6d2edf6c67,2023-06-15,Panama,Canada,CONCACAF Nations League,Semi-finals,Allegiant Stadium,"Las Vegas, Nevada",J. Calderón,Match Finished,0,1,,,,
9a287fe44a,2023-06-15,Spain,Italy,UEFA Nations League,Semi-finals,De Grolsch Veste,Enschede,"Slavko Vincic, Slovenia",Match Finished,1,1,,,,
8b962f3cd6,2023-06-15,United States,Mexico,CONCACAF Nations League,Semi-finals,Allegiant Stadium,"Las Vegas, Nevada",Ivan Cisneros,Match Finished,1,0,,,,
b48b463f9b,2023-06-16,Andorra,Switzerland,Euro Championship - Qualification,Qualifying Round - 3,Estadi Nacional,Andorra la Vella,B. Berke,Match Finished,0,2,,,,
e13b73d53d,2023-06-16,Gibraltar,France,Euro Championship - Qualification,Qualifying Round - 3,Estádio Do Algarve,Almancil,Y. Aranovskyi,Match Finished,0,2,,,,
d96ab64856,2023-06-16,Latvia,Turkey,Euro Championship - Qualification,Qualifying Round - 3,Stadions Skonto,Riga,T. Bognár,Match Finished,0,1,,,,
df772c9327,2023-06-16,Malta,England,Euro Championship - Qualification,Qualifying Round - 3,Ta'Qali National Stadium,Ta'Qali,I. Pajač,Match Finished,0,3,,,,
9cb859123a,2023-06-17,Belgium,Austria,Euro Championship - Qualification,Qualifying Round - 3,Stade Roi Baudouin,Brussel,J. Brisard,Match Finished,0,1,,,,
4651328c87,2023-06-17,Benin,Senegal,Africa Cup of Nations - Qualification,Group Stage - 5,Stade de l'Amitié,Cotonou,J. Ndala,Match Finished,0,1,,,,
2605bf184f,2023-06-17,Equatorial Guinea,Tunisia,Africa Cup of Nations - Qualification,Group Stage - 5,Nuevo Estadio de Malabo,Malabo,K. Traore,Match Finished,0,0,,,,
21569c51b6,2023-06-17,Faroe Islands,Czech Republic,Euro Championship - Qualification,Qualifying Round - 3,Tórsvøllur,"Tórshavn, Streymoy",A. Kardeşler,Match Finished,0,2,,,,
ec8ddff30e,2023-06-17,Norway,Scotland,Euro Championship - Qualification,Qualifying Round - 3,Ullevaal Stadion,Oslo,M. Jug,Match Finished,0,0,,,,
38b423c000,2023-06-17,South Africa,Morocco,Africa Cup of Nations - Qualification,Group Stage - 5,FNB Stadium,"Johannesburg, GA",A. Mahamat,Match Finished,1,0,,,,
7a93bd0d86,2023-06-17,Zambia,Ivory Coast,Africa Cup of Nations - Qualification,Group Stage - 5,Levy Mwanawasa Stadium,Ndola,B. Tessema,Match Finished,1,0,,,,
82b238608f,2023-06-18,Cape Verde,Burkina Faso,Africa Cup of Nations - Qualification,Group Stage - 5,Estádio Nacional de Cabo Verde,Praia,H. Guirat,Match Finished,1,1,,,,
a2804cd508,2023-06-18,Croatia,Spain,UEFA Nations League,Final,Stadion Feijenoord,Rotterdam,"Felix Zwayer, Germany",Match Finished,0,0,0,0,4,5
ad9b089010,2023-06-18,Madagascar,Ghana,Africa Cup of Nations - Qualification,Group Stage - 5,Stade Kianja Barea Mahamasina,Antananarivo,P. Milazare,Match Finished,0,0,,,,
eda83ff4d0,2023-06-18,Netherlands,Italy,UEFA Nations League,3rd Place Final,De Grolsch Veste,Enschede,"Glenn Nyberg, Sweden",Match Finished,0,2,,,,
4181896d18,2023-06-18,Panama,Mexico,CONCACAF Nations League,3rd Place Final,Allegiant Stadium,"Las Vegas, Nevada",D. Parchment,Match Finished,0,1,,,,
6ba18bb65c,2023-06-18,Uganda,Algeria,Africa Cup of Nations - Qualification,Group Stage - 5,Stade Omnisport de Douala,Douala,P. Atcho,Match Finished,0,1,,,,
c2e665d7d5,2023-06-18,United States,Canada,CONCACAF Nations League,Final,Allegiant Stadium,"Las Vegas, Nevada",S. Martínez,Match Finished,2,0,,,,
a2bb64433b,2023-06-19,France,Greece,Euro Championship - Qualification,Qualifying Round - 4,Stade de France,Saint-Denis,Antonio Mateu,Match Finished,0,0,,,,
1fd9e6fc76,2023-06-19,Switzerland,Romania,Euro Championship - Qualification,Qualifying Round - 4,swissporarena,Luzern,D. Orsato,Match Finished,2,0,,,,
71389ab9cb,2023-06-19,Turkey,Wales,Euro Championship - Qualification,Qualifying Round - 4,Samsun Yeni 19 Mayıs Stadyumu,Samsun,F. Maresca,Match Finished,0,0,,,,
c408d5171d,2023-06-20,Austria,Sweden,Euro Championship - Qualification,Qualifying Round - 4,Ernst-Happel-Stadion,Wien,M. Guida,Match Finished,0,0,,,,
78aaa64b6f,2023-06-20,Estonia,Belgium,Euro Championship - Qualification,Qualifying Round - 4,A. Le Coq Arena,Tallinn,J. Beaton,Match Finished,0,2,,,,
ee207f954f,2023-06-20,Iceland,Portugal,Euro Championship - Qualification,Qualifying Round - 4,Laugardalsvöllur,Reykjavík,D. Siebert,Match Finished,0,0,,,,
e832d4fc7a,2023-06-20,Norway,Cyprus,Euro Championship - Qualification,Qualifying Round - 4,Ullevaal Stadion,Oslo,A. Stavrev,Match Finished,1,0,,,,
d4f88821a6,2023-06-20,Scotland,Georgia,Euro Championship - Qualification,Qualifying Round - 4,Hampden Park,Glasgow,I. Vad II,Match Finished,1,0,,,,
50fcf0f7d0,2023-06-24,United States,Jamaica,CONCACAF Gold Cup,Group Stage - 1,Soldier Field,"Chicago, Illinois",C. Ramos,Match Finished,0,1,,,,
762c055ee2,2023-06-25,Haiti,Qatar,CONCACAF Gold Cup,Group Stage - 1,NRG Stadium,"Houston, Texas",D. Parchment,Match Finished,1,1,,,,
f6ec18ca2c,2023-06-25,Mexico,Honduras,CONCACAF Gold Cup,Group Stage - 1,NRG Stadium,"Houston, Texas",M. Escobar,Match Finished,2,0,,,,
ef4d0ef175,2023-06-26,Costa Rica,Panama,CONCACAF Gold Cup,Group Stage - 1,DRV PNK Stadium,"Fort Lauderdale, Florida",D. Fischer,Match Finished,0,1,,,,
7a9b13367c,2023-06-27,Canada,Guadeloupe,CONCACAF Gold Cup,Group Stage - 1,BMO Field,"Toronto, Ontario",R. Vazquez,Match Finished,0,1,,,,
f451047634,2023-06-29,Haiti,Mexico,CONCACAF Gold Cup,Group Stage - 2,State Farm Stadium,"Glendale, Arizona",W. López,Match Finished,0,0,,,,
e30f21d6b5,2023-06-29,Qatar,Honduras,CONCACAF Gold Cup,Group Stage - 2,State Farm Stadium,"Glendale, Arizona",A. Villarreal,Match Finished,1,0,,,,
04dab19766,2023-06-30,Martinique,Panama,CONCACAF Gold Cup,Group Stage - 2,Red Bull Arena,"Harrison, New Jersey",H. Martinez,Match Finished,0,0,,,,
5949723f32,2023-07-01,Guatemala,Canada,CONCACAF Gold Cup,Group Stage - 2,Shell Energy Stadium,"Houston, Texas",M. Ortíz,Match Finished,0,0,,,,
0d64fd3281,2023-07-02,Honduras,Haiti,CONCACAF Gold Cup,Group Stage - 3,Bank of America Stadium,"Charlotte, North Carolina",O. Nation,Match Finished,1,1,,,,
a66303b314,2023-07-02,Mexico,Qatar,CONCACAF Gold Cup,Group Stage - 3,Levi's Stadium,"Santa Clara, California",D. Fischer,Match Finished,0,1,,,,
2086ad8b6d,2023-07-02,United States,Trinidad and Tobago,CONCACAF Gold Cup,Group Stage - 3,Bank of America Stadium,"Charlotte, North Carolina",M. Escobar,Match Finished,3,0,,,,
d4debd768c,2023-07-04,Canada,Cuba,CONCACAF Gold Cup,Group Stage - 3,Shell Energy Stadium,"Houston, Texas",K. Herrera,Match Finished,2,1,,,,
7b833fdd59,2023-07-04,Panama,El Salvador,CONCACAF Gold Cup,Group Stage - 3,Shell Energy Stadium,"Houston, Texas",W. López,Match Finished,1,1,,,,
eb512988f9,2023-07-08,Mexico,Costa Rica,CONCACAF Gold Cup,Quarter-finals,AT&T Stadium,"Arlington, Texas",H. Martinez,Match Finished,0,0,,,,
0c01c0fbf4,2023-07-08,Panama,Qatar,CONCACAF Gold Cup,Quarter-finals,AT&T Stadium,"Arlington, Texas",C. Ramos,Match Finished,1,0,,,,
9c7b9f3f76,2023-07-09,United States,Canada,CONCACAF Gold Cup,Quarter-finals,TQL Stadium,"Cincinnati, Ohio",M. Ortíz,Match Finished,0,0,1,1,3,2
64aebb829a,2023-07-12,Jamaica,Mexico,CONCACAF Gold Cup,Semi-finals,Allegiant Stadium,"Las Vegas, Nevada",M. Escobar,Match Finished,0,2,,,,
4cb66f40f9,2023-07-12,United States,Panama,CONCACAF Gold Cup,Semi-finals,Snapdragon Stadium,"San Diego, California",W. López,Match Finished,0,0,1,1,4,5
02f84a5407,2023-07-16,Mexico,Panama,CONCACAF Gold Cup,Final,SoFi Stadium,"Inglewood, California",H. Martinez,Match Finished,0,0,,,,
8661311b67,2023-09-07,Algeria,Tanzania,Africa Cup of Nations - Qualification,Group Stage - 6,Stade du 19 Mai 1956,Annaba,Houngnandande,Match Finished,0,0,,,,
ea1a4a252f,2023-09-07,Czech Republic,Albania,Euro Championship - Qualification,Qualifying Round - 5,Fortuna Arena,Praha,A. Taylor,Match Finished,0,0,,,,
475a1554bd,2023-09-07,Ghana,Central African Republic,Africa Cup of Nations - Qualification,Group Stage - 6,Baba Yara Stadium,Kumasi,K. Waweru,Match Finished,1,1,,,,
0d5f556bd9,2023-09-07,Netherlands,Greece,Euro Championship - Qualification,Qualifying Round - 5,Philips Stadion,Eindhoven,M. Oliver,Match Finished,3,0,,,,
4511f96b5b,2023-09-07,Panama,Martinique,CONCACAF Nations League,League A - 1,Estadio Universitario F.C.,Penonomé,M. Ortíz,Match Finished,1,0,,,,
9b707c7894,2023-09-07,Trinidad and Tobago,Curaçao,CONCACAF Nations League,League A - 1,Hasely Crawford Stadium,Port of Spain,S. Dewar,Match Finished,0,0,,,,
0f3a088eed,2023-09-07,Tunisia,Botswana,Africa Cup of Nations - Qualification,Group Stage - 6,Stade Olympique Hammadi Agrebi,Radès,I. Sy,Match Finished,0,0,,,,
4ca8c8dfbe,2023-09-08,Croatia,Latvia,Euro Championship - Qualification,Qualifying Round - 5,Stadion HNK Rijeka,Rijeka,P. Farrugia,Match Finished,3,0,,,,
071789a1f3,2023-09-08,Cyprus,Scotland,Euro Championship - Qualification,Qualifying Round - 5,AEK Arena - George Karapatakis,Larnaca,B. Berke,Match Finished,0,3,,,,
636db99c16,2023-09-08,Egypt,Ethiopia,Africa Cup of Nations - Qualification,Group Stage - 6,30 June Air Defence Stadium,Cairo,P. Mebiame,Match Finished,1,0,,,,
66437b90b7,2023-09-08,Georgia,Spain,Euro Championship - Qualification,Qualifying Round - 5,Boris Paichadze Dinamo Arena,Tbilisi,D. Siebert,Match Finished,0,4,,,,
0341288f74,2023-09-08,Haiti,Cuba,CONCACAF Nations League,League A - 1,Estadio Panamericano,San Cristóbal,R. Solano,Match Finished,0,0,,,,
df01b162f8,2023-09-08,Slovakia,Portugal,Euro Championship - Qualification,Qualifying Round - 5,Štadión Tehelné pole,Bratislava,G. Nyberg,Match Finished,0,1,,,,
e069e51de7,2023-09-08,Turkey,Armenia,Euro Championship - Qualification,Qualifying Round - 5,Yeni Eskişehir Stadyumu,Eskişehir,D. Orsato,Match Finished,0,0,,,,
37ee59fbac,2023-09-09,Azerbaijan,Belgium,Euro Championship - Qualification,Qualifying Round - 5,Liv Bona Dea Arena,Baku,N. Minaković,Match Finished,0,1,,,,
264f91d36e,2023-09-09,Estonia,Sweden,Euro Championship - Qualification,Qualifying Round - 5,A. Le Coq Arena,Tallinn,H. Feșnic,Match Finished,0,3,,,,
a58628885c,2023-09-09,Ivory Coast,Lesotho,Africa Cup of Nations - Qualification,Group Stage - 6,Stade Laurent Pokou,San-Pedro,S. Uwikunda,Match Finished,1,0,,,,
33b7780522,2023-09-09,Kosovo,Switzerland,Euro Championship - Qualification,Qualifying Round - 5,Stadiumi Fadil Vokrri,Pristina,J. Kehlet,Match Finished,0,1,,,,
c798640260,2023-09-09,Rwanda,Senegal,Africa Cup of Nations - Qualification,Group Stage - 6,Stade Huye,Butare,H. Guirat,Match Finished,0,0,,,,
b6b01bfcb9,2023-09-09,Ukraine,England,Euro Championship - Qualification,Qualifying Round - 5,Tarczyński Arena,Wrocław,G. Kabakov,Match Finished,1,1,,,,
10181012e4,2023-09-10,Guatemala,Panama,CONCACAF Nations League,League A - 2,Estadio Nacional Mateo Flores,Ciudad de Guatemala,H. Martinez,Match Finished,0,1,,,,
9f5d21ca4c,2023-09-10,Martinique,Curaçao,CONCACAF Nations League,League A - 2,Stade Municipal Pierre-Aliker,Fort-de-France,O. Vergara,Match Finished,0,0,,,,
b3a9df3570,2023-09-10,Togo,Cape Verde,Africa Cup of Nations - Qualification,Group Stage - 6,Stade de Kégué,Lomé,Ibrahim Mutaz,Match Finished,1,2,,,,
7cd492e301,2023-09-11,Armenia,Croatia,Euro Championship - Qualification,Qualifying Round - 6,Vazgen Sargsyan anvan Hanrapetakan Marzadasht,Yerevan,C. Turpin,Match Finished,0,1,,,,
0e745e1fc0,2023-09-11,Portugal,Luxembourg,Euro Championship - Qualification,Qualifying Round - 6,Estádio Do Algarve,Almancil,J. Brooks,Match Finished,4,0,,,,
2ad0a8cbd0,2023-09-12,Belgium,Estonia,Euro Championship - Qualification,Qualifying Round - 6,Stade Roi Baudouin,Brussel,B. Frankowski,Match Finished,2,0,,,,
26bffb5eb7,2023-09-12,Jamaica,Haiti,CONCACAF Nations League,League A - 2,Independence Park,Kingston,C. Ramos,Match Finished,0,2,,,,
9abb043b16,2023-09-12,Norway,Georgia,Euro Championship - Qualification,Qualifying Round - 6,Ullevaal Stadion,Oslo,N. Dabanović,Match Finished,2,0,,,,
f1be0049e7,2023-09-12,Spain,Cyprus,Euro Championship - Qualification,Qualifying Round - 6,Estadio Nuevo Los Cármenes,Granada,S. Sozza,Match Finished,2,0,,,,
5eecb0020b,2023-09-12,Sweden,Austria,Euro Championship - Qualification,Qualifying Round - 6,Strawberry Arena,Solna,S. Gözübüyük,Match Finished,0,0,,,,
b15b809610,2023-09-12,Switzerland,Andorra,Euro Championship - Qualification,Qualifying Round - 6,Stade de Tourbillon,Sion,E. Məsiyev,Match Finished,0,0,,,,
6035c98868,2023-10-12,Albania,Czech Republic,Euro Championship - Qualification,Qualifying Round - 7,Arena Kombëtare,Tirana,D. Makkelie,Match Finished,1,0,,,,
97a1e189c7,2023-10-12,Croatia,Turkey,Euro Championship - Qualification,Qualifying Round - 7,Opus Arena,Osijek,A. Taylor,Match Finished,0,1,,,,
4e82ba010e,2023-10-12,Cyprus,Norway,Euro Championship - Qualification,Qualifying Round - 7,AEK Arena - George Karapatakis,Larnaca,D. Rumšas,Match Finished,0,1,,,,
516140f23e,2023-10-12,Spain,Scotland,Euro Championship - Qualification,Qualifying Round - 7,Estadio Olímpico de Sevilla,Sevilla,S. Gözübüyük,Match Finished,0,0,,,,
a8b158ac7e,2023-10-12,Suriname,Haiti,CONCACAF Nations League,League A - 3,Dr. Ir. Franklin Essed Stadion,Paramaribo,V. Cáceres,Match Finished,1,0,,,,
adfa4a66a7,2023-10-13,Austria,Belgium,Euro Championship - Qualification,Qualifying Round - 7,Ernst-Happel-Stadion,Wien,Gil Manzano,Match Finished,0,1,,,,
a7f9ebdae8,2023-10-13,Curaçao,Panama,CONCACAF Nations League,League A - 3,Stadion Ergilio Hato,Willemstad,I. Elfath,Match Finished,0,1,,,,
e5cb32d3f0,2023-10-13,Netherlands,France,Euro Championship - Qualification,Qualifying Round - 7,Johan Cruijff ArenA,Amsterdam,F. Zwayer,Match Finished,0,1,,,,
8febc97cd4,2023-10-13,Portugal,Slovakia,Euro Championship - Qualification,Qualifying Round - 7,Estádio Do Dragão,Porto,A. Sidiropoulos,Match Finished,2,0,,,,
e843779ba6,2023-10-15,Czech Republic,Faroe Islands,Euro Championship - Qualification,Qualifying Round - 8,Doosan Aréna,Plzeň,R. Saggi,Match Finished,0,0,,,,
549b03fbaa,2023-10-15,Haiti,Jamaica,CONCACAF Nations League,League A - 4,Hasely Crawford Stadium,Port of Spain,K. Herrera,Match Finished,1,1,,,,
027882fe4c,2023-10-15,Norway,Spain,Euro Championship - Qualification,Qualifying Round - 8,Ullevaal Stadion,Oslo,T. Stieler,Match Finished,0,0,,,,
90a8b895c1,2023-10-15,Switzerland,Belarus,Euro Championship - Qualification,Qualifying Round - 8,kybunpark,St. Gallen,João Pedro Pinheiro,Match Finished,1,0,,,,
41ea51306f,2023-10-15,Turkey,Latvia,Euro Championship - Qualification,Qualifying Round - 8,Medaş Konya Büyükşehir Stadyumu,Konya,E. Jorgji,Match Finished,0,0,,,,
ec8a61c9a6,2023-10-15,Wales,Croatia,Euro Championship - Qualification,Qualifying Round - 8,Cardiff City Stadium,Caerdydd,D. Massa,Match Finished,0,0,,,,
b7711e7082,2023-10-16,Azerbaijan,Austria,Euro Championship - Qualification,Qualifying Round - 8,Tofiq Bəhramov adına Respublika stadionu,Baku,A. Diamantopoulos,Match Finished,0,0,,,,
f5530c2564,2023-10-16,Belgium,Sweden,Euro Championship - Qualification,Qualifying Round - 8,Stade Roi Baudouin,Brussel,M. Mariani,Match Finished,1,1,,,,
75e4af6933,2023-10-16,Greece,Netherlands,Euro Championship - Qualification,Qualifying Round - 8,OPAP Arena,Athens,Alejandro Hernández,Match Finished,0,0,,,,
4bdf2e8553,2023-10-17,Curaçao,Trinidad and Tobago,CONCACAF Nations League,League A - 4,Stadion Ergilio Hato,Willemstad,H. Martinez,Match Finished,2,0,,,,
1960df75d9,2023-10-17,England,Italy,Euro Championship - Qualification,Qualifying Round - 8,Wembley Stadium,London,C. Turpin,Match Finished,1,1,,,,
faadc774ac,2023-10-17,Morocco,Liberia,Africa Cup of Nations - Qualification,Group Stage - 6,Stade d'Agadir,Agadir,A. Heeralall,Match Finished,1,0,,,,
5262f0a411,2023-10-17,Panama,Guatemala,CONCACAF Nations League,League A - 4,Estadio Rommel Fernández Gutiérrez,Ciudad de Panamá,A. Villarreal,Match Finished,1,0,,,,
ca57fea609,2023-11-15,Israel,Switzerland,Euro Championship - Qualification,Qualifying Round - 7,Puskás Akadémia Pancho Aréna,Felcsút,A. Taylor,Match Finished,0,1,,,,
baed52124e,2023-11-16,Algeria,Somalia,World Cup - Qualification Africa,Group Stage - 1,Nelson Mandela Stadium,Baraki,T. Boubou,Match Finished,2,0,,,,
41067f0d05,2023-11-16,Azerbaijan,Sweden,Euro Championship - Qualification,Qualifying Round - 9,Tofiq Bəhramov adına Respublika stadionu,Baku,E. Staubli,Match Finished,2,0,,,,
6bcd407146,2023-11-16,Cape Verde,Angola,World Cup - Qualification Africa,Group Stage - 1,Estádio Nacional de Cabo Verde,Praia,Y. Gamouh,Match Finished,0,0,,,,
8b09c0526e,2023-11-16,Costa Rica,Panama,CONCACAF Nations League,Quarter-finals,Estadio Ricardo Saprissa Aymá,San José,M. Escobar,Match Finished,0,2,,,,
83717f0a24,2023-11-16,Cyprus,Spain,Euro Championship - Qualification,Qualifying Round - 9,Alphamega Stadium,Kolossi,M. Balakin,Match Finished,0,3,,,,
513c46420f,2023-11-16,Egypt,Djibouti,World Cup - Qualification Africa,Group Stage - 1,Cairo International Stadium,Cairo,J. Chavani,Match Finished,2,0,,,,
9a09012953,2023-11-16,Estonia,Austria,Euro Championship - Qualification,Qualifying Round - 9,A. Le Coq Arena,Tallinn,N. Dabanović,Match Finished,0,2,,,,
e57911ecdc,2023-11-16,Georgia,Scotland,Euro Championship - Qualification,Qualifying Round - 9,Boris Paichadze Dinamo Arena,Tbilisi,A. Stavrev,Match Finished,1,0,,,,
0a68639c4d,2023-11-16,Liechtenstein,Portugal,Euro Championship - Qualification,Qualifying Round - 9,Rheinpark Stadion,Vaduz,M. Al Hakim,Match Finished,0,0,,,,
623ea4338e,2023-11-16,United States,Trinidad and Tobago,CONCACAF Nations League,Quarter-finals,Q2 Stadium,"Austin, Texas",O. Nation,Match Finished,0,0,,,,
56113c516f,2023-11-17,England,Malta,Euro Championship - Qualification,Qualifying Round - 9,Wembley Stadium,London,Luís Godinho,Match Finished,1,0,,,,
94110c0f4d,2023-11-17,Ghana,Madagascar,World Cup - Qualification Africa,Group Stage - 1,Baba Yara Stadium,Kumasi,S. Guezzaz,Match Finished,0,0,,,,
81c3dee0b7,2023-11-17,Honduras,Mexico,CONCACAF Nations League,Quarter-finals,Estadio José de la Paz Herrera Uclés,Tegucigalpa,J. Calderón,Match Finished,1,0,,,,
2662e4eb01,2023-11-17,Ivory Coast,Seychelles,World Cup - Qualification Africa,Group Stage - 1,Stade Olympique Alassane Ouattara,Abidjan,A. Diouf,Match Finished,4,0,,,,
e3d20d48ae,2023-11-17,Poland,Czech Republic,Euro Championship - Qualification,Qualifying Round - 9,Stadion Narodowy,Warszawa,D. Orsato,Match Finished,1,0,,,,
61d9f30bc4,2023-11-18,France,Gibraltar,Euro Championship - Qualification,Qualifying Round - 9,Allianz Riviera,Nice,J. Brooks,Match Finished,7,0,,,,
b2993c071f,2023-11-18,Jamaica,Canada,CONCACAF Nations League,Quarter-finals,Independence Park,Kingston,M. Penso,Match Finished,0,1,,,,
d8819a0707,2023-11-18,Latvia,Croatia,Euro Championship - Qualification,Qualifying Round - 9,Stadions Skonto,Riga,U. Schnyder,Match Finished,0,2,,,,
631787621b,2023-11-18,Senegal,South Sudan,World Cup - Qualification Africa,Group Stage - 1,Stade Me Abdoulaye Wade,Diamniadio,M. Retselisitsoe,Match Finished,3,0,,,,
d53212e139,2023-11-18,South Africa,Benin,World Cup - Qualification Africa,Group Stage - 1,Moses Mabhida Stadium,Durban,M. Ismail,Match Finished,2,0,,,,
d591e54d60,2023-11-18,Switzerland,Kosovo,Euro Championship - Qualification,Qualifying Round - 9,St. Jakob-Park,Basel,António Nobre,Match Finished,0,0,,,,
f48f81491f,2023-11-19,Belgium,Azerbaijan,Euro Championship - Qualification,Qualifying Round - 10,Stade Roi Baudouin,Brussel,G. Bogár,Match Finished,4,0,,,,
ca3b3fc704,2023-11-19,Mozambique,Algeria,World Cup - Qualification Africa,Group Stage - 2,Estádio Nacional do Zimpeto,Maputo,S. Uwikunda,Match Finished,0,0,,,,
48f353dfc3,2023-11-19,Portugal,Iceland,Euro Championship - Qualification,Qualifying Round - 10,Estádio José Alvalade,Lisboa,A. Papapetrou,Match Finished,1,0,,,,
3551c17b1d,2023-11-19,Scotland,Norway,Euro Championship - Qualification,Qualifying Round - 10,Hampden Park,Glasgow,H. Feșnic,Match Finished,2,2,,,,
8dfe7bddda,2023-11-19,Sierra Leone,Egypt,World Cup - Qualification Africa,Group Stage - 2,SKD Stadium,Monrovia,J. Ndala,Match Finished,0,1,,,,
734d476111,2023-11-19,Spain,Georgia,Euro Championship - Qualification,Qualifying Round - 10,Estadio Municipal José Zorrilla,Valladolid,O. Hațegan,Match Finished,1,1,,,,
582150e510,2023-11-19,Sweden,Estonia,Euro Championship - Qualification,Qualifying Round - 10,Strawberry Arena,Solna,F. Maresca,Match Finished,1,0,,,,
51bd7e7b42,2023-11-20,Czech Republic,Moldova,Euro Championship - Qualification,Qualifying Round - 10,Andrův stadion,Olomouc,S. Schärer,Match Finished,1,0,,,,
261b665702,2023-11-20,Gambia,Ivory Coast,World Cup - Qualification Africa,Group Stage - 2,Benjamin Mkapa National Stadium,Dar es Salaam,J. Jayed,Match Finished,0,1,,,,
30ed1e14e5,2023-11-20,Panama,Costa Rica,CONCACAF Nations League,Quarter-finals,Estadio Rommel Fernández Gutiérrez,Ciudad de Panamá,H. Martinez,Match Finished,3,0,,,,
2f370a55ef,2023-11-20,Trinidad and Tobago,United States,CONCACAF Nations League,Quarter-finals,Hasely Crawford Stadium,Port of Spain,W. López,Match Finished,1,1,,,,
250459782f,2023-11-21,Canada,Jamaica,CONCACAF Nations League,Quarter-finals,BMO Field,"Toronto, Ontario",C. Ramos,Match Finished,1,0,,,,
288338ff64,2023-11-21,Comoros,Ghana,World Cup - Qualification Africa,Group Stage - 2,Stade de Moroni,Moroni,A. Bouh,Match Finished,1,0,,,,
6bce434e5a,2023-11-21,Croatia,Armenia,Euro Championship - Qualification,Qualifying Round - 10,Stadion Maksimir,Zagreb,I. Kružliak,Match Finished,1,0,,,,
341365c53e,2023-11-21,Eswatini,Cape Verde,World Cup - Qualification Africa,Group Stage - 2,Mbombela Stadium,Mbombela,S. M. Fadul,Match Finished,0,2,,,,
9c96e3dda4,2023-11-21,Gibraltar,Netherlands,Euro Championship - Qualification,Qualifying Round - 10,Estádio Do Algarve,Almancil,A. Kardeşler,Match Finished,0,3,,,,
6775fdd3ca,2023-11-21,Greece,France,Euro Championship - Qualification,Qualifying Round - 10,OPAP Arena,Athens,D. Siebert,Match Finished,0,1,,,,
5db120f297,2023-11-21,Malawi,Tunisia,World Cup - Qualification Africa,Group Stage - 2,Bingu National Stadium,Lilongwe,A. Gnama,Match Finished,0,0,,,,
f2555669b7,2023-11-21,Mexico,Honduras,CONCACAF Nations League,Quarter-finals,Estadio Azteca,D.F.,Ivan Cisneros,Match Finished,1,0,0,0,4,2
4143477414,2023-11-21,Romania,Switzerland,Euro Championship - Qualification,Qualifying Round - 10,Arena Naţională,Bucureşti,D. Massa,Match Finished,0,0,,,,
ca60c74bf6,2023-11-21,Rwanda,South Africa,World Cup - Qualification Africa,Group Stage - 2,Stade Huye,Butare,A. M. Omar,Match Finished,2,0,,,,
7922a20eb1,2023-11-21,Tanzania,Morocco,World Cup - Qualification Africa,Group Stage - 2,Benjamin Mkapa National Stadium,Dar es Salaam,A. Tom,Match Finished,0,1,,,,
35a13ec829,2023-11-21,Togo,Senegal,World Cup - Qualification Africa,Group Stage - 2,Stade de Kégué,Lomé,M. Ghorbal,Match Finished,0,0,,,,
b46500324c,2023-11-21,Wales,Turkey,Euro Championship - Qualification,Qualifying Round - 10,Cardiff City Stadium,Caerdydd,M. Jug,Match Finished,1,0,,,,
e838fd8024,2024-01-12,Qatar,Lebanon,Asian Cup,Group Stage - 1,Lusail Stadium,Lusail,A. Faghani,Match Finished,1,0,,,,
355084c41c,2024-01-13,Australia,India,Asian Cup,Group Stage - 1,Ahmad bin Ali Stadium,Al-Rayyan,Y. Yamashita,Match Finished,0,0,,,,
2de82a21b7,2024-01-13,Ivory Coast,Guinea-Bissau,Africa Cup of Nations,Group Stage - 1,Stade Olympique Alassane Ouattara,Abidjan,Amin Omar,Match Finished,1,0,,,,
7ec834690d,2024-01-13,Uzbekistan,Syria,Asian Cup,Group Stage - 1,Jassim Bin Hamad Stadium,Doha,Ahmed Al Kaf,Match Finished,0,0,,,,
9d09ccda90,2024-01-14,Egypt,Mozambique,Africa Cup of Nations,Group Stage - 1,Stade Félix Houphouët-Boigny,Abidjan,D. Beida,Match Finished,1,0,,,,
bae201c6d2,2024-01-14,Ghana,Cape Verde,Africa Cup of Nations,Group Stage - 1,Stade Félix Houphouët-Boigny,Abidjan,J. Ndala,Match Finished,0,1,,,,
651a640718,2024-01-14,Iran,Palestine,Asian Cup,Group Stage - 1,Education City Stadium,Ar-Rayyan,Abdulrahman Al Jassim,Match Finished,3,1,,,,
4a709c406a,2024-01-14,Japan,Vietnam,Asian Cup,Group Stage - 1,Al Thumama Stadium,Doha,Kim Jong-Hyeok,Match Finished,3,2,,,,
d2d6157062,2024-01-15,Algeria,Angola,Africa Cup of Nations,Group Stage - 1,Stade de Bouaké,Bouaké,I. Sy,Match Finished,1,0,,,,
67fb318bf5,2024-01-15,Indonesia,Iraq,Asian Cup,Group Stage - 1,Ahmad bin Ali Stadium,Al-Rayyan,I. Tantashev,Match Finished,1,2,,,,
3e4e4f03ca,2024-01-15,Malaysia,Jordan,Asian Cup,Group Stage - 1,Al Janoub Stadium,Al Wakrah,Mohamed Abdulla Hassan Mohd,Match Finished,0,3,,,,
c0cda4e359,2024-01-15,Senegal,Gambia,Africa Cup of Nations,Group Stage - 1,Stade Charles Konan Banny de Yamoussoukro,Yamoussoukro,R. Jiyed,Match Finished,1,0,,,,
ec621a8da1,2024-01-15,South Korea,Bahrain,Asian Cup,Group Stage - 1,Jassim Bin Hamad Stadium,Doha,Ma Ning,Match Finished,1,0,,,,
1caff2d23b,2024-01-16,Mali,South Africa,Africa Cup of Nations,Group Stage - 1,Stade Amadou Gon Coulibaly,Korhogo,Mohamed Hussein,Match Finished,0,0,,,,
dd20cab92b,2024-01-16,Saudi Arabia,Oman,Asian Cup,Group Stage - 1,Khalifa International Stadium,Ar-Rayyan,S. Evans,Match Finished,0,1,,,,
a00e7af646,2024-01-16,Tunisia,Namibia,Africa Cup of Nations,Group Stage - 1,Stade Amadou Gon Coulibaly,Korhogo,O. Artan,Match Finished,0,0,,,,
434c2aa7db,2024-01-17,Morocco,Tanzania,Africa Cup of Nations,Group Stage - 1,Stade Laurent Pokou,San-Pedro,A. Mahamat,Match Finished,1,0,,,,
ef6733d56a,2024-01-17,Qatar,Tajikistan,Asian Cup,Group Stage - 2,Al Bayt Stadium,Al Khor,H. Kimura,Match Finished,1,0,,,,
c9750d6345,2024-01-18,Egypt,Ghana,Africa Cup of Nations,Group Stage - 2,Stade Félix Houphouët-Boigny,Abidjan,P. Atcho,Match Finished,0,1,,,,
c54b917ec4,2024-01-18,India,Uzbekistan,Asian Cup,Group Stage - 2,Ahmad bin Ali Stadium,Al-Rayyan,Fu Ming,Match Finished,0,3,,,,
ba0c209e91,2024-01-18,Ivory Coast,Nigeria,Africa Cup of Nations,Group Stage - 2,Stade Olympique Alassane Ouattara,Abidjan,M. Ghorbal,Match Finished,0,0,,,,
410450b3a6,2024-01-18,Syria,Australia,Asian Cup,Group Stage - 2,Jassim Bin Hamad Stadium,Doha,Adel Al Naqbi,Match Finished,0,0,,,,
8f3832c4cb,2024-01-19,Cape Verde,Mozambique,Africa Cup of Nations,Group Stage - 2,Stade Félix Houphouët-Boigny,Abidjan,S. Guezzaz,Match Finished,1,0,,,,
f128a11419,2024-01-19,Hong Kong,Iran,Asian Cup,Group Stage - 2,Khalifa International Stadium,Ar-Rayyan,Hanna Hattab,Match Finished,0,1,,,,
fdec600ee4,2024-01-19,Iraq,Japan,Asian Cup,Group Stage - 2,Education City Stadium,Ar-Rayyan,Khalid Al Turais,Match Finished,2,0,,,,
2617473174,2024-01-19,Senegal,Cameroon,Africa Cup of Nations,Group Stage - 2,Stade Charles Konan Banny de Yamoussoukro,Yamoussoukro,Mahmood Ismail,Match Finished,1,0,,,,
b4221ee113,2024-01-20,Algeria,Burkina Faso,Africa Cup of Nations,Group Stage - 2,Stade de Bouaké,Bouaké,A. Tom,Match Finished,0,1,,,,
4858be1e77,2024-01-20,Jordan,South Korea,Asian Cup,Group Stage - 2,Al Thumama Stadium,Doha,Salman Ahmad Falahi,Match Finished,2,1,,,,
441676f424,2024-01-20,Tunisia,Mali,Africa Cup of Nations,Group Stage - 2,Stade Amadou Gon Coulibaly,Korhogo,D. Laryea,Match Finished,1,1,,,,
9b74413e52,2024-01-21,Kyrgyzstan,Saudi Arabia,Asian Cup,Group Stage - 2,Ahmad bin Ali Stadium,Al-Rayyan,J. Iida,Match Finished,0,1,,,,
545e6d9edc,2024-01-21,South Africa,Namibia,Africa Cup of Nations,Group Stage - 2,Stade Amadou Gon Coulibaly,Korhogo,Y. Gamouh,Match Finished,3,0,,,,
8ef0ff5070,2024-01-22,Cape Verde,Egypt,Africa Cup of Nations,Group Stage - 3,Stade Félix Houphouët-Boigny,Abidjan,A. Mahamat,Match Finished,1,0,,,,
08e9281eb2,2024-01-22,Ivory Coast,Equatorial Guinea,Africa Cup of Nations,Group Stage - 3,Stade Olympique Alassane Ouattara,Abidjan,Mahmood Ismail,Match Finished,0,1,,,,
065622e54e,2024-01-22,Mozambique,Ghana,Africa Cup of Nations,Group Stage - 3,Stade Olympique Alassane Ouattara,Abidjan,Ibrahim Mutaz,Match Finished,0,1,,,,
18b6664485,2024-01-22,Qatar,China,Asian Cup,Group Stage - 3,Khalifa International Stadium,Ar-Rayyan,Abdullah Jamali,Match Finished,0,0,,,,
435f230a7e,2024-01-23,Australia,Uzbekistan,Asian Cup,Group Stage - 3,Al Janoub Stadium,Al Wakrah,Y. Araki,Match Finished,1,0,,,,
399fb42009,2024-01-23,Guinea,Senegal,Africa Cup of Nations,Group Stage - 3,Stade Charles Konan Banny de Yamoussoukro,Yamoussoukro,P. Ndabihawenimana,Match Finished,0,0,,,,
14617ec2f6,2024-01-23,Iran,United Arab Emirates,Asian Cup,Group Stage - 3,Education City Stadium,Ar-Rayyan,I. Tantashev,Match Finished,1,0,,,,
26631b7237,2024-01-23,Mauritania,Algeria,Africa Cup of Nations,Group Stage - 3,Stade de Bouaké,Bouaké,O. Artan,Match Finished,1,0,,,,
4fd1b0a6fb,2024-01-24,Iraq,Vietnam,Asian Cup,Group Stage - 3,Jassim Bin Hamad Stadium,Doha,Nazmi Nasaruddin,Match Finished,0,1,,,,
39e64348d0,2024-01-24,Japan,Indonesia,Asian Cup,Group Stage - 3,Al Thumama Stadium,Doha,Khamis Al Marri,Match Finished,1,0,,,,
405ca82d3f,2024-01-24,South Africa,Tunisia,Africa Cup of Nations,Group Stage - 3,Stade Amadou Gon Coulibaly,Korhogo,I. Sy,Match Finished,0,0,,,,
7c37a65b8c,2024-01-24,Zambia,Morocco,Africa Cup of Nations,Group Stage - 3,Stade Laurent Pokou,San-Pedro,P. Mebiame,Match Finished,0,1,,,,
e81249cdbd,2024-01-25,Jordan,Bahrain,Asian Cup,Group Stage - 3,Khalifa International Stadium,Ar-Rayyan,Omar Al Ali,Match Finished,0,1,,,,
a00b9d7709,2024-01-25,Saudi Arabia,Thailand,Asian Cup,Group Stage - 3,Education City Stadium,Ar-Rayyan,Kim Hee-Gon,Match Finished,0,0,,,,
cbf8e6bdf5,2024-01-25,South Korea,Malaysia,Asian Cup,Group Stage - 3,Al Janoub Stadium,Al Wakrah,Khalid Al Turais,Match Finished,1,0,,,,
50c8d7335f,2024-01-28,Australia,Indonesia,Asian Cup,Round of 16,Jassim Bin Hamad Stadium,Doha,Mohamed Abdulla Hassan Mohd,Match Finished,2,0,,,,
45508a1c76,2024-01-29,Cape Verde,Mauritania,Africa Cup of Nations,Round of 16,Stade Félix Houphouët-Boigny,Abidjan,Mohamed Adel,Match Finished,0,0,,,,
e0aaff0e54,2024-01-29,Iraq,Jordan,Asian Cup,Round of 16,Khalifa International Stadium,Ar-Rayyan,A. Faghani,Match Finished,0,1,,,,
ccc228dc1d,2024-01-29,Ivory Coast,Senegal,Africa Cup of Nations,Round of 16,Stade Charles Konan Banny de Yamoussoukro,Yamoussoukro,P. Atcho,Match Finished,0,1,0,0,5,4
65c37b5d86,2024-01-29,Qatar,Palestine,Asian Cup,Round of 16,Al Bayt Stadium,Al Khor,Ma Ning,Match Finished,1,1,,,,
f1ea63165d,2024-01-30,Morocco,South Africa,Africa Cup of Nations,Round of 16,Stade Laurent Pokou,San-Pedro,Mahmood Ismail,Match Finished,0,0,,,,
5be17ac935,2024-01-30,Saudi Arabia,South Korea,Asian Cup,Round of 16,Education City Stadium,Ar-Rayyan,I. Tantashev,Match Finished,0,0,0,0,2,4
353cbb2044,2024-01-30,Uzbekistan,Thailand,Asian Cup,Round of 16,Al Janoub Stadium,Al Wakrah,Nazmi Nasaruddin,Match Finished,1,0,,,,
a5b017ad71,2024-01-31,Bahrain,Japan,Asian Cup,Round of 16,Al Thumama Stadium,Doha,Ahmad Al Ali,Match Finished,0,1,,,,
209358eca1,2024-01-31,Iran,Syria,Asian Cup,Round of 16,Abdullah bin Nasser bin Khalifa Stadium,Doha,Kim Jong-Hyeok,Match Finished,1,0,0,0,5,3
e061934ee1,2024-02-02,Australia,South Korea,Asian Cup,Quarter-finals,Al Janoub Stadium,Al Wakrah,Ahmed Al Kaf,Match Finished,1,0,0,1,,
6b990f7128,2024-02-02,Tajikistan,Jordan,Asian Cup,Quarter-finals,Ahmad bin Ali Stadium,Al-Rayyan,Fu Ming,Match Finished,0,0,,,,
bbdd5fd4d5,2024-02-03,Cape Verde,South Africa,Africa Cup of Nations,Quarter-finals,Stade Charles Konan Banny de Yamoussoukro,Yamoussoukro,J. Ndala,Match Finished,0,0,0,0,1,2
6f25bebbde,2024-02-03,Iran,Japan,Asian Cup,Quarter-finals,Education City Stadium,Ar-Rayyan,Ma Ning,Match Finished,0,1,,,,
db15aded89,2024-02-03,Ivory Coast,Mali,Africa Cup of Nations,Quarter-finals,Stade de Bouaké,Bouaké,Mohamed Adel,Match Finished,0,0,1,0,,
8351fd41a7,2024-02-03,Qatar,Uzbekistan,Asian Cup,Quarter-finals,Al Bayt Stadium,Al Khor,Kim Hee-Gon,Match Finished,1,0,0,0,3,2
feb8f1d742,2024-02-06,Jordan,South Korea,Asian Cup,Semi-finals,Ahmad bin Ali Stadium,Al-Rayyan,Mohamed Abdulla Hassan Mohd,Match Finished,0,0,,,,
125b330b24,2024-02-07,Nigeria,South Africa,Africa Cup of Nations,Semi-finals,Stade de Bouaké,Bouaké,Amin Omar,Match Finished,0,0,0,0,4,2
4df19a0911,2024-02-07,Qatar,Iran,Asian Cup,Semi-finals,Al Thumama Stadium,Doha,Ahmad Al Ali,Match Finished,2,1,,,,
5aee21f74f,2024-02-10,Qatar,Jordan,Asian Cup,Final,Lusail Stadium,Lusail,Ma Ning,Match Finished,1,0,,,,
a438517108,2024-02-11,Ivory Coast,Nigeria,Africa Cup of Nations,Final,Stade Olympique Alassane Ouattara,Abidjan,D. Beida,Match Finished,0,1,,,,
f203753788,2024-03-21,Panama,Mexico,CONCACAF Nations League,Semi-finals,AT&T Stadium,"Arlington, Texas",W. López,Match Finished,0,2,,,,
8302ca0b62,2024-03-21,United States,Jamaica,CONCACAF Nations League,Semi-finals,AT&T Stadium,"Arlington, Texas",S. Brown,Match Finished,0,1,2,0,,
8baa770cd6,2024-03-23,Canada,Trinidad and Tobago,CONCACAF Nations League,Play-offs,Toyota Stadium,"Frisco, Texas",M. Ortíz,Match Finished,0,0,,,,
caa31e1d0c,2024-03-24,Jamaica,Panama,CONCACAF Nations League,3rd Place Final,AT&T Stadium,"Arlington, Texas",T. Penso,Match Finished,1,0,,,,
3727d477a1,2024-03-24,United States,Mexico,CONCACAF Nations League,Final,AT&T Stadium,"Arlington, Texas",D. Fischer,Match Finished,1,0,,,,
6f2e67756f,2024-06-05,Tunisia,Equatorial Guinea,World Cup - Qualification Africa,Group Stage - 3,Stade Olympique Hammadi Agrebi,Rades,A. Tom,Match Finished,0,0,,,,
2e1620b050,2024-06-06,Algeria,Guinea,World Cup - Qualification Africa,Group Stage - 3,Nelson Mandela Stadium,Baraki,B. Tessema,Match Finished,0,0,,,,
648545cde4,2024-06-06,Egypt,Burkina Faso,World Cup - Qualification Africa,Group Stage - 3,Cairo International Stadium,Cairo,K. Waweru,Match Finished,2,0,,,,
e139d7b75a,2024-06-06,Mali,Ghana,World Cup - Qualification Africa,Group Stage - 3,Stade du 26 Mars,Bamako,Amin Omar,Match Finished,1,0,,,,
d43d5a62da,2024-06-07,Ivory Coast,Gabon,World Cup - Qualification Africa,Group Stage - 3,Amadou Gon Coulibaly Stadium,Korhogo,"Omar Abdulkadir Artan, Somalia",Match Finished,1,0,,,,
168e8e5e2b,2024-06-07,Morocco,Zambia,World Cup - Qualification Africa,Group Stage - 3,Stade Adrar,Agadir,"Issa Sy, Senegal",Match Finished,1,0,,,,
142dd5b9de,2024-06-07,Nigeria,South Africa,World Cup - Qualification Africa,Group Stage - 3,Godswill Akpabio International Stadium,Uyo,"Alhadi Allaou Mahamat, Chad",Match Finished,0,1,,,,
b2e5d74b93,2024-06-08,Cameroon,Cape Verde,World Cup - Qualification Africa,Group Stage - 3,Stade Ahmadou Ahidjo,Yaounde,"Mustapha Ghorbal, Algeria",Match Finished,3,1,,,,
f127e8dbc1,2024-06-09,Mauritania,Senegal,World Cup - Qualification Africa,Group Stage - 4,Stade Cheikha Ould Boidiya,Nouakchott,S. Guezzaz,Match Finished,0,1,,,,
7326bf7c51,2024-06-09,Namibia,Tunisia,World Cup - Qualification Africa,Group Stage - 4,Orlando Stadium,Johannesburg,D. Beida,Match Finished,0,0,,,,
1548656045,2024-06-10,Ghana,Central African Republic,World Cup - Qualification Africa,Group Stage - 4,Baba Yara Stadium,Kumasi,Abdulrazg Ahmed,Match Finished,1,2,,,,
17c5f78087,2024-06-10,Guinea-Bissau,Egypt,World Cup - Qualification Africa,Group Stage - 4,Estádio Nacional 24 de Setembro,Bissau,Mahmood Ismail,Match Finished,1,0,,,,
b54a84b9a8,2024-06-10,Uganda,Algeria,World Cup - Qualification Africa,Group Stage - 4,Nelson Mandela National Stadium,Kampala,A. Ligali,Match Finished,1,0,,,,
579bf142ed,2024-06-11,Cape Verde,Libya,World Cup - Qualification Africa,Group Stage - 4,Estádio Nacional de Cabo Verde,Praia,K. Traore,Match Finished,1,0,,,,
3448e7af2e,2024-06-11,Kenya,Ivory Coast,World Cup - Qualification Africa,Group Stage - 4,Bingu National Stadium,Lilongwe,J. Jayed,Match Finished,0,0,,,,
2e57aca36b,2024-06-11,Morocco,Congo,World Cup - Qualification Africa,Group Stage - 4,Stade Adrar,Agadir,D. Laryea,Match Finished,4,0,,,,
af1702335e,2024-06-11,South Africa,Zimbabwe,World Cup - Qualification Africa,Group Stage - 4,Toyota Stadium,Bloemfontein,Mohamed Maarouf Eid Mansour,Match Finished,1,1,,,,
62e7a65c94,2024-06-14,Germany,Scotland,Euro Championship,Group A - 1,Allianz Arena,München,C. Turpin,Match Finished,3,0,,,,
5e930e03e5,2024-06-15,Hungary,Switzerland,Euro Championship,Group A - 1,RheinEnergieSTADION,Köln,S. Vinčić,Match Finished,0,2,,,,
f192e78d48,2024-06-15,Spain,Croatia,Euro Championship,Group B - 1,Olympiastadion Berlin,Berlin,M. Oliver,Match Finished,3,0,,,,
386c06c2ae,2024-06-16,Poland,Netherlands,Euro Championship,Group D - 1,Volksparkstadion,Hamburg,Artur Soares Dias,Match Finished,1,1,,,,
d2d3c8934e,2024-06-16,Serbia,England,Euro Championship,Group C - 1,VELTINS-Arena,Gelsenkirchen,D. Orsato,Match Finished,0,1,,,,
dcf9d0eb6d,2024-06-17,Austria,France,Euro Championship,Group D - 1,Merkur Spiel-Arena,Düsseldorf,Gil Manzano,Match Finished,0,1,,,,
941f922b8a,2024-06-17,Belgium,Slovakia,Euro Championship,Group E - 1,Deutsche Bank Park,Frankfurt am Main,H. Meler,Match Finished,0,1,,,,
c758ee2d56,2024-06-18,Portugal,Czech Republic,Euro Championship,Group F - 1,Red Bull Arena,Leipzig,M. Guida,Match Finished,0,0,,,,
c36354e99c,2024-06-18,Turkey,Georgia,Euro Championship,Group F - 1,SIGNAL IDUNA PARK,Dortmund,F. Tello,Match Finished,1,1,,,,
05215c457c,2024-06-19,Croatia,Albania,Euro Championship,Group B - 2,Volksparkstadion,Hamburg,F. Letexier,Match Finished,0,1,,,,
666efa56c9,2024-06-19,Germany,Hungary,Euro Championship,Group A - 2,MHPArena,Stuttgart,D. Makkelie,Match Finished,1,0,,,,
f458aa84a5,2024-06-19,Scotland,Switzerland,Euro Championship,Group A - 2,RheinEnergieSTADION,Köln,I. Kružliak,Match Finished,1,1,,,,
15335cd049,2024-06-20,Argentina,Canada,Copa America,Group Stage - 1,Mercedes-Benz Stadium,"Atlanta, Georgia",J. Valenzuela,Match Finished,0,0,,,,
1fc4e44132,2024-06-20,Denmark,England,Euro Championship,Group C - 2,Deutsche Bank Park,Frankfurt am Main,Artur Soares Dias,Match Finished,1,1,,,,
4dea6f7f76,2024-06-20,Spain,Italy,Euro Championship,Group B - 2,VELTINS-Arena,Gelsenkirchen,S. Vinčić,Match Finished,0,0,,,,
588eaf7dd9,2024-06-21,Netherlands,France,Euro Championship,Group D - 2,Red Bull Arena,Leipzig,A. Taylor,Match Finished,0,0,,,,
fcba2409cc,2024-06-21,Poland,Austria,Euro Championship,Group D - 2,Olympiastadion Berlin,Berlin,H. Meler,Match Finished,1,1,,,,
0badcd4b37,2024-06-22,Belgium,Romania,Euro Championship,Group E - 2,RheinEnergieSTADION,Köln,S. Marciniak,Match Finished,1,0,,,,
645ebe0ce8,2024-06-22,Ecuador,Venezuela,Copa America,Group Stage - 1,Levi's Stadium,"Santa Clara, California",W. Roldán,Match Finished,1,0,,,,
5b4d37e4ca,2024-06-22,Georgia,Czech Republic,Euro Championship,Group F - 2,Volksparkstadion,Hamburg,D. Siebert,Match Finished,1,0,,,,
9dc020df3e,2024-06-22,Mexico,Jamaica,Copa America,Group Stage - 1,NRG Stadium,"Houston, Texas",I. Elfath,Match Finished,0,0,,,,
1633bfe212,2024-06-22,Turkey,Portugal,Euro Championship,Group F - 2,SIGNAL IDUNA PARK,Dortmund,F. Zwayer,Match Finished,0,2,,,,
2701a1d0a7,2024-06-23,Germany,Switzerland,Euro Championship,Group A - 3,Deutsche Bank Park,Frankfurt am Main,D. Orsato,Match Finished,0,1,,,,
856465a2db,2024-06-23,Scotland,Hungary,Euro Championship,Group A - 3,MHPArena,Stuttgart,F. Tello,Match Finished,0,0,,,,
1f46682aee,2024-06-23,United States,Bolivia,Copa America,Group Stage - 1,AT&T Stadium,"Arlington, Texas",M. Mariani,Match Finished,2,0,,,,
f782810998,2024-06-23,Uruguay,Panama,Copa America,Group Stage - 1,Hard Rock Stadium,"Miami Gardens, Florida",P. Maza,Match Finished,1,0,,,,
da37c7f525,2024-06-24,Albania,Spain,Euro Championship,Group B - 3,Merkur Spiel-Arena,Düsseldorf,G. Nyberg,Match Finished,0,1,,,,
867b6f1482,2024-06-24,Brazil,Costa Rica,Copa America,Group Stage - 1,SoFi Stadium,"Inglewood, California",C. Ramos,Match Finished,0,0,,,,
a1300e5717,2024-06-24,Colombia,Paraguay,Copa America,Group Stage - 1,NRG Stadium,"Houston, Texas",D. Herrera,Match Finished,2,0,,,,
c2b157dac5,2024-06-24,Croatia,Italy,Euro Championship,Group B - 3,Red Bull Arena,Leipzig,D. Makkelie,Match Finished,0,0,,,,
f31bca74d6,2024-06-25,Chile,Argentina,Copa America,Group Stage - 2,MetLife Stadium,"East Rutherford, New Jersey",A. Matonte,Match Finished,0,0,,,,
64e7833f1d,2024-06-25,England,Slovenia,Euro Championship,Group C - 3,RheinEnergieSTADION,Köln,C. Turpin,Match Finished,0,0,,,,
cebfc14eec,2024-06-25,France,Poland,Euro Championship,Group D - 3,SIGNAL IDUNA PARK,Dortmund,M. Guida,Match Finished,0,0,,,,
ca0e4a3e5a,2024-06-25,Netherlands,Austria,Euro Championship,Group D - 3,Olympiastadion Berlin,Berlin,I. Kružliak,Match Finished,0,1,,,,
a1466654a6,2024-06-25,Peru,Canada,Copa America,Group Stage - 2,Children's Mercy Park,"Kansas City, Kansas",M. Escobar,Match Finished,0,0,,,,
26ed3a0e40,2024-06-26,Czech Republic,Turkey,Euro Championship,Group F - 3,Volksparkstadion,Hamburg,I. Kovács,Match Finished,0,0,,,,
c1dbd4073d,2024-06-26,Ecuador,Jamaica,Copa America,Group Stage - 2,Allegiant Stadium,"Las Vegas, Nevada",C. Garay,Match Finished,2,0,,,,
ad137e5e71,2024-06-26,Georgia,Portugal,Euro Championship,Group F - 3,VELTINS-Arena,Gelsenkirchen,S. Schärer,Match Finished,1,0,,,,
e6c48a7580,2024-06-26,Ukraine,Belgium,Euro Championship,Group E - 3,MHPArena,Stuttgart,A. Taylor,Match Finished,0,0,,,,
bd538df021,2024-06-26,Venezuela,Mexico,Copa America,Group Stage - 2,SoFi Stadium,"Inglewood, California",Raphael Claus,Match Finished,0,0,,,,
d3514efb10,2024-06-27,United States,Panama,Copa America,Group Stage - 2,Mercedes-Benz Stadium,"Atlanta, Georgia",I. Barton,Match Finished,1,1,,,,
6f1890f3a2,2024-06-27,Uruguay,Bolivia,Copa America,Group Stage - 2,MetLife Stadium,"East Rutherford, New Jersey",J. Benítez,Match Finished,2,0,,,,
9d4a6ce07b,2024-06-28,Colombia,Costa Rica,Copa America,Group Stage - 2,State Farm Stadium,"Glendale, Arizona",G. Tejera,Match Finished,1,0,,,,
52b62070c4,2024-06-28,Paraguay,Brazil,Copa America,Group Stage - 2,Allegiant Stadium,"Las Vegas, Nevada",P. Maza,Match Finished,0,3,,,,
0d232687e9,2024-06-29,Argentina,Peru,Copa America,Group Stage - 3,Hard Rock Stadium,"Miami Gardens, Florida",C. Ramos,Match Finished,0,0,,,,
0c0f53a037,2024-06-29,Canada,Chile,Copa America,Group Stage - 3,Inter&Co Stadium,"Orlando, Florida",W. Roldán,Match Finished,0,0,,,,
efb4b20ab4,2024-06-29,Germany,Denmark,Euro Championship,Round of 16,BVB Stadion Dortmund,Dortmund,M. Oliver,Match Finished,0,0,,,,
ef49e6d6b3,2024-06-29,Switzerland,Italy,Euro Championship,Round of 16,Olympiastadion Berlin,Berlin,S. Marciniak,Match Finished,1,0,,,,
a5f96854b6,2024-06-30,England,Slovakia,Euro Championship,Round of 16,Arena AufSchalke,Gelsenkirchen,H. Meler,Match Finished,0,1,1,0,,
ee83daf710,2024-06-30,Mexico,Ecuador,Copa America,Group Stage - 3,State Farm Stadium,"Glendale, Arizona",M. Escobar,Match Finished,0,0,,,,
385b1fa892,2024-06-30,Spain,Georgia,Euro Championship,Round of 16,Cologne Stadium,Köln,F. Letexier,Match Finished,1,1,,,,
9553d4ff01,2024-07-01,Bolivia,Panama,Copa America,Group Stage - 3,Inter&Co Stadium,"Orlando, Florida",Edina Alves Batista,Match Finished,0,1,,,,
6848f30212,2024-07-01,France,Belgium,Euro Championship,Round of 16,Düsseldorf Arena,Düsseldorf,G. Nyberg,Match Finished,0,0,,,,
962e50e179,2024-07-01,Portugal,Slovenia,Euro Championship,Round of 16,Frankfurt Arena,Frankfurt am Main,D. Orsato,Match Finished,0,0,0,0,3,0
922164adca,2024-07-01,United States,Uruguay,Copa America,Group Stage - 3,Arrowhead Stadium,"Kansas City, Missouri",K. Ortega,Match Finished,0,0,,,,
75759690c4,2024-07-02,Austria,Turkey,Euro Championship,Round of 16,Leipzig Stadium,Leipzig,Artur Soares Dias,Match Finished,0,1,,,,
43856f0f5b,2024-07-02,Brazil,Colombia,Copa America,Group Stage - 3,Levi's Stadium,"Santa Clara, California",J. Valenzuela,Match Finished,1,1,,,,
6ded771840,2024-07-02,Costa Rica,Paraguay,Copa America,Group Stage - 3,Q2 Stadium,"Austin, Texas",Y. Falcón,Match Finished,2,0,,,,
12565386a5,2024-07-02,Romania,Netherlands,Euro Championship,Round of 16,Fußball Arena München,München,F. Zwayer,Match Finished,0,1,,,,
2edfa71be0,2024-07-04,Argentina,Ecuador,Copa America,Quarter-finals,NRG Stadium,"Houston, Texas",A. Matonte,Match Finished,1,0,0,0,4,2
f5db8bec23,2024-07-05,Germany,Spain,Euro Championship,Quarter-finals,Stuttgart Arena,Stuttgart,A. Taylor,Match Finished,0,0,0,1,,
d47aad19ab,2024-07-05,Portugal,France,Euro Championship,Quarter-finals,Volksparkstadion,Hamburg,M. Oliver,Match Finished,0,0,0,0,3,5
c5c5e93ee5,2024-07-05,Venezuela,Canada,Copa America,Quarter-finals,AT&T Stadium,"Arlington, Texas",Wilton Pereira Sampaio,Match Finished,0,1,0,0,3,4
cffc6d766d,2024-07-06,Colombia,Panama,Copa America,Quarter-finals,State Farm Stadium,"Glendale, Arizona",M. Mariani,Match Finished,3,0,,,,
722fd386a1,2024-07-06,England,Switzerland,Euro Championship,Quarter-finals,Düsseldorf Arena,Düsseldorf,D. Orsato,Match Finished,0,0,0,0,5,3
10b607fefe,2024-07-06,Netherlands,Turkey,Euro Championship,Quarter-finals,Olympiastadion Berlin,Berlin,C. Turpin,Match Finished,0,1,,,,
e832498ad6,2024-07-06,Uruguay,Brazil,Copa America,Quarter-finals,Allegiant Stadium,"Las Vegas, Nevada",D. Herrera,Match Finished,0,0,0,0,4,2
330f39cdac,2024-07-09,Argentina,Canada,Copa America,Semi-finals,MetLife Stadium,"East Rutherford, New Jersey",P. Maza,Match Finished,1,0,,,,
6377129b7c,2024-07-09,Spain,France,Euro Championship,Semi-finals,Fußball Arena München,München,S. Vinčić,Match Finished,2,1,,,,
34523b7588,2024-07-10,Netherlands,England,Euro Championship,Semi-finals,SIGNAL IDUNA PARK,Dortmund,F. Zwayer,Match Finished,1,1,,,,
d53bd88113,2024-07-10,Uruguay,Colombia,Copa America,Semi-finals,Bank of America Stadium,"Charlotte, North Carolina",C. Ramos,Match Finished,0,1,,,,
e56d3c19ce,2024-07-13,Canada,Uruguay,Copa America,3rd Place Final,Bank of America Stadium,"Charlotte, North Carolina",A. Herrera,Match Finished,1,1,0,0,3,4
85702c8562,2024-07-14,Argentina,Colombia,Copa America,Final,Hard Rock Stadium,"Miami Gardens, Florida",Raphael Claus,Match Finished,0,0,1,0,,
8cc610b914,2024-07-14,Spain,England,Euro Championship,Final,Olympiastadion Berlin,Berlin,F. Letexier,Match Finished,0,0,,,,
0bac71d960,2024-09-05,Azerbaijan,Sweden,UEFA Nations League,League C - 1,Tofiq Bəhramov adına Respublika stadionu,Baku,"Balazs Berke, Hungary",Match Finished,0,0,,,,
ab381e6131,2024-09-05,Denmark,Switzerland,UEFA Nations League,League A - 1,Parken,København,"Daniel Siebert, Germany",Match Finished,0,0,,,,
48e483a8b3,2024-09-05,Portugal,Croatia,UEFA Nations League,League A - 1,Estádio da Luz,Lisbon,"Halil Umut Meler, Türkiye",Match Finished,2,1,,,,
7efb9c8301,2024-09-05,Scotland,Poland,UEFA Nations League,League A - 1,Hampden Park,Glasgow,"Glenn Nyberg, Sweden",Match Finished,0,2,,,,
64a258a644,2024-09-05,Serbia,Spain,UEFA Nations League,League A - 1,Stadion Rajko Mitić,Beograd,"Serdar Gozubuyuk, Netherlands",Match Finished,0,0,,,,
0a85dd9e75,2024-09-06,Belgium,Israel,UEFA Nations League,League A - 1,Nagyerdei Stadion,Debrecen,"Michael Oliver, England",Match Finished,1,1,,,,
0043c59436,2024-09-06,France,Italy,UEFA Nations League,League A - 1,Parc des Princes,Paris,"Sandro Schärer, Switzerland",Match Finished,1,1,,,,
dddd785965,2024-09-06,Kazakhstan,Norway,UEFA Nations League,League B - 1,Central Stadium,Almaty,"Allard Lindhout, Netherlands",Match Finished,0,0,,,,
408e3e65ec,2024-09-06,Puerto Rico,Haiti,CONCACAF Nations League,League B - 1,Estadio Centroamericano de Mayagüez,Mayagüez,F. Dujic,Match Finished,1,0,,,,
e04ab7348c,2024-09-06,Slovenia,Austria,UEFA Nations League,League B - 1,Stadion Stožice,Ljubljana,"Petrescu Radu Marian, Romania",Match Finished,1,1,,,,
875e746dca,2024-09-06,Wales,Turkey,UEFA Nations League,League B - 1,Cardiff City Stadium,Cardiff,"Rohit Saggi, Norway",Match Finished,0,0,,,,
55bb43453e,2024-09-07,Georgia,Czech Republic,UEFA Nations League,League B - 1,Mikheil Meskhis sakhelobis Stadioni,Tbilisi,"Orel Grinfeeld, Israel",Match Finished,1,0,,,,
7105bb099e,2024-09-07,Germany,Hungary,UEFA Nations League,League A - 1,Merkur Spiel-Arena,Düsseldorf,"Clement Turpin, France",Match Finished,1,0,,,,
92710b8084,2024-09-08,Croatia,Poland,UEFA Nations League,League A - 2,Opus Arena,Osijek,"François Letexier, France",Match Finished,0,0,,,,
5b24f68901,2024-09-08,Portugal,Scotland,UEFA Nations League,League A - 2,Estádio da Luz,Lisbon,"Maurizio Mariani, Italy",Match Finished,0,1,,,,
46788ddbb5,2024-09-08,Sweden,Estonia,UEFA Nations League,League C - 2,Strawberry Arena,Solna,"Sven Jablonski, Germany",Match Finished,3,0,,,,
bbafe293b9,2024-09-08,Switzerland,Spain,UEFA Nations League,League A - 2,Stade de Genéve,Geneva,"Irfan Peljto, Bosnia & Herzegovina",Match Finished,1,2,,,,
93f8fb0a0f,2024-09-09,Curaçao,Saint Martin,CONCACAF Nations League,League B - 2,Kirani James National Stadium,St. George's,J. Corporan,Match Finished,2,0,,,,
d5588cb400,2024-09-09,France,Belgium,UEFA Nations League,League A - 2,Groupama Stadium,Décines-Charpieu,"Tobias Stieler, Germany",Match Finished,1,0,,,,
a4a0465e41,2024-09-09,Haiti,Sint Maarten,CONCACAF Nations League,League B - 2,Estadio Centroamericano de Mayagüez,Mayagüez,C. Shaw-MacLaren,Match Finished,1,0,,,,
48d324d079,2024-09-09,Norway,Austria,UEFA Nations League,League B - 2,Ullevaal Stadion,Oslo,"Nikola Dabanovic, Montenegro",Match Finished,1,1,,,,
55b540276b,2024-09-09,Turkey,Iceland,UEFA Nations League,League B - 2,Gursel Aksel Stadium,Izmir,"Enea Jorgji, Albania",Match Finished,1,1,,,,
a88fb50e51,2024-09-10,Czech Republic,Ukraine,UEFA Nations League,League B - 2,Fortuna Arena,Praha,"John Beaton, Scotland",Match Finished,2,1,,,,
cd7c4ab866,2024-09-10,England,Finland,UEFA Nations League,League B - 2,Wembley Stadium,London,"Morten Krogh, Denmark",Match Finished,0,0,,,,
69954e44af,2024-09-10,Netherlands,Germany,UEFA Nations League,League A - 2,Johan Cruijff ArenA,Amsterdam,"Davide Massa, Italy",Match Finished,1,2,,,,
2ea4eff674,2024-10-10,Austria,Kazakhstan,UEFA Nations League,League B - 3,Raiffeisen Arena,Linz,"Don Robertson, Scotland",Match Finished,1,0,,,,
c6c8974144,2024-10-10,England,Greece,UEFA Nations League,League B - 3,Wembley Stadium,London,"Andrea Colombo, Italy",Match Finished,0,0,,,,
674a2cda1e,2024-10-10,Israel,France,UEFA Nations League,League A - 3,Bozsik Aréna,Budapest,"Nikola Dabanovic, Montenegro",Match Finished,1,2,,,,
10413e37e4,2024-10-10,Italy,Belgium,UEFA Nations League,League A - 3,Stadio Olimpico,Roma,"Espen Eskas, Norway",Match Finished,2,1,,,,
0cce6506e6,2024-10-10,Norway,Slovenia,UEFA Nations League,League B - 3,Ullevaal Stadion,Oslo,"Manfredas Lukjancukas, Lithuania",Match Finished,1,0,,,,
ddd74c981a,2024-10-11,Aruba,Haiti,CONCACAF Nations League,League B - 3,Compleho Deportivo Guillermo Prospero Trinidad,Oranjestad,K. Williams,Match Finished,1,2,,,,
f99e865049,2024-10-11,Czech Republic,Albania,UEFA Nations League,League B - 3,epet ARENA,Praha,"Benoît Bastien, France",Match Finished,1,0,,,,
c913364ec8,2024-10-11,Grenada,Curaçao,CONCACAF Nations League,League B - 3,Darren Sammy Cricket Ground,Gros Islet,J. Freemon,Match Finished,0,0,,,,
cff4531bd6,2024-10-11,Hungary,Netherlands,UEFA Nations League,League A - 3,Puskás Aréna,Budapest,"Lukas Fahndrich, Switzerland",Match Finished,1,0,,,,
3f796395f9,2024-10-11,Slovakia,Sweden,UEFA Nations League,League C - 3,Štadión Tehelné pole,Bratislava,"Maurizio Mariani, Italy",Match Finished,1,2,,,,
e2413f331d,2024-10-11,Turkey,Montenegro,UEFA Nations League,League B - 3,Samsun Yeni 19 Mayıs Stadyumu,Samsun,"Daniele Chiffi, Italy",Match Finished,0,0,,,,
d5dfb0ac68,2024-10-12,Croatia,Scotland,UEFA Nations League,League A - 3,Stadion Maksimir,Zagreb,"Istvan Kovacs, Romania",Match Finished,1,1,,,,
fd450b222b,2024-10-12,Poland,Portugal,UEFA Nations League,League A - 3,Stadion Narodowy,Warszawa,"Serdar Gozubuyuk, Netherlands",Match Finished,0,2,,,,
5ad2646611,2024-10-12,Serbia,Switzerland,UEFA Nations League,League A - 3,Dubocica Stadium,Leskovac,"Simone Sozza, Italy",Match Finished,1,0,,,,
dfc56d36cc,2024-10-12,Spain,Denmark,UEFA Nations League,League A - 3,Estadio Enrique Roca de Murcia,Murcia,"Ivan Kružliak, Slovakia",Match Finished,0,0,,,,
eb33e42534,2024-10-13,Austria,Norway,UEFA Nations League,League B - 4,Raiffeisen Arena,Linz,"Tamas Bognar, Hungary",Match Finished,1,1,,,,
4243bafb0a,2024-10-13,Finland,England,UEFA Nations League,League B - 4,Helsinki Olympic Stadium,Helsinki,"Giorgi Kruashvili, Georgia",Match Finished,0,1,,,,
03e8469a1e,2024-10-14,Aruba,Haiti,CONCACAF Nations League,League B - 4,Compleho Deportivo Guillermo Prospero Trinidad,Oranjestad,D. Gómez,Match Finished,2,2,,,,
071fbba14e,2024-10-14,Belgium,France,UEFA Nations League,League A - 4,Stade Roi Baudouin,Brussels,"Irfan Peljto, Bosnia & Herzegovina",Match Finished,1,1,,,,
2598f7495b,2024-10-14,Curaçao,Grenada,CONCACAF Nations League,League B - 4,Darren Sammy Cricket Ground,Gros Islet,C. Mason,Match Finished,1,0,,,,
dff4181a98,2024-10-14,Estonia,Sweden,UEFA Nations League,League C - 4,A. Le Coq Arena,Tallinn,"Juxhin Xhaja, Albania",Match Finished,0,2,,,,
5d8e61058e,2024-10-14,Germany,Netherlands,UEFA Nations League,League A - 4,Allianz Arena,München,"Slavko Vinčić, Slovenia",Match Finished,0,0,,,,
7cfa893c97,2024-10-14,Iceland,Turkey,UEFA Nations League,League B - 4,Laugardalsvöllur,Reykjavík,"Damian Sylwestrzak, Poland",Match Finished,1,0,,,,
befa2e21d4,2024-10-14,Ukraine,Czech Republic,UEFA Nations League,League B - 4,Tarczyński Arena,Wrocław,"Guillermo Cuadra Fernandez, Spain",Match Finished,0,1,,,,
2c7fd44491,2024-10-15,Poland,Croatia,UEFA Nations League,League A - 4,Stadion Narodowy,Warszawa,"Alejandro Hernandez, Spain",Match Finished,2,3,,,,
e2113f3572,2024-10-15,Scotland,Portugal,UEFA Nations League,League A - 4,Hampden Park,Glasgow,"Lawrence Visser, Belgium",Match Finished,0,0,,,,
a1babdbf75,2024-10-15,Spain,Serbia,UEFA Nations League,League A - 4,Estadio Nuevo Arcángel,Córdoba,"Daniel Stefanski, Poland",Match Finished,1,0,,,,
30424c5667,2024-10-15,Switzerland,Denmark,UEFA Nations League,League A - 4,kybunpark,St. Gallen,"Halil Umut Meler, Türkiye",Match Finished,2,1,,,,
5a786bbcdc,2024-11-14,Belgium,Italy,UEFA Nations League,League A - 5,Stade Roi Baudouin,Brussels,"Petrescu Radu Marian, Romania",Match Finished,0,1,,,,
369996cab2,2024-11-14,Costa Rica,Panama,CONCACAF Nations League,Quarter-finals,Estadio Nacional de Costa Rica,San José,H. Martinez,Match Finished,0,0,,,,
c3ee95aa5a,2024-11-14,France,Israel,UEFA Nations League,League A - 5,Stade de France,Saint-Denis,"Tobias Stieler, Germany",Match Finished,0,0,,,,
1be0accbaf,2024-11-14,Greece,England,UEFA Nations League,League B - 5,Spiros Louis Olympic Stadium,Athens,"Daniel Siebert, Germany",Match Finished,0,1,,,,
3919558d08,2024-11-14,Jamaica,United States,CONCACAF Nations League,Quarter-finals,Independence Park,Kingston,J. Calderón,Match Finished,0,1,,,,
63798b50cc,2024-11-14,Kazakhstan,Austria,UEFA Nations League,League B - 5,Central Stadium,Almaty,"Marian Barbu, Romania",Match Finished,0,2,,,,
7e01627e7f,2024-11-14,Slovenia,Norway,UEFA Nations League,League B - 5,Stadion Stožice,Ljubljana,"Michael Oliver, England",Match Finished,1,2,,,,
29dfd2efdb,2024-11-15,Curaçao,Saint Martin,CONCACAF Nations League,League B - 5,Stadion Ergilio Hato,Willemstad,F. Mojica,Match Finished,2,0,,,,
478ce50fdf,2024-11-15,Denmark,Spain,UEFA Nations League,League A - 5,Parken,København,"Rade Obrenovič, Slovenia",Match Finished,0,1,,,,
049b566c1b,2024-11-15,Honduras,Mexico,CONCACAF Nations League,Quarter-finals,Estadio Francisco Morazán,San Pedro Sula,W. López,Match Finished,0,0,,,,
0459f50dcb,2024-11-15,Portugal,Poland,UEFA Nations League,League A - 5,Estádio Do Dragão,Porto,"Donatas Rumsas, Lithuania",Match Finished,0,0,,,,
619cc14287,2024-11-15,Scotland,Croatia,UEFA Nations League,League A - 5,Hampden Park,Glasgow,"Orel Grinfeeld, Israel",Match Finished,0,0,,,,
40fd7333df,2024-11-15,Sint Maarten,Haiti,CONCACAF Nations League,League B - 5,Estadio Centroamericano de Mayagüez,Mayagüez,N. Da Silva,Match Finished,0,4,,,,
e375c5f69c,2024-11-15,Suriname,Canada,CONCACAF Nations League,Quarter-finals,Dr. Ir. Franklin Essed Stadion,Paramaribo,O. Nation,Match Finished,0,0,,,,
9331bb4784,2024-11-15,Switzerland,Serbia,UEFA Nations League,League A - 5,Stadion Letzigrund,Zürich,"Clement Turpin, France",Match Finished,0,0,,,,
614a8fcac9,2024-11-16,Albania,Czech Republic,UEFA Nations League,League B - 5,Air Albania,Tirana,"Sandro Schärer, Switzerland",Match Finished,0,0,,,,
fe33a35c12,2024-11-16,Netherlands,Hungary,UEFA Nations League,League A - 5,Johan Cruijff ArenA,Amsterdam,"Jesus Gil Manzano, Spain",Match Finished,2,0,,,,
40f383f282,2024-11-16,Sweden,Slovakia,UEFA Nations League,League C - 5,Strawberry Arena,Solna,"Mykola Balakin, Ukraine",Match Finished,1,1,,,,
c743aa1e68,2024-11-16,Turkey,Wales,UEFA Nations League,League B - 5,RHG Enertürk Enerji Stadyumu,Kayseri,"Juan Martinez Munuera, Spain",Match Finished,0,0,,,,
e7b9733f1f,2024-11-17,Austria,Slovenia,UEFA Nations League,League B - 6,Ernst-Happel-Stadion,Wien,"Glenn Nyberg, Sweden",Match Finished,1,0,,,,
65cd0b696b,2024-11-17,Israel,Belgium,UEFA Nations League,League A - 6,Bozsik Aréna,Budapest,"Sebastian Gishamer, Austria",Match Finished,0,0,,,,
567cf5adf7,2024-11-17,Italy,France,UEFA Nations League,League A - 6,Stadio Giuseppe Meazza,Milano,"Slavko Vinčić, Slovenia",Match Finished,1,2,,,,
8d9ae98221,2024-11-17,Norway,Kazakhstan,UEFA Nations League,League B - 6,Ullevaal Stadion,Oslo,"Jasper Vergoote, Belgium",Match Finished,3,0,,,,
a3d0454b9c,2024-11-18,Croatia,Portugal,UEFA Nations League,League A - 6,Stadion Poljud,Split,"Davide Massa, Italy",Match Finished,0,1,,,,
ff08b3b4bf,2024-11-18,Panama,Costa Rica,CONCACAF Nations League,Quarter-finals,Estadio Rommel Fernández Gutiérrez,Ciudad de Panamá,C. Ramos,Match Finished,2,1,,,,
1617384b73,2024-11-18,Poland,Scotland,UEFA Nations League,League A - 6,Stadion Narodowy,Warszawa,"Christian Dingert, Germany",Match Finished,0,1,,,,
983dc82418,2024-11-18,Puerto Rico,Haiti,CONCACAF Nations League,League B - 6,Estadio Centroamericano de Mayagüez,Mayagüez,R. Vazquez,Match Finished,0,1,,,,
886a212fc7,2024-11-18,Spain,Switzerland,UEFA Nations League,League A - 6,Heliodoro Rodríguez López,Santa Cruz de Tenerife,"Bastian Dankert, Germany",Match Finished,1,0,,,,
62968a4786,2024-11-18,United States,Jamaica,CONCACAF Nations League,Quarter-finals,CITYPARK,"St. Louis, Missouri",M. Escobar,Match Finished,3,0,,,,
4b5cdb9a46,2024-11-19,Canada,Suriname,CONCACAF Nations League,Quarter-finals,BMO Field,"Toronto, Ontario",K. Garcia,Match Finished,2,0,,,,
674991e831,2024-11-19,Czech Republic,Georgia,UEFA Nations League,League B - 6,Andrův stadion,Olomouc,"Anastasios Papapetrou, Greece",Match Finished,2,0,,,,
73c59db163,2024-11-19,Hungary,Germany,UEFA Nations League,League A - 6,Puskás Aréna,Budapest,"Duje Strukan, Croatia",Match Finished,0,0,,,,
3ee3f5caf2,2024-11-19,Mexico,Honduras,CONCACAF Nations League,Quarter-finals,Estadio Nemesio Díez,Toluca de Lerdo,D. Fischer,Match Finished,1,0,,,,
89398ed5c5,2024-11-19,Montenegro,Turkey,UEFA Nations League,League B - 6,Stadion Kraj Bistrice,Nikšić,"Urs Schnyder, Switzerland",Match Finished,2,1,,,,
0052198e2a,2024-11-19,Sweden,Azerbaijan,UEFA Nations League,League C - 6,Strawberry Arena,Solna,"Paweł Raczkowski, Poland",Match Finished,3,0,,,,
f7b4f0468f,2025-03-19,Liberia,Tunisia,World Cup - Qualification Africa,Group Stage - 5,Samuel Kanyon Doe Sports Complex,Monrovia,C. Kpan,Match Finished,0,1,,,,
55592ba3d8,2025-03-20,Austria,Serbia,UEFA Nations League,Play-offs A/B,Ernst-Happel-Stadion,Wien,"Joao Pedro Pinheiro, Portugal",Match Finished,1,0,,,,
131b4a0b8a,2025-03-20,Canada,Mexico,CONCACAF Nations League,Semi-finals,SoFi Stadium,"Inglewood, California",H. Martinez,Match Finished,0,1,,,,
d3575e370f,2025-03-20,Cape Verde,Mauritius,World Cup - Qualification Africa,Group Stage - 5,Estádio Nacional de Cabo Verde,Praia,Y. Malala,Match Finished,0,0,,,,
f443d70126,2025-03-20,Croatia,France,UEFA Nations League,Quarter-finals,Stadion Poljud,Split,"Espen Eskas, Norway",Match Finished,2,0,,,,
527dbc998c,2025-03-20,Denmark,Portugal,UEFA Nations League,Quarter-finals,Parken,København,"Irfan Peljto, Bosnia & Herzegovina",Match Finished,0,0,,,,
069177f36e,2025-03-20,Greece,Scotland,UEFA Nations League,Play-offs A/B,Georgios Karaiskakis,Piraeus,"Tobias Stieler, Germany",Match Finished,0,1,,,,
cc6faccc1e,2025-03-20,Italy,Germany,UEFA Nations League,Quarter-finals,Stadio Giuseppe Meazza,Milano,"François Letexier, France",Match Finished,1,0,,,,
56b6a1f8ae,2025-03-20,Netherlands,Spain,UEFA Nations League,Quarter-finals,Stadion Feijenoord,Rotterdam,"Glenn Nyberg, Sweden",Match Finished,1,1,,,,
f3242d79f6,2025-03-20,Turkey,Hungary,UEFA Nations League,Play-offs A/B,Rams Park Stadyumu,Istanbul,"Ivan Kružliak, Slovakia",Match Finished,1,1,,,,
6a8178b6e5,2025-03-20,Ukraine,Belgium,UEFA Nations League,Play-offs A/B,Estadio Enrique Roca de Murcia,Murcia,"Sandro Schärer, Switzerland",Match Finished,0,1,,,,
9cb6a495db,2025-03-20,United States,Panama,CONCACAF Nations League,Semi-finals,SoFi Stadium,"Inglewood, California",O. Nation,Match Finished,0,0,,,,
52af267d1f,2025-03-21,Botswana,Algeria,World Cup - Qualification Africa,Group Stage - 5,Obed Itani Chilume Stadium,Francistown,A. Arajiga,Match Finished,0,1,,,,
551d41fc6b,2025-03-21,Burundi,Ivory Coast,World Cup - Qualification Africa,Group Stage - 5,Stade d'Honneur,Meknes,S. Guezzaz,Match Finished,0,1,,,,
81c51ff7ac,2025-03-21,Ethiopia,Egypt,World Cup - Qualification Africa,Group Stage - 5,Stade Larbi Zaouli,Casablanca,P. Milazare,Match Finished,0,2,,,,
8ffa333ccb,2025-03-21,Ghana,Chad,World Cup - Qualification Africa,Group Stage - 5,Accra Sports Stadium,Accra,Abdulrazg Ahmed,Match Finished,3,0,,,,
0a0107973a,2025-03-21,Morocco,Niger,World Cup - Qualification Africa,Group Stage - 5,Honneur Stadium,Oujda,O. Artan,Match Finished,0,0,,,,
fbeb75356a,2025-03-21,South Africa,Lesotho,World Cup - Qualification Africa,Group Stage - 5,Peter Mokaba Stadium,Polokwane,M. Guedi,Technical loss,0,0,,,,
167c32d1f9,2025-03-22,Sudan,Senegal,World Cup - Qualification Africa,Group Stage - 5,Martyrs of February Stadium,Benghazi,P. Mebiame,Match Finished,0,0,,,,
06e5b693fd,2025-03-23,Belgium,Ukraine,UEFA Nations League,Play-offs A/B,Cegeka Arena,Genk,"Daniel Siebert, Germany",Match Finished,0,0,,,,
4465482786,2025-03-23,France,Croatia,UEFA Nations League,Quarter-finals,Stade de France,Saint-Denis,"Michael Oliver, England",Match Finished,0,0,0,0,5,4
cbadc56eda,2025-03-23,Germany,Italy,UEFA Nations League,Quarter-finals,SIGNAL IDUNA PARK,Dortmund,"Szymon Marciniak, Poland",Match Finished,3,0,,,,
61611c8546,2025-03-23,Hungary,Turkey,UEFA Nations League,Play-offs A/B,Puskás Aréna,Budapest,"Felix Zwayer, Germany",Match Finished,0,2,,,,
3e8074f068,2025-03-23,Panama,Mexico,CONCACAF Nations League,Final,SoFi Stadium,"Inglewood, California",M. Escobar,Match Finished,1,1,,,,
5002e4589a,2025-03-23,Portugal,Denmark,UEFA Nations League,Quarter-finals,Estádio José Alvalade,Lisboa,"Slavko Vinčić, Slovenia",Match Finished,1,0,2,0,,
8dc4a7e8a7,2025-03-23,Scotland,Greece,UEFA Nations League,Play-offs A/B,Hampden Park,Glasgow,"Massa, Davide, Italy",Match Finished,0,2,,,,
852d86b9a8,2025-03-23,Serbia,Austria,UEFA Nations League,Play-offs A/B,Stadion Rajko Mitić,Beograd,"José María Sánchez Martínez, Spain",Match Finished,0,0,,,,
02abccca2b,2025-03-23,Spain,Netherlands,UEFA Nations League,Quarter-finals,Estadio de Mestalla,Valencia,"Clement Turpin, France",Match Finished,1,0,1,1,5,4
ab04ed2c21,2025-03-23,United States,Canada,CONCACAF Nations League,3rd Place Final,SoFi Stadium,"Inglewood, California",K. Garcia,Match Finished,1,1,,,,
cd905b63da,2025-03-24,Ivory Coast,Gambia,World Cup - Qualification Africa,Group Stage - 6,Stade Félix Houphouët-Boigny,Abidjan,A. Malong,Match Finished,1,0,,,,
597a73d264,2025-03-24,Madagascar,Ghana,World Cup - Qualification Africa,Group Stage - 6,Mimoun Al Arsi Stadium,Al Hoceima,I. Sy,Match Finished,0,1,,,,
9c94aa86f6,2025-03-24,Tunisia,Malawi,World Cup - Qualification Africa,Group Stage - 6,Stade Olympique Hammadi Agrebi,Rades,Houngnandande,Match Finished,0,0,,,,
ce629f198e,2025-03-25,Algeria,Mozambique,World Cup - Qualification Africa,Group Stage - 6,Hocine Ait Ahmed Stadium,Tizi Ouzou,P. Ndabihawenimana,Match Finished,3,1,,,,
b70bb41549,2025-03-25,Angola,Cape Verde,World Cup - Qualification Africa,Group Stage - 6,Estádio 11 de Novembro,Luanda,M. Ghorbal,Match Finished,0,1,,,,
6183fd91e8,2025-03-25,Benin,South Africa,World Cup - Qualification Africa,Group Stage - 6,Peter Mokaba Stadium,Polokwane,D. Beida,Match Finished,0,0,,,,
e09ad51d97,2025-03-25,Egypt,Sierra Leone,World Cup - Qualification Africa,Group Stage - 6,Cairo International Stadium,Cairo,A. Heeralall,Match Finished,1,0,,,,
a451a665c7,2025-03-25,Morocco,Tanzania,World Cup - Qualification Africa,Group Stage - 6,Honneur Stadium,Oujda,A. Mahamat,Match Finished,0,0,,,,
a2993d8efe,2025-03-25,Senegal,Togo,World Cup - Qualification Africa,Group Stage - 6,Stade Me Abdoulaye Wade,Diamniadio,K. Waweru,Match Finished,1,0,,,,
5e1cd08760,2025-06-04,Germany,Portugal,UEFA Nations League,Semi-finals,Allianz Arena,München,"Slavko Vinčić, Slovenia",Match Finished,0,0,,,,
690c4cdaaf,2025-06-05,Spain,France,UEFA Nations League,Semi-finals,MHPArena,Stuttgart,"Michael Oliver, England",Match Finished,2,0,,,,
b6a7382b68,2025-06-08,Germany,France,UEFA Nations League,3rd Place Final,MHPArena,Stuttgart,"Ivan Kružliak, Slovakia",Match Finished,0,1,,,,
f6a54fa8a0,2025-06-08,Portugal,Spain,UEFA Nations League,Final,Allianz Arena,München,"Sandro Schärer, Switzerland",Match Finished,1,2,0,0,5,3
72270919ad,2025-09-04,Algeria,Botswana,World Cup - Qualification Africa,Group Stage - 7,Hocine Ait Ahmed Stadium,Tizi Ouzou,P. Ndabihawenimana,Match Finished,1,1,,,,
7beb523b7c,2025-09-04,Chad,Ghana,World Cup - Qualification Africa,Group Stage - 7,Stade Olympique Maréchal Idriss Deby Itno,Ndjamena,Celso Armindo Alvação,Match Finished,0,1,,,,
fb259d2cd7,2025-09-04,Mauritius,Cape Verde,World Cup - Qualification Africa,Group Stage - 7,National Sports Complex Pitch 1,Saint Pierre,Mohamed Diraneh Guedi,Match Finished,0,1,,,,
e56afc5d55,2025-09-04,Tunisia,Liberia,World Cup - Qualification Africa,Group Stage - 7,Stade Olympique Hammadi Agrebi,Rades,A. Ligali,Match Finished,1,0,,,,
89e596ef9a,2025-09-05,Egypt,Ethiopia,World Cup - Qualification Africa,Group Stage - 7,Cairo International Stadium,Cairo,A. Tom,Match Finished,2,0,,,,
4e38f7e503,2025-09-05,Ivory Coast,Burundi,World Cup - Qualification Africa,Group Stage - 7,Stade Félix Houphouët-Boigny,Abidjan,B. Karboubi,Match Finished,1,0,,,,
b1a452505c,2025-09-05,Morocco,Niger,World Cup - Qualification Africa,Group Stage - 7,Stade Prince Moulay Abdallah,Rabat,J. Ndala,Match Finished,2,0,,,,
7053bb6a5e,2025-09-05,Senegal,Sudan,World Cup - Qualification Africa,Group Stage - 7,Stade Me Abdoulaye Wade,Diamniadio,A. Heeralall,Match Finished,2,0,,,,
aea313ba8a,2025-09-05,South Africa,Lesotho,World Cup - Qualification Africa,Group Stage - 7,Toyota Stadium,Bloemfontein,D. Mimisa,Match Finished,1,0,,,,
e2135e95d9,2025-09-08,Equatorial Guinea,Tunisia,World Cup - Qualification Africa,Group Stage - 8,Nuevo Estadio de Malabo,Malabo,P. Milazare,Match Finished,0,0,,,,
c428891505,2025-09-08,Ghana,Mali,World Cup - Qualification Africa,Group Stage - 8,Accra Sports Stadium,Accra,L. Badi,Match Finished,0,0,,,,
66a4223fe1,2025-09-08,Guinea,Algeria,World Cup - Qualification Africa,Group Stage - 8,Stade Mohamed V,Casablanca,S. Uwikunda,Match Finished,0,0,,,,
5beefab62b,2025-09-08,Zambia,Morocco,World Cup - Qualification Africa,Group Stage - 8,Levy Mwanawasa Stadium,Ndola,D. Houngnandande,Match Finished,0,1,,,,
0c1bc5c550,2025-09-09,Burkina Faso,Egypt,World Cup - Qualification Africa,Group Stage - 8,Stade du 4 Aout,Ouagadougou,M. J. Nkounkou,Match Finished,0,0,,,,
7d9be4cedf,2025-09-09,Cape Verde,Cameroon,World Cup - Qualification Africa,Group Stage - 8,Estádio Nacional de Cabo Verde,Praia,D. Nii Ayi Laryea,Match Finished,0,0,,,,
702b662f4a,2025-09-09,Gabon,Ivory Coast,World Cup - Qualification Africa,Group Stage - 8,Stade de Franceville,Franceville,A. Bouh,Match Finished,0,0,,,,
e06bbfefd0,2025-09-09,South Africa,Nigeria,World Cup - Qualification Africa,Group Stage - 8,Toyota Stadium,Bloemfontein,P. Atcho,Match Finished,1,1,,,,
68c2736395,2025-10-08,Central African Republic,Ghana,World Cup - Qualification Africa,Group Stage - 9,Stade d'Honneur,El Jadida,P. Milazare,Match Finished,0,1,,,,
bcfe78b0c4,2025-10-08,Djibouti,Egypt,World Cup - Qualification Africa,Group Stage - 9,Stade Larbi Zaouli,Casablanca,P. T. Mebiame,Match Finished,0,2,,,,
af7af422ea,2025-10-08,Libya,Cape Verde,World Cup - Qualification Africa,Group Stage - 9,Tripoli International Stadium,Tripoli,M. Ismail,Match Finished,2,1,,,,
14e7e7e1a4,2025-10-09,Algeria,Somalia,World Cup - Qualification Africa,Group Stage - 9,Miloud Hadefi stadium,Oran,G. Nkhakananga,Match Finished,2,0,,,,
f4cf314712,2025-10-10,Seychelles,Ivory Coast,World Cup - Qualification Africa,Group Stage - 9,National Sports Complex Pitch,Saint-Pierre,J. Ishimwe,Match Finished,0,4,,,,
757d8d6589,2025-10-10,South Africa,Zimbabwe,World Cup - Qualification Africa,Group Stage - 9,Moses Mabhida Stadium,Durban,M. Ghorbal,Match Finished,0,0,,,,
b7791a6239,2025-10-10,South Sudan,Senegal,World Cup - Qualification Africa,Group Stage - 9,Juba Stadium,Juba,A. Mefire,Match Finished,0,1,,,,
75d12b51c1,2025-10-12,Egypt,Guinea-Bissau,World Cup - Qualification Africa,Group Stage - 10,Cairo International Stadium,Cairo,D. Nii Ayi Laryea,Match Finished,1,0,,,,
9ed539d521,2025-10-12,Ghana,Comoros,World Cup - Qualification Africa,Group Stage - 10,Accra Sports Stadium,Accra,P. Atcho,Match Finished,0,0,,,,
e00c58411e,2025-10-13,Cape Verde,Eswatini,World Cup - Qualification Africa,Group Stage - 10,Estadio Nacional de Cabo Verde,Praia,,Match Finished,0,0,,,,
852ab05faa,2025-10-13,Tunisia,Namibia,World Cup - Qualification Africa,Group Stage - 10,Stade Olympique Hammadi Agrebi,Rades,,Match Finished,1,0,,,,
0308ffee10,2025-10-14,Algeria,Uganda,World Cup - Qualification Africa,Group Stage - 10,Hocine Ait Ahmed Stadium,Tizi Ouzou,,Match Finished,0,1,,,,
0f69603556,2025-10-14,Ivory Coast,Kenya,World Cup - Qualification Africa,Group Stage - 10,Stade Olympique Alassane Ouattara,Abidjan,,Match Finished,1,0,,,,
da3178947f,2025-10-14,Morocco,Congo,World Cup - Qualification Africa,Group Stage - 10,Stade Prince Moulay Abdallah,Rabat,,Match Finished,0,0,,,,
14f81d5c67,2025-10-14,Senegal,Mauritania,World Cup - Qualification Africa,Group Stage - 10,Stade Me Abdoulaye Wade,Diamniadio,,Match Finished,1,0,,,,
001cb9f4f5,2025-10-14,South Africa,Rwanda,World Cup - Qualification Africa,Group Stage - 10,Mbombela Stadium,Mbombela,,Match Finished,2,0,,,,
