match_id,date,home_team,away_team,attendance,extra_time,pen_home,pen_away,referee,home_xi,away_xi,home_subs,away_subs,home_captain,away_captain
eb6d7020b9,2018-06-14,Russia,Saudi Arabia,78011,FALSE,,,Néstor Fabián Pitana,Igor AKINFEEV; MARIO FERNANDES; Ilya KUTEPOV; Sergey IGNASHEVICH; Yury ZHIRKOV; Iury GAZINSKY; Alan DZAGOEV; Roman ZOBNIN; Aleksandr GOLOVIN; Alexander SAMEDOV; Fedor SMOLOV,ABDULLAH ALMUAIOUF; OSAMA HAWSAWI; OMAR HAWSAWI; MOHAMMED ALBURAYK; YASIR ALSHAHRANI; SALMAN ALFARAJ; YAHIA ALSHEHRI; ABDULLAH OTAYF; TAISEER ALJASSAM; SALEM ALDAWSARI; MOHAMMED ALSAHLAWI,Denis CHERYSHEV; Daler KUZIAEV; Artem DZYUBA,HATAN BAHBRI; FAHAD ALMUWALLAD; MUHANNAD ASIRI,Igor AKINFEEV,OSAMA HAWSAWI
d47402c1c0,2018-06-15,Egypt,Uruguay,27015,FALSE,,,Björn Kuipers,MOHAMED ELSHENAWY; ALI GABR; AHMED HEGAZY; AHMED FATHI; MOHAMED ABDELSHAFY; TAREK HAMED; MOHAMED ELNENY; ABDALLA SAID; TREZEGUET; AMR WARDA; MARWAN MOHSEN,Fernando MUSLERA; Jose GIMENEZ; Diego GODIN; Guillermo VARELA; Martin CACERES; Rodrigo BENTANCUR; Nahitan NANDEZ; Giorgian DE ARRASCAETA; Matias VECINO; Luis SUAREZ; Edinson CAVANI,SAM MORSY; RAMADAN SOBHI; KAHRABA,Carlos SANCHEZ; Cristian RODRIGUEZ; Lucas TORREIRA,AHMED FATHI,Diego GODIN
64797046a1,2018-06-15,Morocco,Iran,62548,FALSE,,,Cüneyt Çakιr,Monir EL KAJOUI; Achraf HAKIMI; Mehdi BENATIA; Romain SAISS; Noureddine AMRABAT; Hakim ZIYECH; Karim EL AHMADI; Younes BELHANDA; Mbark BOUSSOUFA; Amine HARIT; Ayoub EL KAABI,Ali BEIRANVAND; Ehsan HAJI SAFI; Roozbeh CHESHMI; Morteza POURALIGANJI; Ramin REZAEIAN; Masoud SHOJAEI; Omid EBRAHIMI; Karim ANSARIFARD; Vahid AMIRI; Alireza JAHANBAKHSH; Sardar AZMOUN,Sofyan AMRABAT; Manuel DA COSTA; Aziz BOUHADDOUZ,Mehdi TAREMI; Majid HOSSEINI; Saman GHODDOS,Mehdi BENATIA,Masoud SHOJAEI
6a52b9ebd3,2018-06-15,Portugal,Spain,43866,FALSE,,,Gianluca Rocchi,RUI PATRICIO; PEPE; RAPHAEL GUERREIRO; JOSE FONTE; CEDRIC; JOAO MOUTINHO; BERNARDO SILVA; WILLIAM; BRUNO FERNANDES; CRISTIANO RONALDO; GONCALO GUEDES,David DE GEA; Gerard PIQUE; NACHO; Sergio RAMOS; Jordi ALBA; Sergio BUSQUETS; Andres INIESTA; KOKE; David SILVA; ISCO; Diego COSTA,RICARDO QUARESMA; JOAO MARIO; ANDRE SILVA,THIAGO; Lucas VAZQUEZ; Iago ASPAS,CRISTIANO RONALDO,Sergio RAMOS
4f4473c892,2018-06-16,Argentina,Iceland,44190,FALSE,,,Szymon Marciniak,Wilfredo CABALLERO; Nicolas TAGLIAFICO; Marcos ROJO; Nicolas OTAMENDI; Eduardo SALVIO; Lucas BIGLIA; Lionel MESSI; Angel DI MARIA; Maximiliano MEZA; Javier MASCHERANO; Sergio AGUERO,Hannes HALLDORSSON; Birkir SAEVARSSON; Ragnar SIGURDSSON; Kari ARNASON; Hordur MAGNUSSON; Johann GUDMUNDSSON; Birkir BJARNASON; Aron GUNNARSSON; Emil HALLFREDSSON; Gylfi SIGURDSSON; Alfred FINNBOGASON,Ever BANEGA; Cristian PAVON; Gonzalo HIGUAIN,Rurik GISLASON; Ari SKULASON; Bjorn SIGURDARSON,Lionel MESSI,Aron GUNNARSSON
bd7f3fd95d,2018-06-16,Croatia,Nigeria,31136,FALSE,,,Sandro RICCI,Danijel SUBASIC; Sime VRSALJKO; Ivan STRINIC; Dejan LOVREN; Domagoj VIDA; Ivan PERISIC; Ivan RAKITIC; Andrej KRAMARIC; Luka MODRIC; Ante REBIC; Mario MANDZUKIC,Francis UZOHO; Bryan IDOWU; William EKONG; Leon BALOGUN; Abdullahi SHEHU; Wilfred NDIDI; Oghenekaro ETEBO; Victor MOSES; Alex IWOBI; Odion IGHALO; John Obi MIKEL,Marcelo BROZOVIC; Mateo KOVACIC; Marko PJACA,Ahmed MUSA; Kelechi IHEANACHO; Simeon NWANKWO,Luka MODRIC,John Obi MIKEL
7e1a19488e,2018-06-16,France,Australia,41279,FALSE,,,Andrés Cunha,Hugo LLORIS; Benjamin PAVARD; Raphael VARANE; Samuel UMTITI; Lucas HERNANDEZ; Paul POGBA; Corentin TOLISSO; Ngolo KANTE; Antoine GRIEZMANN; Kylian MBAPPE; Ousmane DEMBELE,Mathew RYAN; Mark MILLIGAN; Aziz BEHICH; Joshua RISDON; Trent SAINSBURY; Mathew LECKIE; Robbie KRUSE; Aaron MOOY; Mile JEDINAK; Tom ROGIC; Andrew NABBOUT,Blaise MATUIDI; Olivier GIROUD; Nabil FEKIR,Daniel ARZANI; Jackson IRVINE; Tomi JURIC,Hugo LLORIS,Mile JEDINAK
7a3721720b,2018-06-17,Brazil,Switzerland,43109,FALSE,,,César Arturo Ramos Palazuelos,ALISSON; THIAGO SILVA; MIRANDA; MARCELO; DANILO; CASEMIRO; PHILIPPE COUTINHO; PAULINHO; GABRIEL JESUS; NEYMAR; WILLIAN,Yann SOMMER; Stephan LICHTSTEINER; Manuel AKANJI; Ricardo RODRIGUEZ; Fabian SCHAER; Granit XHAKA; Valon BEHRAMI; Steven ZUBER; Blerim DZEMAILI; Xherdan SHAQIRI; Haris SEFEROVIC,FERNANDINHO; RENATO AUGUSTO; ROBERTO FIRMINO,Michael LANG; Denis ZAKARIA; Breel EMBOLO,MARCELO,Stephan LICHTSTEINER
57fa77beef,2018-06-17,Germany,Mexico,78011,FALSE,,,Alireza Faghani,Manuel NEUER; Marvin PLATTENHARDT; Mats HUMMELS; Jerome BOATENG; Joshua KIMMICH; Sami KHEDIRA; Julian DRAXLER; Toni KROOS; Mesut OEZIL; Thomas MUELLER; Timo WERNER,Guillermo OCHOA; Hugo AYALA; Carlos SALCEDO; Hector MORENO; Jesus GALLARDO; Miguel LAYUN; Carlos VELA; Hector HERRERA; Andres GUARDADO; Hirving LOZANO; Javier HERNANDEZ,Mario GOMEZ; Marco REUS; Julian BRANDT,Edson ALVAREZ; Rafael MARQUEZ; Raul JIMENEZ,Manuel NEUER,Andres GUARDADO
8e5e146032,2018-06-18,Belgium,Panama,43257,FALSE,,,Janny Sikazwe,Thibaut COURTOIS; Toby ALDERWEIRELD; Jan VERTONGHEN; Dedryck BOYATA; Axel WITSEL; Kevin DE BRUYNE; Yannick CARRASCO; Thomas MEUNIER; Romelu LUKAKU; Eden HAZARD; Dries MERTENS,Jaime PENEDO; Michael MURILLO; Fidel ESCOBAR; Roman TORRES; Eric DAVIS; Gabriel GOMEZ; Edgar BARCENAS; Armando COOPER; Anibal GODOY; Jose Luis RODRIGUEZ; Blas PEREZ,Nacer CHADLI; Moussa DEMBELE; Thorgan HAZARD,Gabriel TORRES; Ismael DIAZ; Luis TEJADA,Eden HAZARD,Roman TORRES
fb7948a168,2018-06-18,Sweden,South Korea,42300,FALSE,,,Joel Antonio Aguilar Chicas,Robin OLSEN; Mikael LUSTIG; Andreas GRANQVIST; Ludwig AUGUSTINSSON; Pontus JANSSON; Sebastian LARSSON; Albin EKDAL; Emil FORSBERG; Viktor CLAESSON; Marcus BERG; Ola TOIVONEN,JO Hyeonwoo; LEE Yong; PARK Jooho; KIM Younggwon; JANG Hyunsoo; KOO Jacheol; KI Sungyueng; LEE Jaesung; SON Heungmin; KIM Shinwook; HWANG Heechan,Gustav SVENSSON; Oscar HILJEMARK; Isaac Kiese THELIN,KIM Minwoo; LEE Seungwoo; JUNG Wooyoung,Andreas GRANQVIST,KI Sungyueng
b437f4226c,2018-06-18,Tunisia,England,41064,FALSE,,,Wilmar Alexander Roldán Pérez,Mouez HASSEN; Syam BEN YOUSSEF; Yassine MERIAH; Dylan BRONN; Ali MAALOUL; Fakhreddine BEN YOUSSEF; Anice BADRI; Ferjani SASSI; Ellyes SKHIRI; Naim SLITI; Wahbi KHAZRI,Jordan PICKFORD; Kyle WALKER; John STONES; Harry MAGUIRE; Jesse LINGARD; Jordan HENDERSON; Kieran TRIPPIER; Ashley YOUNG; Dele ALLI; Harry KANE; Raheem STERLING,Farouk BEN MUSTAPHA; Mohamed BEN AMOR; Saber KHALIFA,Eric DIER; Ruben LOFTUS-CHEEK; Marcus RASHFORD,Wahbi KHAZRI,Harry KANE
49aa53ab07,2018-06-19,Colombia,Japan,40842,FALSE,,,Damir SKOMINA,David OSPINA; Oscar MURILLO; Santiago ARIAS; Johan MOJICA; Davinson SANCHEZ; Carlos SANCHEZ; Juan CUADRADO; Jefferson LERMA; Juan QUINTERO; Jose IZQUIERDO; Radamel FALCAO,Eiji KAWASHIMA; Gen SHOJI; Yuto NAGATOMO; Hiroki SAKAI; Maya YOSHIDA; Gaku SHIBASAKI; Genki HARAGUCHI; Shinji KAGAWA; Takashi INUI; Makoto HASEBE; Yuya OSAKO,Wilmar BARRIOS; James RODRIGUEZ; Carlos BACCA,Hotaru YAMAGUCHI; Keisuke HONDA; Shinji OKAZAKI,Radamel FALCAO,Makoto HASEBE
01e06a2576,2018-06-19,Poland,Senegal,44190,FALSE,,,Nawaf Abdulla Ghayyath Shukralla,Wojciech SZCZESNY; Michal PAZDAN; Thiago CIONEK; Maciej RYBUS; Lukasz PISZCZEK; Grzegorz KRYCHOWIAK; Kamil GROSICKI; Jakub BLASZCZYKOWSKI; Piotr ZIELINSKI; Arkadiusz MILIK; Robert LEWANDOWSKI,Khadim NDIAYE; Kalidou KOULIBALY; Salif SANE; Youssouf SABALY; Moussa WAGUE; Idrissa Gana GUEYE; Sadio MANE; Alfred NDIAYE; Ismaila SARR; Mame DIOUF; Mbaye NIANG,Bartosz BERESZYNSKI; Jan BEDNAREK; Dawid KOWNACKI,Cheikhou KOUYATE; Cheikh NDOYE; Moussa KONATE,Robert LEWANDOWSKI,Sadio MANE
abc0425022,2018-06-19,Russia,Egypt,64468,FALSE,,,Enrique Patricio Cáceres Villafañe,Igor AKINFEEV; MARIO FERNANDES; Ilya KUTEPOV; Sergey IGNASHEVICH; Yury ZHIRKOV; Denis CHERYSHEV; Iury GAZINSKY; Roman ZOBNIN; Aleksandr GOLOVIN; Alexander SAMEDOV; Artem DZYUBA,MOHAMED ELSHENAWY; ALI GABR; AHMED HEGAZY; AHMED FATHI; MOHAMED ABDELSHAFY; TAREK HAMED; MOHAMED SALAH; MOHAMED ELNENY; ABDALLA SAID; TREZEGUET; MARWAN MOHSEN,Fedor KUDRIASHOV; Daler KUZIAEV; Fedor SMOLOV,AMR WARDA; RAMADAN SOBHI; KAHRABA,Igor AKINFEEV,AHMED FATHI
edf5c3a538,2018-06-20,Iran,Spain,42718,FALSE,,,Andrés Cunha,Ali BEIRANVAND; Ehsan HAJI SAFI; Morteza POURALIGANJI; Majid HOSSEINI; Ramin REZAEIAN; Saeid EZATOLAHI; Omid EBRAHIMI; Karim ANSARIFARD; Vahid AMIRI; Mehdi TAREMI; Sardar AZMOUN,David DE GEA; Dani CARVAJAL; Gerard PIQUE; Sergio RAMOS; Jordi ALBA; Sergio BUSQUETS; Andres INIESTA; Lucas VAZQUEZ; David SILVA; ISCO; Diego COSTA,Milad MOHAMMADI; Alireza JAHANBAKHSH; Saman GHODDOS,KOKE; Marco ASENSIO; RODRIGO,Ehsan HAJI SAFI,Sergio RAMOS
5606d3a9b9,2018-06-20,Portugal,Morocco,78011,FALSE,,,Mark GEIGER,RUI PATRICIO; PEPE; RAPHAEL GUERREIRO; JOSE FONTE; CEDRIC; JOAO MOUTINHO; JOAO MARIO; BERNARDO SILVA; WILLIAM; CRISTIANO RONALDO; GONCALO GUEDES,Monir EL KAJOUI; Achraf HAKIMI; Manuel DA COSTA; Mehdi BENATIA; Nabil DIRAR; Hakim ZIYECH; Karim EL AHMADI; Younes BELHANDA; Mbark BOUSSOUFA; Noureddine AMRABAT; Khalid BOUTAIB,ADRIEN SILVA; BRUNO FERNANDES; GELSON MARTINS,Faycal FAJR; Mehdi CARCELA; Ayoub EL KAABI,CRISTIANO RONALDO,Mehdi BENATIA
2d2192761a,2018-06-20,Uruguay,Saudi Arabia,42678,FALSE,,,Clément Turpin,Fernando MUSLERA; Jose GIMENEZ; Diego GODIN; Guillermo VARELA; Martin CACERES; Carlos SANCHEZ; Rodrigo BENTANCUR; Cristian RODRIGUEZ; Matias VECINO; Luis SUAREZ; Edinson CAVANI,MOHAMMED ALOWAIS; OSAMA HAWSAWI; ALI AL BULAYHI; MOHAMMED ALBURAYK; YASIR ALSHAHRANI; SALMAN ALFARAJ; HATAN BAHBRI; ABDULLAH OTAYF; TAISEER ALJASSAM; SALEM ALDAWSARI; FAHAD ALMUWALLAD,Nahitan NANDEZ; Diego LAXALT; Lucas TORREIRA,MOHAMED KANNO; HUSSAIN ALMOQAHWI; MOHAMMED ALSAHLAWI,Diego GODIN,OSAMA HAWSAWI
8befd71c84,2018-06-21,Argentina,Croatia,43319,FALSE,,,Ravshan IRMATOV,Wilfredo CABALLERO; Gabriel MERCADO; Nicolas TAGLIAFICO; Nicolas OTAMENDI; Marcos ACUNA; Javier MASCHERANO; Enzo PEREZ; Eduardo SALVIO; Lionel MESSI; Maximiliano MEZA; Sergio AGUERO,Danijel SUBASIC; Sime VRSALJKO; Ivan STRINIC; Dejan LOVREN; Domagoj VIDA; Ivan PERISIC; Ivan RAKITIC; Luka MODRIC; Marcelo BROZOVIC; Ante REBIC; Mario MANDZUKIC,Paulo DYBALA; Cristian PAVON; Gonzalo HIGUAIN,Mateo KOVACIC; Andrej KRAMARIC; Vedran CORLUKA,Lionel MESSI,Luka MODRIC
fb953ad653,2018-06-21,Denmark,Australia,40727,FALSE,,,Antonio Miguel Mateu Lahoz,Kasper SCHMEICHEL; Simon KJAER; Andreas CHRISTENSEN; Henrik DALSGAARD; Jens Stryger LARSEN; Thomas DELANEY; Christian ERIKSEN; Lasse SCHONE; Yussuf Yurary POULSEN; Pione SISTO; Nicolai JORGENSEN,Mathew RYAN; Mark MILLIGAN; Aziz BEHICH; Joshua RISDON; Trent SAINSBURY; Mathew LECKIE; Robbie KRUSE; Aaron MOOY; Mile JEDINAK; Tom ROGIC; Andrew NABBOUT,Martin BRAITHWAITE; Andreas CORNELIUS,Daniel ARZANI; Jackson IRVINE; Tomi JURIC,Simon KJAER,Mile JEDINAK
be59661b85,2018-06-21,France,Peru,32789,FALSE,,,Mohammed ABDULLA,Hugo LLORIS; Benjamin PAVARD; Raphael VARANE; Samuel UMTITI; Lucas HERNANDEZ; Paul POGBA; Antoine GRIEZMANN; Kylian MBAPPE; Ngolo KANTE; Blaise MATUIDI; Olivier GIROUD,Pedro GALLESE; Alberto RODRIGUEZ; Miguel TRAUCO; Christian RAMOS; Luis ADVINCULA; Christian CUEVA; Andre CARRILLO; Yoshimar YOTUN; Edison FLORES; Pedro AQUINO; Paolo GUERRERO,Steven NZONZI; Nabil FEKIR; Ousmane DEMBELE,Anderson SANTAMARIA; Raul RUIDIAZ; Jefferson FARFAN,Hugo LLORIS,Paolo GUERRERO
869908c1b6,2018-06-22,Brazil,Costa Rica,64468,FALSE,,,Björn Kuipers,ALISSON; THIAGO SILVA; MIRANDA; MARCELO; FAGNER; CASEMIRO; PHILIPPE COUTINHO; PAULINHO; GABRIEL JESUS; NEYMAR; WILLIAN,Keylor NAVAS; Johnny ACOSTA; Giancarlo GONZALEZ; Oscar DUARTE; Celso BORGES; Bryan OVIEDO; Bryan RUIZ; Johan VENEGAS; Cristian GAMBOA; David GUZMAN; Marcos URENA,ROBERTO FIRMINO; FERNANDINHO; DOUGLAS COSTA,Francisco CALVO; Yeltsin TEJEDA; Christian BOLANOS,THIAGO SILVA,Bryan RUIZ
38fa75b039,2018-06-22,Serbia,Switzerland,33167,FALSE,,,Felix Brych,Vladimir STOJKOVIC; Dusko TOSIC; Branislav IVANOVIC; Aleksandar KOLAROV; Nikola MILENKOVIC; Luka MILIVOJEVIC; Dusan TADIC; Filip KOSTIC; Sergej MILINKOVIC-SAVIC; Nemanja MATIC; Aleksandar MITROVIC,Yann SOMMER; Stephan LICHTSTEINER; Manuel AKANJI; Ricardo RODRIGUEZ; Fabian SCHAER; Granit XHAKA; Valon BEHRAMI; Steven ZUBER; Blerim DZEMAILI; Xherdan SHAQIRI; Haris SEFEROVIC,Nemanja RADONJIC; Adem LJAJIC,Josip DRMIC; Breel EMBOLO; Mario GAVRANOVIC,Aleksandar KOLAROV,Stephan LICHTSTEINER
38952ceaac,2018-06-23,Belgium,Tunisia,44190,FALSE,,,Jair Marrufo,Thibaut COURTOIS; Toby ALDERWEIRELD; Jan VERTONGHEN; Dedryck BOYATA; Axel WITSEL; Kevin DE BRUYNE; Yannick CARRASCO; Thomas MEUNIER; Romelu LUKAKU; Eden HAZARD; Dries MERTENS,Farouk BEN MUSTAPHA; Syam BEN YOUSSEF; Yassine MERIAH; Dylan BRONN; Ali MAALOUL; Saifeddine KHAOUI; Fakhreddine BEN YOUSSEF; Anice BADRI; Ferjani SASSI; Ellyes SKHIRI; Wahbi KHAZRI,Marouane FELLAINI; Michy BATSHUAYI; Youri TIELEMANS,Yohan BEN ALOUANE; Hamdi NAGUEZ; Naim SLITI,Eden HAZARD,Wahbi KHAZRI
9d6e3aada1,2018-06-23,Germany,Sweden,44287,FALSE,,,Szymon Marciniak,Manuel NEUER; Jonas HECTOR; Antonio RUEDIGER; Jerome BOATENG; Joshua KIMMICH; Julian DRAXLER; Toni KROOS; Marco REUS; Thomas MUELLER; Sebastian RUDY; Timo WERNER,Robin OLSEN; Mikael LUSTIG; Victor LINDELOF; Andreas GRANQVIST; Ludwig AUGUSTINSSON; Sebastian LARSSON; Albin EKDAL; Emil FORSBERG; Viktor CLAESSON; Marcus BERG; Ola TOIVONEN,Julian BRANDT; Mario GOMEZ; Ilkay GUENDOGAN,Jimmy DURMAZ; Isaac Kiese THELIN; John GUIDETTI,Manuel NEUER,Andreas GRANQVIST
a0273b547a,2018-06-23,South Korea,Mexico,43472,FALSE,,,Milorad Mažić,JO Hyeonwoo; LEE Yong; KIM Minwoo; KIM Younggwon; JANG Hyunsoo; JU Sejong; HWANG Heechan; KI Sungyueng; LEE Jaesung; MOON Seonmin; SON Heungmin,Guillermo OCHOA; Carlos SALCEDO; Hector MORENO; Edson ALVAREZ; Jesus GALLARDO; Miguel LAYUN; Carlos VELA; Hector HERRERA; Andres GUARDADO; Hirving LOZANO; Javier HERNANDEZ,HONG Chul; LEE Seungwoo; JUNG Wooyoung,Giovani DOS SANTOS; Rafael MARQUEZ; Jesus CORONA,KI Sungyueng,Andres GUARDADO
96325edf19,2018-06-24,England,Panama,43319,FALSE,,,Ghead GRISHA,Jordan PICKFORD; Kyle WALKER; John STONES; Harry MAGUIRE; Jesse LINGARD; Jordan HENDERSON; Kieran TRIPPIER; Ashley YOUNG; Ruben LOFTUS-CHEEK; Harry KANE; Raheem STERLING,Jaime PENEDO; Michael MURILLO; Fidel ESCOBAR; Roman TORRES; Eric DAVIS; Gabriel GOMEZ; Edgar BARCENAS; Armando COOPER; Anibal GODOY; Jose Luis RODRIGUEZ; Blas PEREZ,Fabian DELPH; Danny ROSE; Jamie VARDY,Felipe BALOY; Abdiel ARROYO; Ricardo AVILA,Harry KANE,Roman TORRES
0b0b65b573,2018-06-24,Japan,Senegal,32572,FALSE,,,Gianluca Rocchi,Eiji KAWASHIMA; Gen SHOJI; Yuto NAGATOMO; Hiroki SAKAI; Maya YOSHIDA; Gaku SHIBASAKI; Genki HARAGUCHI; Shinji KAGAWA; Takashi INUI; Makoto HASEBE; Yuya OSAKO,Khadim NDIAYE; Kalidou KOULIBALY; Salif SANE; Youssouf SABALY; Moussa WAGUE; Idrissa Gana GUEYE; Sadio MANE; Alfred NDIAYE; Pape Alioune NDIAYE; Ismaila SARR; Mbaye NIANG,Shinji OKAZAKI; Keisuke HONDA; Takashi USAMI,Cheikhou KOUYATE; Cheikh NDOYE; Mame DIOUF,Makoto HASEBE,Sadio MANE
cac9b437ee,2018-06-24,Poland,Colombia,42873,FALSE,,,César Arturo Ramos Palazuelos,Wojciech SZCZESNY; Michal PAZDAN; Jan BEDNAREK; Lukasz PISZCZEK; Jacek GORALSKI; Grzegorz KRYCHOWIAK; Maciej RYBUS; Bartosz BERESZYNSKI; Robert LEWANDOWSKI; Piotr ZIELINSKI; Dawid KOWNACKI,David OSPINA; Santiago ARIAS; Yerry MINA; Johan MOJICA; Davinson SANCHEZ; Wilmar BARRIOS; Abel AGUILAR; James RODRIGUEZ; Juan CUADRADO; Juan QUINTERO; Radamel FALCAO,Kamil GLIK; Lukasz TEODORCZYK; Kamil GROSICKI,Mateus URIBE; Jefferson LERMA; Carlos BACCA,Robert LEWANDOWSKI,Radamel FALCAO
d200f33eba,2018-06-25,Iran,Portugal,41685,FALSE,,,Enrique Patricio Cáceres Villafañe,Ali BEIRANVAND; Ehsan HAJI SAFI; Morteza POURALIGANJI; Majid HOSSEINI; Ramin REZAEIAN; Saeid EZATOLAHI; Omid EBRAHIMI; Vahid AMIRI; Mehdi TAREMI; Alireza JAHANBAKHSH; Sardar AZMOUN,RUI PATRICIO; PEPE; RAPHAEL GUERREIRO; JOSE FONTE; CEDRIC; JOAO MARIO; WILLIAM; RICARDO QUARESMA; ADRIEN SILVA; CRISTIANO RONALDO; ANDRE SILVA,Milad MOHAMMADI; Karim ANSARIFARD; Saman GHODDOS,JOAO MOUTINHO; BERNARDO SILVA; GONCALO GUEDES,Ehsan HAJI SAFI,CRISTIANO RONALDO
4bbfb92502,2018-06-25,Russia,Uruguay,41970,FALSE,,,Malang DIEDHIOU,Igor AKINFEEV; Ilya KUTEPOV; Sergey IGNASHEVICH; Fedor KUDRIASHOV; Igor SMOLNIKOV; Denis CHERYSHEV; Iury GAZINSKY; Roman ZOBNIN; Alexey MIRANCHUK; Alexander SAMEDOV; Artem DZYUBA,Fernando MUSLERA; Diego GODIN; Diego LAXALT; Sebastian COATES; Martin CACERES; Rodrigo BENTANCUR; Nahitan NANDEZ; Lucas TORREIRA; Matias VECINO; Luis SUAREZ; Edinson CAVANI,MARIO FERNANDES; Daler KUZIAEV; Fedor SMOLOV,Giorgian DE ARRASCAETA; Cristian RODRIGUEZ; Maximiliano GOMEZ,Igor AKINFEEV,Diego GODIN
e82adcb258,2018-06-25,Saudi Arabia,Egypt,36823,FALSE,,,Wilmar Alexander Roldán Pérez,YASSER ALMOSAILEM; OSAMA HAWSAWI; MOHAMMED ALBURAYK; YASIR ALSHAHRANI; MOTAZ HAWSAWI; SALMAN ALFARAJ; HATAN BAHBRI; ABDULLAH OTAYF; HUSSAIN ALMOQAHWI; SALEM ALDAWSARI; FAHAD ALMUWALLAD,ESSAM ELHADARY; ALI GABR; AHMED HEGAZY; AHMED FATHI; MOHAMED ABDELSHAFY; TAREK HAMED; MOHAMED ELNENY; ABDALLA SAID; TREZEGUET; MARWAN MOHSEN; MOHAMED SALAH,MUHANNAD ASIRI; YAHIA ALSHEHRI,AMR WARDA; KAHRABA; RAMADAN SOBHI,OSAMA HAWSAWI,ESSAM ELHADARY
4243b7b166,2018-06-25,Spain,Morocco,33973,FALSE,,,Ravshan IRMATOV,David DE GEA; Dani CARVAJAL; Gerard PIQUE; Sergio RAMOS; Jordi ALBA; Sergio BUSQUETS; Andres INIESTA; THIAGO; David SILVA; ISCO; Diego COSTA,Monir EL KAJOUI; Achraf HAKIMI; Manuel DA COSTA; Romain SAISS; Nabil DIRAR; Hakim ZIYECH; Karim EL AHMADI; Younes BELHANDA; Mbark BOUSSOUFA; Noureddine AMRABAT; Khalid BOUTAIB,Marco ASENSIO; RODRIGO; Iago ASPAS,Aziz BOUHADDOUZ; Faycal FAJR; Youssef EN NESYRI,Sergio RAMOS,Mbark BOUSSOUFA
1d92df1fea,2018-06-26,Australia,Peru,44073,FALSE,,,Sergey Karasev,Mathew RYAN; Mark MILLIGAN; Aziz BEHICH; Joshua RISDON; Trent SAINSBURY; Mathew LECKIE; Robbie KRUSE; Aaron MOOY; Mile JEDINAK; Tom ROGIC; Tomi JURIC,Pedro GALLESE; Anderson SANTAMARIA; Miguel TRAUCO; Christian RAMOS; Luis ADVINCULA; Christian CUEVA; Renato TAPIA; Andre CARRILLO; Yoshimar YOTUN; Edison FLORES; Paolo GUERRERO,Daniel ARZANI; Jackson IRVINE; Tim CAHILL,Paolo HURTADO; Wilder CARTAGENA; Pedro AQUINO,Mile JEDINAK,Paolo GUERRERO
34e6369c6b,2018-06-26,Denmark,France,78011,FALSE,,,Sandro RICCI,Kasper SCHMEICHEL; Simon KJAER; Mathias JORGENSEN; Henrik DALSGAARD; Jens Stryger LARSEN; Andreas CHRISTENSEN; Thomas DELANEY; Christian ERIKSEN; Martin BRAITHWAITE; Pione SISTO; Andreas CORNELIUS,Steve MANDANDA; Presnel KIMPEMBE; Raphael VARANE; Djibril SIDIBE; Lucas HERNANDEZ; Antoine GRIEZMANN; Thomas LEMAR; Ousmane DEMBELE; Ngolo KANTE; Steven NZONZI; Olivier GIROUD,Lukas LERAGER; Viktor FISCHER; Kasper DOLBERG,Benjamin MENDY; Nabil FEKIR; Kylian MBAPPE,Simon KJAER,Raphael VARANE
420561ad19,2018-06-26,Iceland,Croatia,43472,FALSE,,,Antonio Miguel Mateu Lahoz,Hannes HALLDORSSON; Birkir SAEVARSSON; Sverrir INGASON; Ragnar SIGURDSSON; Hordur MAGNUSSON; Johann GUDMUNDSSON; Birkir BJARNASON; Gylfi SIGURDSSON; Aron GUNNARSSON; Emil HALLFREDSSON; Alfred FINNBOGASON,Lovre KALINIC; Vedran CORLUKA; Tin JEDVAJ; Duje CALETA-CAR; Josip PIVARIC; Ivan PERISIC; Mateo KOVACIC; Luka MODRIC; Milan BADELJ; Marko PJACA; Andrej KRAMARIC,Bjorn SIGURDARSON; Arnor TRAUSTASON; Albert GUDMUNDSSON,Ivan RAKITIC; Filip BRADARIC; Dejan LOVREN,Aron GUNNARSSON,Luka MODRIC
c97c2b591f,2018-06-26,Nigeria,Argentina,64468,FALSE,,,Cüneyt Çakιr,Francis UZOHO; William EKONG; Leon BALOGUN; Kenneth OMERUO; Bryan IDOWU; Wilfred NDIDI; Oghenekaro ETEBO; John Obi MIKEL; Victor MOSES; Ahmed MUSA; Kelechi IHEANACHO,Franco ARMANI; Gabriel MERCADO; Nicolas TAGLIAFICO; Marcos ROJO; Nicolas OTAMENDI; Ever BANEGA; Javier MASCHERANO; Enzo PEREZ; Gonzalo HIGUAIN; Lionel MESSI; Angel DI MARIA,Alex IWOBI; Simeon NWANKWO; Odion IGHALO,Sergio AGUERO; Cristian PAVON; Maximiliano MEZA,John Obi MIKEL,Lionel MESSI
b881c98e61,2018-06-27,Mexico,Sweden,33061,FALSE,,,Néstor Fabián Pitana,Guillermo OCHOA; Carlos SALCEDO; Hector MORENO; Edson ALVAREZ; Jesus GALLARDO; Miguel LAYUN; Carlos VELA; Hector HERRERA; Andres GUARDADO; Hirving LOZANO; Javier HERNANDEZ,Robin OLSEN; Mikael LUSTIG; Victor LINDELOF; Andreas GRANQVIST; Ludwig AUGUSTINSSON; Sebastian LARSSON; Albin EKDAL; Emil FORSBERG; Viktor CLAESSON; Marcus BERG; Ola TOIVONEN,Marco FABIAN; Oribe PERALTA; Jesus CORONA,Gustav SVENSSON; Oscar HILJEMARK; Isaac Kiese THELIN,Andres GUARDADO,Andreas GRANQVIST
72699a9dd3,2018-06-27,Serbia,Brazil,44190,FALSE,,,Alireza Faghani,Vladimir STOJKOVIC; Antonio RUKAVINA; Aleksandar KOLAROV; Milos VELJKOVIC; Nikola MILENKOVIC; Dusan TADIC; Filip KOSTIC; Sergej MILINKOVIC-SAVIC; Nemanja MATIC; Adem LJAJIC; Aleksandar MITROVIC,ALISSON; THIAGO SILVA; MIRANDA; MARCELO; FAGNER; CASEMIRO; PHILIPPE COUTINHO; PAULINHO; GABRIEL JESUS; NEYMAR; WILLIAN,Nemanja RADONJIC; Andrija ZIVKOVIC; Luka JOVIC,FILIPE LUIS; RENATO AUGUSTO; FERNANDINHO,Aleksandar KOLAROV,MIRANDA
66e2da712a,2018-06-27,South Korea,Germany,41835,FALSE,,,Mark GEIGER,JO Hyeonwoo; LEE Yong; YUN Youngsun; HONG Chul; KIM Younggwon; KOO Jacheol ); JUNG Wooyoung; LEE Jaesung; MOON Seonmin; JANG Hyunsoo; SON Heungmin,Manuel NEUER; Jonas HECTOR; Mats HUMMELS; Niklas SUELE; Joshua KIMMICH; Sami KHEDIRA; Toni KROOS; Mesut OEZIL; Marco REUS; Leon GORETZKA; Timo WERNER,HWANG Heechan (79' GO Yohan; JU Sejong,Julian BRANDT; Mario GOMEZ; Thomas MUELLER,SON Heungmin,Manuel NEUER
023641cdcb,2018-06-27,Switzerland,Costa Rica,43319,FALSE,,,Clément Turpin,Yann SOMMER; Stephan LICHTSTEINER; Manuel AKANJI; Ricardo RODRIGUEZ; Fabian SCHAER; Breel EMBOLO; Granit XHAKA; Valon BEHRAMI; Blerim DZEMAILI; Xherdan SHAQIRI; Mario GAVRANOVIC,Keylor NAVAS; Johnny ACOSTA; Giancarlo GONZALEZ; Kendall WASTON; Celso BORGES; Bryan OVIEDO; Daniel COLINDRES; Bryan RUIZ; Cristian GAMBOA; David GUZMAN; Joel CAMPBELL,Denis ZAKARIA; Michael LANG; Josip DRMIC,Rodney WALLACE; Ian SMITH; Randall AZOFEIFA,Stephan LICHTSTEINER,Bryan RUIZ
a785f3d352,2018-06-28,England,Belgium,33973,FALSE,,,Damir SKOMINA,Jordan PICKFORD; John STONES; Gary CAHILL; Phil JONES; Danny ROSE; Eric DIER; Fabian DELPH; Ruben LOFTUS-CHEEK; Trent ALEXANDER-ARNOLD; Jamie VARDY; Marcus RASHFORD,Thibaut COURTOIS; Thomas VERMAELEN; Dedryck BOYATA; Leander DENDONCKER; Marouane FELLAINI; Thorgan HAZARD; Youri TIELEMANS; Adnan JANUZAJ; Moussa DEMBELE; Nacer CHADLI; Michy BATSHUAYI,Harry MAGUIRE; Danny WELBECK,Vincent KOMPANY; Dries MERTENS,Eric DIER,Thibaut COURTOIS
59ef5d254f,2018-06-28,Japan,Poland,42189,FALSE,,,Janny Sikazwe,Eiji KAWASHIMA; Yuto NAGATOMO; Hiroki SAKAI; Tomoaki MAKINO; Maya YOSHIDA; Gaku SHIBASAKI; Takashi USAMI; Hotaru YAMAGUCHI; Gotoku SAKAI; Shinji OKAZAKI; Yoshinori MUTO,Lukasz FABIANSKI; Artur JEDRZEJCZYK; Jan BEDNAREK; Kamil GLIK; Bartosz BERESZYNSKI; Jacek GORALSKI; Grzegorz KRYCHOWIAK; Kamil GROSICKI; Rafal KURZAWA; Robert LEWANDOWSKI; Piotr ZIELINSKI,Takashi INUI; Yuya OSAKO; Makoto HASEBE,Slawomir PESZKO; Lukasz TEODORCZYK,Eiji KAWASHIMA,Robert LEWANDOWSKI
9e0c0d36ce,2018-06-28,Panama,Tunisia,37168,FALSE,,,Nawaf Abdulla Ghayyath Shukralla,Jaime PENEDO; Fidel ESCOBAR; Roman TORRES; Adolfo MACHADO; Luis OVALLE; Gabriel GOMEZ; Edgar BARCENAS; Ricardo AVILA; Anibal GODOY; Jose Luis RODRIGUEZ; Gabriel TORRES,Aymen MATHLOUTHI; Yassine MERIAH; Oussama HADDADI; Rami BEDOUI; Hamdi NAGUEZ; Ferjani SASSI; Ellyes SKHIRI; Ghaylen CHAALELI; Fakhreddine BEN YOUSSEF; Wahbi KHAZRI; Naim SLITI,Luis TEJADA; Abdiel ARROYO; Harold CUMMINGS,Anice BADRI; Bassem SRARFI; Ahmed KHALIL,Roman TORRES,Aymen MATHLOUTHI
0a9f5d8d37,2018-06-28,Senegal,Colombia,41970,FALSE,,,Milorad Mažić,Khadim NDIAYE; Kalidou KOULIBALY; Salif SANE; Youssouf SABALY; Lamine GASSAMA; Idrissa Gana GUEYE; Cheikhou KOUYATE; Ismaila SARR; Keita BALDE; Sadio MANE; Mbaye NIANG,David OSPINA; Santiago ARIAS; Yerry MINA; Johan MOJICA; Davinson SANCHEZ; Carlos SANCHEZ; James RODRIGUEZ; Juan CUADRADO; Mateus URIBE; Juan QUINTERO; Radamel FALCAO,Moussa WAGUE; Moussa KONATE; Diafra SAKHO,Luis MURIEL; Jefferson LERMA; Miguel BORJA,Cheikhou KOUYATE,Radamel FALCAO
f1e6e04bb0,2018-06-30,France,Argentina,42873,FALSE,,,Alireza Faghani,Hugo LLORIS; Benjamin PAVARD; Raphael VARANE; Samuel UMTITI; Lucas HERNANDEZ; Paul POGBA; Antoine GRIEZMANN; Kylian MBAPPE; Ngolo KANTE; Blaise MATUIDI; Olivier GIROUD,Franco ARMANI; Gabriel MERCADO; Nicolas TAGLIAFICO; Marcos ROJO; Nicolas OTAMENDI; Ever BANEGA; Javier MASCHERANO; Enzo PEREZ; Lionel MESSI; Angel DI MARIA; Cristian PAVON,Nabil FEKIR; Florian THAUVIN; Corentin TOLISSO,Federico FAZIO; Sergio AGUERO; Maximiliano MEZA,Hugo LLORIS,Lionel MESSI
17d10b3afe,2018-06-30,Uruguay,Portugal,44287,FALSE,,,César Arturo Ramos Palazuelos,Fernando MUSLERA; Jose GIMENEZ; Diego GODIN; Diego LAXALT; Martin CACERES; Rodrigo BENTANCUR; Nahitan NANDEZ; Lucas TORREIRA; Matias VECINO; Luis SUAREZ; Edinson CAVANI,RUI PATRICIO; PEPE; RAPHAEL GUERREIRO; JOSE FONTE; RICARDO; JOAO MARIO; BERNARDO SILVA; WILLIAM; ADRIEN SILVA; CRISTIANO RONALDO; GONCALO GUEDES,Cristian RODRIGUEZ; Carlos SANCHEZ; Cristhian STUANI,MANUEL FERNANDES; RICARDO QUARESMA; ANDRE SILVA,Diego GODIN,CRISTIANO RONALDO
e2fa4323db,2018-07-01,Croatia,Denmark,40851,TRUE,3,2,Néstor Fabián Pitana,Danijel SUBASIC; Sime VRSALJKO; Ivan STRINIC; Dejan LOVREN; Domagoj VIDA; Ivan PERISIC; Ivan RAKITIC; Luka MODRIC; Marcelo BROZOVIC; Ante REBIC; Mario MANDZUKIC,Kasper SCHMEICHEL; Simon KJAER; Jonas KNUDSEN; Mathias JORGENSEN; Henrik DALSGAARD; Andreas CHRISTENSEN; Thomas DELANEY; Martin BRAITHWAITE; Yussuf Yurary POULSEN; Christian ERIKSEN; Andreas CORNELIUS,Josip PIVARIC; Andrej KRAMARIC; Mateo KOVACIC; Milan BADELJ,Lasse SCHONE; Michael KROHN-DEHLI; Pione SISTO; Nicolai JORGENSEN,Luka MODRIC,Simon KJAER
566ecd605f,2018-07-01,Russia,Spain,78011,TRUE,4,3,Björn Kuipers,Igor AKINFEEV; MARIO FERNANDES; Ilya KUTEPOV; Sergey IGNASHEVICH; Fedor KUDRIASHOV; Yury ZHIRKOV; Daler KUZIAEV; Roman ZOBNIN; Aleksandr GOLOVIN; Alexander SAMEDOV; Artem DZYUBA,David DE GEA; Gerard PIQUE; NACHO; Sergio RAMOS; Jordi ALBA; Sergio BUSQUETS; KOKE; Marco ASENSIO; David SILVA; ISCO; Diego COSTA,Vladimir GRANAT; Aleksandr EROKHIN; Denis CHERYSHEV; Fedor SMOLOV,Dani CARVAJAL; RODRIGO; Andres INIESTA; Iago ASPAS,Igor AKINFEEV,Sergio RAMOS
62a6446d64,2018-07-02,Belgium,Japan,41466,FALSE,,,Malang DIEDHIOU,Thibaut COURTOIS; Toby ALDERWEIRELD; Vincent KOMPANY; Jan VERTONGHEN; Axel WITSEL; Kevin DE BRUYNE; Yannick CARRASCO; Thomas MEUNIER; Romelu LUKAKU; Eden HAZARD; Dries MERTENS,Eiji KAWASHIMA; Gen SHOJI; Yuto NAGATOMO; Hiroki SAKAI; Maya YOSHIDA; Gaku SHIBASAKI; Genki HARAGUCHI; Shinji KAGAWA; Takashi INUI; Makoto HASEBE; Yuya OSAKO,Nacer CHADLI; Marouane FELLAINI,Hotaru YAMAGUCHI; Keisuke HONDA,Eden HAZARD,Makoto HASEBE
4de280c3ab,2018-07-02,Brazil,Mexico,41970,FALSE,,,Gianluca Rocchi,ALISSON; THIAGO SILVA; MIRANDA; FILIPE LUIS; FAGNER; CASEMIRO; PHILIPPE COUTINHO; PAULINHO; GABRIEL JESUS; NEYMAR; WILLIAN,Guillermo OCHOA; Hugo AYALA; Carlos SALCEDO; Edson ALVAREZ; Jesus GALLARDO; Rafael MARQUEZ; Hector HERRERA; Andres GUARDADO; Carlos VELA; Javier HERNANDEZ; Hirving LOZANO,ROBERTO FIRMINO; FERNANDINHO; MARQUINHOS,Jonathan DOS SANTOS; Miguel LAYUN; Raul JIMENEZ,THIAGO SILVA,Rafael MARQUEZ
d80d03ef14,2018-07-03,Colombia,England,44190,TRUE,3,4,Mark GEIGER,David OSPINA; Santiago ARIAS; Yerry MINA; Johan MOJICA; Davinson SANCHEZ; Wilmar BARRIOS; Carlos SANCHEZ; Jefferson LERMA; Juan QUINTERO; Radamel FALCAO; Juan CUADRADO,Jordan PICKFORD; Kyle WALKER; John STONES; Harry MAGUIRE; Jesse LINGARD; Jordan HENDERSON; Kieran TRIPPIER; Ashley YOUNG; Dele ALLI; Harry KANE; Raheem STERLING,Cristian ZAPATA; Mateus URIBE; Carlos BACCA; Luis MURIEL,Marcus RASHFORD; Danny ROSE; Eric DIER; Jamie VARDY,Radamel FALCAO,Harry KANE
a6685a381a,2018-07-03,Sweden,Switzerland,64042,FALSE,,,Damir SKOMINA,Robin OLSEN; Mikael LUSTIG; Victor LINDELOF; Andreas GRANQVIST; Ludwig AUGUSTINSSON; Albin EKDAL; Emil FORSBERG; Gustav SVENSSON; Viktor CLAESSON; Marcus BERG; Ola TOIVONEN,Yann SOMMER; Manuel AKANJI; Michael LANG; Ricardo RODRIGUEZ; Johan DJOUROU; Granit XHAKA; Valon BEHRAMI; Steven ZUBER; Blerim DZEMAILI; Xherdan SHAQIRI; Josip DRMIC,Emil KRAFTH; Martin OLSSON; Isaac Kiese THELIN,Breel EMBOLO; Haris SEFEROVIC,Andreas GRANQVIST,Valon BEHRAMI
39daba3064,2018-07-06,Brazil,Belgium,42873,FALSE,,,Milorad Mažić,ALISSON; THIAGO SILVA; MIRANDA; MARCELO; FAGNER; PHILIPPE COUTINHO; PAULINHO; FERNANDINHO; GABRIEL JESUS; NEYMAR; WILLIAN,Thibaut COURTOIS; Toby ALDERWEIRELD; Vincent KOMPANY; Jan VERTONGHEN; Thomas MEUNIER; Axel WITSEL; Marouane FELLAINI; Nacer CHADLI; Kevin DE BRUYNE; Romelu LUKAKU; Eden HAZARD,RENATO AUGUSTO; DOUGLAS COSTA; ROBERTO FIRMINO,Thomas VERMAELEN; Youri TIELEMANS,MIRANDA,Eden HAZARD
4ab715398c,2018-07-06,Uruguay,France,43319,FALSE,,,Néstor Fabián Pitana,Fernando MUSLERA; Jose GIMENEZ; Diego GODIN; Diego LAXALT; Martin CACERES; Rodrigo BENTANCUR; Nahitan NANDEZ; Lucas TORREIRA; Matias VECINO; Luis SUAREZ; Cristhian STUANI,Hugo LLORIS; Benjamin PAVARD; Raphael VARANE; Samuel UMTITI; Lucas HERNANDEZ; Paul POGBA; Antoine GRIEZMANN; Kylian MBAPPE; Corentin TOLISSO; Ngolo KANTE; Olivier GIROUD,Cristian RODRIGUEZ; Jonathan URRETAVISCAYA; Maximiliano GOMEZ,Nabil FEKIR; Ousmane DEMBELE; Steven NZONZI,Diego GODIN,Hugo LLORIS
ad555d65da,2018-07-07,Russia,Croatia,44287,TRUE,3,4,Sandro RICCI,Igor AKINFEEV; MARIO FERNANDES; Ilya KUTEPOV; Sergey IGNASHEVICH; Fedor KUDRIASHOV; Denis CHERYSHEV; Daler KUZIAEV; Roman ZOBNIN; Alexander SAMEDOV; Aleksandr GOLOVIN; Artem DZYUBA,Danijel SUBASIC; Sime VRSALJKO; Ivan STRINIC; Dejan LOVREN; Domagoj VIDA; Ivan PERISIC; Ivan RAKITIC; Andrej KRAMARIC; Luka MODRIC; Ante REBIC; Mario MANDZUKIC,Fedor SMOLOV; Aleksandr EROKHIN; Alan DZAGOEV; Iury GAZINSKY,Vedran CORLUKA; Josip PIVARIC; Marcelo BROZOVIC; Mateo KOVACIC,Igor AKINFEEV,Luka MODRIC
a400ddd28f,2018-07-07,Sweden,England,39991,FALSE,,,Björn Kuipers,Robin OLSEN; Victor LINDELOF; Andreas GRANQVIST; Ludwig AUGUSTINSSON; Emil KRAFTH; Sebastian LARSSON; Albin EKDAL; Emil FORSBERG; Viktor CLAESSON; Marcus BERG; Ola TOIVONEN,Jordan PICKFORD; Kyle WALKER; John STONES; Harry MAGUIRE; Jesse LINGARD; Jordan HENDERSON; Kieran TRIPPIER; Ashley YOUNG; Dele ALLI; Harry KANE; Raheem STERLING,Pontus JANSSON; Martin OLSSON; John GUIDETTI,Eric DIER; Fabian DELPH; Marcus RASHFORD,Andreas GRANQVIST,Harry KANE
e85425615f,2018-07-10,France,Belgium,64286,FALSE,,,Andrés Cunha,Hugo LLORIS; Benjamin PAVARD; Raphael VARANE; Samuel UMTITI; Lucas HERNANDEZ; Paul POGBA; Antoine GRIEZMANN; Kylian MBAPPE; Ngolo KANTE; Blaise MATUIDI; Olivier GIROUD,Thibaut COURTOIS; Toby ALDERWEIRELD; Vincent KOMPANY; Jan VERTONGHEN; Nacer CHADLI; Axel WITSEL; Marouane FELLAINI; Moussa DEMBELE; Kevin DE BRUYNE; Romelu LUKAKU; Eden HAZARD,Corentin TOLISSO; Steven NZONZI,Michy BATSHUAYI; Yannick CARRASCO; Dries MERTENS,Hugo LLORIS,Eden HAZARD
a16283c372,2018-07-11,Croatia,England,78011,TRUE,,,Cüneyt Çakιr,Danijel SUBASIC; Sime VRSALJKO; Ivan STRINIC; Dejan LOVREN; Domagoj VIDA; Ivan PERISIC; Ivan RAKITIC; Luka MODRIC; Marcelo BROZOVIC; Ante REBIC; Mario MANDZUKIC,Jordan PICKFORD; Kyle WALKER; John STONES; Harry MAGUIRE; Jesse LINGARD; Jordan HENDERSON; Kieran TRIPPIER; Ashley YOUNG; Dele ALLI; Harry KANE; Raheem STERLING,Josip PIVARIC; Milan BADELJ; Andrej KRAMARIC; Vedran CORLUKA,Jamie VARDY; Eric DIER; Danny ROSE; Marcus RASHFORD,Luka MODRIC,Harry KANE
59a5a9aa3a,2018-07-14,Belgium,England,64406,FALSE,,,Alireza Faghani,Thibaut COURTOIS; Toby ALDERWEIRELD; Vincent KOMPANY; Jan VERTONGHEN; Axel WITSEL; Thomas MEUNIER; Youri TIELEMANS; Nacer CHADLI; Kevin DE BRUYNE; Romelu LUKAKU; Eden HAZARD,Jordan PICKFORD; John STONES; Harry MAGUIRE; Phil JONES; Danny ROSE; Eric DIER; Kieran TRIPPIER; Fabian DELPH; Ruben LOFTUS-CHEEK; Harry KANE; Raheem STERLING,Moussa DEMBELE; Thomas VERMAELEN; Dries MERTENS,Jesse LINGARD; Dele ALLI; Marcus RASHFORD,Eden HAZARD,Harry KANE
bd4c9c8582,2018-07-15,France,Croatia,78011,FALSE,,,Néstor Fabián Pitana,Hugo LLORIS; Benjamin PAVARD; Raphael VARANE; Samuel UMTITI; Lucas HERNANDEZ; Paul POGBA; Antoine GRIEZMANN; Kylian MBAPPE; Ngolo KANTE; Blaise MATUIDI; Olivier GIROUD,Danijel SUBASIC; Sime VRSALJKO; Ivan STRINIC; Dejan LOVREN; Domagoj VIDA; Ivan PERISIC; Ivan RAKITIC; Luka MODRIC; Marcelo BROZOVIC; Ante REBIC; Mario MANDZUKIC,Steven NZONZI; Corentin TOLISSO; Nabil FEKIR,Marko PJACA; Andrej KRAMARIC,Hugo LLORIS,Luka MODRIC
4b3d4fad99,2022-11-20,Qatar,Ecuador,67372,FALSE,,,Daniele Orsato,SAAD ALSHEEB; PEDRO MIGUEL; ABDELKARIM HASSAN; HOMAM AHMED; BASSAM HISHAM; BOUALEM KHOUKHI; ABDULAZIZ HATEM; HASSAN ALHAYDOS; KARIM BOUDIAF; AKRAM AFIF; ALMOEZ ALI,Hernan GALINDEZ; Felix TORRES; Piero HINCAPIE; Pervis ESTUPINAN; Angelo PRECIADO; Romario IBARRA; Gonzalo PLATA; Jhegson MENDEZ; Moises CAICEDO; Michael ESTRADA; Enner VALENCIA,MOHAMMED WAAD; MOHAMMED MUNTARI,Jeremy SARMIENTO; Alan FRANCO; Kevin RODRIGUEZ; Jose CIFUENTES,HASSAN ALHAYDOS,Enner VALENCIA
9762b4afbd,2022-11-21,England,Iran,45334,FALSE,,,Raphael Claus,Jordan PICKFORD; Luke SHAW; John STONES; Harry MAGUIRE; Kieran TRIPPIER; Declan RICE; Mason MOUNT; Jude BELLINGHAM; Harry KANE; Raheem STERLING; Bukayo SAKA,Ali BEIRANVAND; Sadegh MOHARRAMI; Milad MOHAMMADI; Morteza POURALIGANJI; Roozbeh CHESHMI; Majid HOSSEINI; Ehsan HAJI SAFI; Ali KARIMI; Ahmad NOOROLLAHI; Alireza JAHANBAKHSH; Mehdi TAREMI,Eric DIER; Phil FODEN; Callum WILSON; Jack GREALISH; Marcus RASHFORD,Hossein HOSSEINI; Mahdi TORABI; Mohammad KANAANI; Saeid EZATOLAHI; Sardar AZMOUN; Ali GHOLIZADEH,Harry KANE,Ehsan HAJI SAFI
7f4768d822,2022-11-21,Senegal,Netherlands,41721,FALSE,,,Wilton SAMPAIO,Edouard MENDY; Kalidou KOULIBALY; Pape Abou CISSE; Youssouf SABALY; Abdou DIALLO; Idrissa Gana GUEYE; Nampalys MENDY; Cheikhou KOUYATE; Krepin DIATTA; Ismaila SARR; Boulaye DIA,Andries NOPPERT; Matthijs DE LIGT; Virgil VAN DIJK; Nathan AKE; Cody GAKPO; Steven BERGHUIS; Daley BLIND; Frenkie DE JONG; Denzel DUMFRIES; Steven BERGWIJN; Vincent JANSSEN,Ismail JAKOBS; Pape GUEYE; Nicolas JACKSON; Cheikh DIENG,Marten DE ROON; Teun KOOPMEINERS; Davy KLAASSEN; Memphis DEPAY,Kalidou KOULIBALY,Virgil VAN DIJK
ace697a3c9,2022-11-21,United States,Wales,43418,FALSE,,,Abdulrahman AL JASSIM,Matt TURNER; Sergino DEST; Walker ZIMMERMAN; Antonee ROBINSON; Tim REAM; Tyler ADAMS; Yunus MUSAH; Weston McKENNIE; Christian PULISIC; Tim WEAH; Josh SARGENT,Wayne HENNESSEY; Neco WILLIAMS; Ben DAVIES; Chris MEPHAM; Joe RODON; Connor ROBERTS; Harry WILSON; Aaron RAMSEY; Ethan AMPADU; Gareth BALE; Daniel JAMES,DeAndre YEDLIN; Kellyn PERRY-ACOSTA; Brenden AARONSON; Jordan MORRIS; Haji WRIGHT,Brennan JOHNSON; Sorba THOMAS; Joseff MORRELL; Kieffer MOORE,Tyler ADAMS,Gareth BALE
ff23621188,2022-11-22,Argentina,Saudi Arabia,88012,FALSE,,,Slavko VINCIC,Emiliano MARTINEZ; Nicolas TAGLIAFICO; Cristian ROMERO; Nicolas OTAMENDI; Nahuel MOLINA; Leandro PAREDES; Rodrigo DE PAUL; Angel DI MARIA; Alejandro GOMEZ; Lionel MESSI; Lautaro MARTINEZ,MOHAMMED ALOWAIS; ALI ALBULAYHI; SAUD ABDULHAMID; YASSER ALSHAHRANI; Hassan ALTAMBAKTI; SALMAN ALFARAJ ); ABDULELAH ALMALKI; MOHAMED KANNO; FERAS ALBRIKAN; SALEM ALDAWSARI; SALEH ALSHEHRI,Marcos ACUNA; Lisandro MARTINEZ; Enzo FERNANDEZ; Julian ALVAREZ,MOHAMMED ALBURAYK; NAWAF AL ABID (89' Abdulelah ALAMRI; HAITHAM ASIRI; SULTAN ALGHANNAM,Lionel MESSI,SALMAN ALFARAJ
2630627662,2022-11-22,Denmark,Tunisia,42925,FALSE,,,César Arturo Ramos Palazuelos,Kasper SCHMEICHEL; Joachim ANDERSEN; Simon KJAER; Andreas CHRISTENSEN; Joakim MAEHLE; Thomas DELANEY; Christian ERIKSEN; Rasmus KRISTENSEN; Pierre-Emile HOJBJERG; Andreas SKOV OLSEN; Kasper DOLBERG,Aymen DAHMEN; Montassar TALBI; Yassine MERIAH; Dylan BRONN; Aissa LAIDOUNI; Ellyes SKHIRI; Mohamed DRAGER; Ali ABDI; Youssef MSAKNI; Issam JEBALI; Anis SLIMANE,Mathias JENSEN; Mikkel DAMSGAARD; Jesper LINDSTROM; Andreas CORNELIUS,Ferjani SASSI; Wajdi KECHRIDA; Hannibal MEJBRI; Taha KHENISSI; Naim SLITI,Simon KJAER,Youssef MSAKNI
7324621264,2022-11-22,France,Australia,40875,FALSE,,,Victor GOMES,Hugo LLORIS; Benjamin PAVARD; Dayot UPAMECANO; Lucas HERNANDEZ; Ibrahima KONATE; Antoine GRIEZMANN; Aurelien TCHOUAMENI; Adrien RABIOT; Olivier GIROUD; Kylian MBAPPE; Ousmane DEMBELE,Mathew RYAN; Nathaniel ATKINSON; Kye ROWLES; Aziz BEHICH; Harry SOUTTAR; Aaron MOOY; Riley McGREE; Jackson IRVINE; Mathew LECKIE; Mitch DUKE; Craig GOODWIN,Jules KOUNDE; Theo HERNANDEZ; Youssouf Fofana; Marcus THURAM; Kingsley COMAN,Milos DEGENEK; Awer MABIL; Keanu BACCUS; Jason CUMMINGS; Garang KUOL,Hugo LLORIS,Mathew RYAN
ce9a7808a7,2022-11-22,Mexico,Poland,39369,FALSE,,,Chris Beath,Guillermo OCHOA; Cesar MONTES; Hector MORENO; Jorge SANCHEZ; Jesus GALLARDO; Edson ALVAREZ; Hector HERRERA; Luis CHAVEZ; Alexis VEGA; Henry MARTIN; Hirving LOZANO,Wojciech SZCZESNY; Matty CASH; Jakub KIWIOR; Kamil GLIK; Bartosz BERESZYNSKI; Grzegorz KRYCHOWIAK; Jakub KAMINSKI; Sebastian SZYMANSKI; Piotr ZIELINSKI; Nicola ZALEWSKI; Robert LEWANDOWSKI,Carlos RODRIGUEZ; Uriel ANTUNA; Raul JIMENEZ,Przemyslaw FRANKOWSKI; Arkadiusz MILIK; Krystian BIELIK,Guillermo OCHOA,Robert LEWANDOWSKI
f19c3f3e88,2022-11-23,Belgium,Canada,40432,FALSE,,,Janny SIKAZWE,Thibaut COURTOIS; Toby ALDERWEIRELD; Jan VERTONGHEN; Leander DENDONCKER; Axel WITSEL; Youri TIELEMANS; Eden HAZARD; Yannick CARRASCO; Timothy CASTAGNE; Kevin DE BRUYNE; Michy BATSHUAYI,Milan BORJAN; Alistair JOHNSTON; Kamal MILLER; Steven VITORIA; Stephen EUSTAQUIO; Atiba HUTCHINSON; Alphonso DAVIES; Richie LARYEA; Junior HOILETT; Tajon BUCHANAN; Jonathan DAVID,Amadou ONANA; Leandro TROSSARD; Thomas MEUNIER; Lois OPENDA,Jonathan OSORIO; Ismael KONE; Sam ADEKUGBE; Cyle LARIN; Liam MILLAR,Eden HAZARD,Atiba HUTCHINSON
f4157497e4,2022-11-23,Germany,Japan,42608,FALSE,,,Ivan Arcides Barton Cisneros,Manuel NEUER; Antonio RUEDIGER; David RAUM; Niklas SUELE; Nico SCHLOTTERBECK; Joshua KIMMICH; Serge GNABRY; Thomas MUELLER; Jamal MUSIALA; Ilkay GUENDOGAN; Kai HAVERTZ,Shuichi GONDA; Kou ITAKURA; Yuto NAGATOMO; Hiroki SAKAI; Maya YOSHIDA; Wataru ENDO; Takefusa KUBO; Junya ITO; Daichi KAMADA; Ao TANAKA; Daizen MAEDA,Youssoufa MOUKOKO; Jonas HOFMANN; Mario GOETZE; Leon GORETZKA; Niclas FUELLKRUG,Kaoru MITOMA; Takumi MINAMINO; Takehiro TOMIYASU; Ritsu DOAN; Takuma ASANO,Manuel NEUER,Maya YOSHIDA
f91e44834b,2022-11-23,Morocco,Croatia,59407,FALSE,,,Fernando Andrés Rapallini,Yassine BOUNOU; Achraf HAKIMI; Noussair MAZRAOUI; Nayef AGUERD; Romain SAISS; Sofyan AMRABAT; Azzedine OUNAHI; Selim AMALLAH; Hakim ZIYECH; Sofiane BOUFAL; Youssef EN NESYRI,Dominik LIVAKOVIC; Dejan LOVREN; Borna SOSA; Josko GVARDIOL; Josip JURANOVIC; Mateo KOVACIC; Luka MODRIC; Marcelo BROZOVIC; Ivan PERISIC; Andrej KRAMARIC; Nikola VLASIC,Yahya ATTIAT-ALLAH; Abdelhamid SABIRI; Abde EZZALZOULI; Abderrazak HAMDALLAH,Lovro MAJER; Mislav ORSIC; Marko LIVAJA; Mario PASALIC,Romain SAISS,Luka MODRIC
2fdd1ef4b3,2022-11-23,Spain,Costa Rica,40013,FALSE,,,Mohammed ABDULLA,Unai SIMON; Cesar AZPILICUETA; RODRI; Jordi ALBA; Aymeric LAPORTE; Sergio BUSQUETS; GAVI; Pedri GONZALEZ; Marco ASENSIO; Ferran TORRES; Dani OLMO,Keylor NAVAS; Oscar DUARTE; Bryan OVIEDO; Francisco CALVO; Carlos MARTINEZ; Keysher FULLER; Celso BORGES; Jewison BENNETTE; Yeltsin TEJEDA; Anthony CONTRERAS; Joel CAMPBELL,Alejandro BALDE; KOKE; Carlos SOLER; Nico WILLIAMS; Alvaro MORATA,Ronald MATARRITA; Kendall WASTON; Brandon AGUILERA; Bryan RUIZ; Alvaro ZAMORA,Sergio BUSQUETS,Keylor NAVAS
78ec6cf492,2022-11-24,Brazil,Serbia,88103,FALSE,,,Alireza FAGHANI,ALISSON; DANILO; THIAGO SILVA; MARQUINHOS; ALEX SANDRO; CASEMIRO; LUCAS PAQUETA; NEYMAR; RICHARLISON; RAPHINHA; VINICIUS JR,Vanja MILINKOVIC; Strahinja PAVLOVIC; Nikola MILENKOVIC; Milos VELJKOVIC; Nemanja GUDELJ; Andrija ZIVKOVIC; Sasa LUKIC; Filip MLADENOVIC; Aleksandar MITROVIC; Dusan TADIC; Sergej MILINKOVIC-SAVIC,FRED; ANTONY; GABRIEL JESUS; GABRIEL MARTINELLI; RODRYGO,Ivan ILIC; Nemanja RADONJIC; Darko LAZOVIC; Dusan VLAHOVIC; Nemanja MAKSIMOVIC,THIAGO SILVA,Dusan TADIC
35c57d8e2b,2022-11-24,Portugal,Ghana,42662,FALSE,,,Ismail Elfath,DIOGO COSTA; RUBEN DIAS; RAPHAEL GUERREIRO; DANILO; JOAO CANCELO; BERNARDO SILVA; RUBEN NEVES; OTAVIO; CRISTIANO RONALDO; BRUNO FERNANDES; JOAO FELIX,Lawrence Ati ZIGI; Mohammed SALISU; Daniel AMARTEY; Alexander DJIKU; Thomas PARTEY; Baba RAHMAN; Kudus MOHAMMED; Salis ABDUL SAMED; Seidu ALIDU; Andre AYEW; Inaki WILLIAMS,JOAO PALHINHA; RAFAEL LEAO; WILLIAM; GONCALO RAMOS; JOAO MARIO,Antoine SEMENYO; Osman BUKARI; Daniel-Kofi KYEREH; Tariq LAMPTEY; Jordan AYEW,CRISTIANO RONALDO,Andre AYEW
5ec685e9a1,2022-11-24,Switzerland,Cameroon,39089,FALSE,,,Facundo TELLO,Yann SOMMER; Silvan WIDMER; Nico ELVEDI; Manuel AKANJI; Ricardo RODRIGUEZ; Remo FREULER; Granit XHAKA; Mohameth SOW; Breel EMBOLO; Ruben VARGAS; Xherdan SHAQIRI,Andre ONANA; Nicolas NKOULOU; Collins FAI; Jean-Charles CASTELLETTO; Nouhou TOLO; Andre-Frank ZAMBO ANGUISSA; Samuel GOUET; Martin HONGLA; Karl TOKO EKAMBI; Eric Maxim CHOUPO-MOTING; Bryan MBEUMO,Eray COMERT; Fabian FREI; Haris SEFEROVIC; Fabian RIEDER; Noah OKAFOR,Gael ONDOUA; Georges-Kevin NKOUDOU; Vincent ABOUBAKAR; Nicolas NGAMALEU,Granit XHAKA,Eric Maxim CHOUPO-MOTING
c31c509af6,2022-11-24,Uruguay,South Korea,41663,FALSE,,,Clément Turpin,Sergio ROCHET; Jose GIMENEZ; Diego GODIN; Mathias OLIVERA; Martin CACERES; Matias VECINO; Rodrigo BENTANCUR; Federico VALVERDE; Facundo PELLISTRI; Luis SUAREZ; Darwin NUNEZ,KIM Seunggyu; KIM Jinsu; Kim MINJAE; KIM Moonhwan; KIM Younggwon; JUNG Wooyoung; HWANG Inbeom; LEE Jaesung; SON Heungmin; HWANG Uijo; NA Sangho,Matias VINA; Nicolas DE LA CRUZ; Guillermo VARELA; Edinson CAVANI,SON Junho; CHO Guesung; LEE Kangin,Diego GODIN,SON Heungmin
ac1dafe636,2022-11-25,England,United States,68463,FALSE,,,Jesús Valenzuela Sáez,Jordan PICKFORD; Luke SHAW; John STONES; Harry MAGUIRE; Kieran TRIPPIER; Declan RICE; Mason MOUNT; Jude BELLINGHAM; Harry KANE; Raheem STERLING; Bukayo SAKA,Matt TURNER; Sergino DEST; Walker ZIMMERMAN; Antonee ROBINSON; Tim REAM; Tyler ADAMS; Yunus MUSAH; Weston McKENNIE; Christian PULISIC; Haji WRIGHT; Tim WEAH,Jordan HENDERSON; Jack GREALISH; Marcus RASHFORD,Shaquell MOORE; Brenden AARONSON; Josh SARGENT; Giovanni REYNA,Harry KANE,Tyler ADAMS
f945492d82,2022-11-25,Netherlands,Ecuador,44833,FALSE,,,Mustapha Ghorbal,Andries NOPPERT; Jurrien TIMBER; Virgil VAN DIJK; Nathan AKE; Davy KLAASSEN; Daley BLIND; Teun KOOPMEINERS; Frenkie DE JONG; Denzel DUMFRIES; Steven BERGWIJN; Cody GAKPO,Hernan GALINDEZ; Felix TORRES; Piero HINCAPIE; Jackson POROZO; Pervis ESTUPINAN; Angelo PRECIADO; Jhegson MENDEZ; Moises CAICEDO; Michael ESTRADA; Enner VALENCIA; Gonzalo PLATA,Steven BERGHUIS; Marten DE ROON; Memphis DEPAY; Wout WEGHORST,Jeremy SARMIENTO; Kevin RODRIGUEZ; Romario IBARRA,Virgil VAN DIJK,Enner VALENCIA
d03133d538,2022-11-25,Qatar,Senegal,41797,FALSE,,,Antonio MATEU,MESHAAL BARSHAM; PEDRO MIGUEL; ABDELKARIM HASSAN; HOMAM AHMED; BOUALEM KHOUKHI; ISMAIL MOHAMAD; HASSAN ALHAYDOS; KARIM BOUDIAF; ASSIM MADIBO; AKRAM AFIF; ALMOEZ ALI,Edouard MENDY; Kalidou KOULIBALY; Ismail JAKOBS; Youssouf SABALY; Abdou DIALLO; Idrissa Gana GUEYE; Nampalys MENDY; Krepin DIATTA; Ismaila SARR; Boulaye DIA; Famara DIEDHIOU,MOHAMMED WAAD; TAREK SALMAN; MOHAMMED MUNTARI; ABDULAZIZ HATEM,Pape Abou CISSE; Pape SARR; Pathe CISS; Iliman NDIAYE; Cheikh DIENG,HASSAN ALHAYDOS,Kalidou KOULIBALY
1ab6b911e6,2022-11-25,Wales,Iran,40875,FALSE,,,Mario Alberto Escobar Toca,Wayne HENNESSEY; Ben DAVIES; Chris MEPHAM; Joe RODON; Neco WILLIAMS; Aaron RAMSEY; Connor ROBERTS; Ethan AMPADU; Harry WILSON; Gareth BALE; Kieffer MOORE,Hossein HOSSEINI; Milad MOHAMMADI; Morteza POURALIGANJI; Majid HOSSEINI; Ramin REZAEIAN; Ehsan HAJI SAFI; Saeid EZATOLAHI; Ahmad NOOROLLAHI; Mehdi TAREMI; Ali GHOLIZADEH; Sardar AZMOUN,Danny WARD; Brennan JOHNSON; Joe ALLEN; Daniel JAMES,Mahdi TORABI; Ali KARIMI; Roozbeh CHESHMI; Alireza JAHANBAKHSH; Karim ANSARIFARD,Gareth BALE,Ehsan HAJI SAFI
3343641f63,2022-11-26,Argentina,Mexico,88966,FALSE,,,Daniele Orsato,Emiliano MARTINEZ; Gonzalo MONTIEL; Marcos ACUNA; Nicolas OTAMENDI; Lisandro MARTINEZ; Rodrigo DE PAUL; Angel DI MARIA; RODRIGUEZ GUIDO; Alexis MAC ALLISTER; Lionel MESSI; Lautaro MARTINEZ,Guillermo OCHOA; Nestor ARAUJO; Cesar MONTES; Hector MORENO; Jesus GALLARDO; Kevin ALVAREZ; Hector HERRERA; Andres GUARDADO; Luis CHAVEZ; Alexis VEGA; Hirving LOZANO,Nahuel MOLINA; Cristian ROMERO; Enzo FERNANDEZ; Exequiel PALACIOS; Julian ALVAREZ,Raul JIMENEZ; Erick GUTIERREZ; Uriel ANTUNA; Roberto ALVARADO,Lionel MESSI,Andres GUARDADO
3c4f0850ca,2022-11-26,France,Denmark,42860,FALSE,,,Szymon MARCINIAK,Hugo LLORIS; Raphael VARANE; Jules KOUNDE; Dayot UPAMECANO; Theo HERNANDEZ; Antoine GRIEZMANN; Aurelien TCHOUAMENI; Kylian MBAPPE; Ousmane DEMBELE; Adrien RABIOT; Olivier GIROUD,Kasper SCHMEICHEL; Joachim ANDERSEN; Victor NELSSON; Andreas CHRISTENSEN; Joakim MAEHLE; Christian ERIKSEN; Rasmus KRISTENSEN; Pierre-Emile HOJBJERG; Mikkel DAMSGAARD; Andreas CORNELIUS; Jesper LINDSTROM,Ibrahima KONATE; Youssouf Fofana; Kingsley COMAN; Marcus THURAM,Alexander BAH; Kasper DOLBERG; Martin BRAITHWAITE; Christian NORGAARD,Hugo LLORIS,Kasper SCHMEICHEL
0e37cf5f32,2022-11-26,Poland,Saudi Arabia,44259,FALSE,,,Wilton SAMPAIO,Wojciech SZCZESNY; Matty CASH; Jakub KIWIOR; Kamil GLIK; Bartosz BERESZYNSKI; Krystian BIELIK; Arkadiusz MILIK; Grzegorz KRYCHOWIAK; Piotr ZIELINSKI; Przemyslaw FRANKOWSKI; Robert LEWANDOWSKI,MOHAMMED ALOWAIS; Abdulelah ALAMRI; ALI ALBULAYHI; MOHAMMED ALBURAYK; SAUD ABDULHAMID; ABDULELAH ALMALKI; FERAS ALBRIKAN; SALEM ALDAWSARI; Sami ALNAJI ); MOHAMED KANNO; SALEH ALSHEHRI,Krzysztof PIATEK; Jakub KAMINSKI,SULTAN ALGHANNAM; ABDULRAHMAN ALOBUD; NAWAF AL ABID (90+5' HATAN BAHBRI; Nasser ALDAWSARI,Robert LEWANDOWSKI,SALEM ALDAWSARI
6edf69925b,2022-11-26,Tunisia,Australia,41823,FALSE,,,Daniel SIEBERT,Aymen DAHMEN; Montassar TALBI; Yassine MERIAH; Dylan BRONN; Aissa LAIDOUNI; Ellyes SKHIRI; Mohamed DRAGER; Ali ABDI; Youssef MSAKNI; Issam JEBALI; Naim SLITI,Mathew RYAN; Kye ROWLES; Fran KARACIC; Aziz BEHICH; Harry SOUTTAR; Mathew LECKIE; Aaron MOOY; Jackson IRVINE; Craig GOODWIN; Riley McGREE; Mitch DUKE,Wajdi KECHRIDA; Wahbi KHAZRI; Ferjani SASSI; Taha KHENISSI,Milos DEGENEK; Keanu BACCUS; Awer MABIL; Ajdin HRUSTIC; Jamie MacLAREN,Youssef MSAKNI,Mathew RYAN
e6567e0102,2022-11-27,Belgium,Morocco,43738,FALSE,,,César Arturo Ramos Palazuelos,Thibaut COURTOIS; Toby ALDERWEIRELD; Jan VERTONGHEN; Timothy CASTAGNE; Axel WITSEL; Thomas MEUNIER; Thorgan HAZARD; Amadou ONANA; Kevin DE BRUYNE; Eden HAZARD; Michy BATSHUAYI,Monir EL KAJOUI; Achraf HAKIMI; Noussair MAZRAOUI; Nayef AGUERD; Romain SAISS; Sofyan AMRABAT; Azzedine OUNAHI; Selim AMALLAH; Hakim ZIYECH; Sofiane BOUFAL; Youssef EN NESYRI,Romelu LUKAKU; Leandro TROSSARD; Youri TIELEMANS; Dries MERTENS; DE KETELAERE,Abdelhamid SABIRI; Jawad EL YAMIQ; Yahya ATTIAT-ALLAH; Zakaria ABOUKHLAL; Abderrazak HAMDALLAH,Eden HAZARD,Romain SAISS
f9c569c183,2022-11-27,Croatia,Canada,44374,FALSE,,,Andres Matias MATONTE CABRERA,Dominik LIVAKOVIC; Dejan LOVREN; Borna SOSA; Josko GVARDIOL; Josip JURANOVIC; Mateo KOVACIC; Luka MODRIC; Marcelo BROZOVIC; Ivan PERISIC; Andrej KRAMARIC; Marko LIVAJA,Milan BORJAN; Alistair JOHNSTON; Kamal MILLER; Steven VITORIA; Richie LARYEA; Stephen EUSTAQUIO; Tajon BUCHANAN; Atiba HUTCHINSON; Alphonso DAVIES; Cyle LARIN; Jonathan DAVID,Lovro MAJER; Mario PASALIC; Mislav ORSIC; Nikola VLASIC; Bruno PETKOVIC,Junior HOILETT; Ismael KONE; Sam ADEKUGBE; Jonathan OSORIO; Lucas CAVALLINI,Luka MODRIC,Atiba HUTCHINSON
992f211eee,2022-11-27,Japan,Costa Rica,41479,FALSE,,,Michael Oliver,Shuichi GONDA; Miki YAMANE; Kou ITAKURA; Yuto NAGATOMO; Maya YOSHIDA; Wataru ENDO; Ritsu DOAN; Hidemasa MORITA; Daichi KAMADA; Yuki SOMA; Ayase UEDA,Keylor NAVAS; Oscar DUARTE; Francisco CALVO; Kendall WASTON; Keysher FULLER; Celso BORGES; Bryan OVIEDO; Joel CAMPBELL; Gerson TORRES; Yeltsin TEJEDA; Anthony CONTRERAS,Kaoru MITOMA; Hiroki ITO; Junya ITO; Takumi MINAMINO; Takuma ASANO,Youstin SALAS; Daniel CHACON; Brandon AGUILERA; Jewison BENNETTE,Maya YOSHIDA,Keylor NAVAS
02e2001790,2022-11-27,Spain,Germany,68895,FALSE,,,Danny Desmond Makkelie,Unai SIMON; RODRI; Jordi ALBA; Dani CARVAJAL; Aymeric LAPORTE; Sergio BUSQUETS; GAVI; Pedri GONZALEZ; Marco ASENSIO; Ferran TORRES; Dani OLMO,Manuel NEUER; Antonio RUEDIGER; David RAUM; Thilo KEHRER; Niklas SUELE; Joshua KIMMICH; Leon GORETZKA; Serge GNABRY; Jamal MUSIALA; Ilkay GUENDOGAN; Thomas MUELLER,Alejandro BALDE; Nico WILLIAMS; KOKE; Alvaro MORATA,Nico SCHLOTTERBECK; Lukas KLOSTERMANN; Jonas HOFMANN; Leroy SANE; Niclas FUELLKRUG,Sergio BUSQUETS,Manuel NEUER
2a79237a32,2022-11-28,Brazil,Switzerland,43649,FALSE,,,Ivan Arcides Barton Cisneros,ALISSON; THIAGO SILVA; MARQUINHOS; ALEX SANDRO; EDER MILITAO; CASEMIRO; LUCAS PAQUETA; FRED; RICHARLISON; RAPHINHA; VINICIUS JR,Yann SOMMER; Silvan WIDMER; Nico ELVEDI; Manuel AKANJI; Ricardo RODRIGUEZ; Remo FREULER; Granit XHAKA; Mohameth SOW; Ruben VARGAS; Fabian RIEDER; Breel EMBOLO,ALEX TELLES; RODRYGO; BRUNO GUIMARAES; GABRIEL JESUS; ANTONY,Fabian FREI; Michel AEBISCHER; Edimilson FERNANDES; Renato STEFFEN; Haris SEFEROVIC,THIAGO SILVA,Granit XHAKA
cbe468ab95,2022-11-28,Portugal,Uruguay,88668,FALSE,,,Alireza FAGHANI,DIOGO COSTA; PEPE; RUBEN DIAS; NUNO MENDES; JOAO CANCELO; BERNARDO SILVA; WILLIAM; RUBEN NEVES; CRISTIANO RONALDO; BRUNO FERNANDES; JOAO FELIX,Sergio ROCHET; Jose GIMENEZ; Diego GODIN; Guillermo VARELA; Mathias OLIVERA; Sebastian COATES; Matias VECINO; Rodrigo BENTANCUR; Federico VALVERDE; Darwin NUNEZ; Edinson CAVANI,RAPHAEL GUERREIRO; JOAO PALHINHA; RAFAEL LEAO; GONCALO RAMOS; MATHEUS NUNES,Facundo PELLISTRI; Matias VINA; Giorgian DE ARRASCAETA; Maximiliano GOMEZ; Luis SUAREZ,CRISTIANO RONALDO,Diego GODIN
1e4ea1f4cc,2022-11-28,South Korea,Ghana,43983,FALSE,,,Anthony Taylor,KIM Seunggyu; KIM Jinsu; Kim MINJAE; KIM Moonhwan; KIM Younggwon; JUNG Wooyoung; HWANG Inbeom; SON Heungmin; KWON Changhoon; JEONG Wooyeong; CHO Guesung,Lawrence Ati ZIGI; Tariq LAMPTEY; Mohammed SALISU; Gideon MENSAH; Daniel AMARTEY; Thomas PARTEY; Jordan AYEW; Andre AYEW; Kudus MOHAMMED; Salis ABDUL SAMED; Inaki WILLIAMS,KWON Kyungwon; HWANG Uijo; LEE Kangin; NA Sangho,Denis ODOI; Baba RAHMAN; Kamaldeen SULEMANA; Daniel-Kofi KYEREH; Alexander DJIKU,SON Heungmin,Andre AYEW
d80d109cab,2022-11-29,Ecuador,Senegal,44569,FALSE,,,Clément Turpin,Hernan GALINDEZ; Felix TORRES; Piero HINCAPIE; Pervis ESTUPINAN; Angelo PRECIADO; Carlos GRUEZO; Alan FRANCO; Moises CAICEDO; Michael ESTRADA; Enner VALENCIA; Gonzalo PLATA,Edouard MENDY; Kalidou KOULIBALY; Ismail JAKOBS; Youssouf SABALY; Abdou DIALLO; Idrissa Gana GUEYE; Pathe CISS; Pape GUEYE; Boulaye DIA; Iliman NDIAYE; Ismaila SARR,Jackson POROZO; Jose CIFUENTES; Jeremy SARMIENTO; Djorkaeff REASCO,Nampalys MENDY; Pape Abou CISSE; Cheikh DIENG,Enner VALENCIA,Kalidou KOULIBALY
5574ba8e68,2022-11-29,Iran,United States,42127,FALSE,,,Antonio MATEU,Ali BEIRANVAND; Milad MOHAMMADI; Morteza POURALIGANJI; Majid HOSSEINI; Ramin REZAEIAN; Ehsan HAJI SAFI; Saeid EZATOLAHI; Mehdi TAREMI; Ali GHOLIZADEH; Ahmad NOOROLLAHI; Sardar AZMOUN,Matt TURNER; Sergino DEST; Antonee ROBINSON; Tim REAM; Cameron CARTER-VICKERS; Tyler ADAMS; Yunus MUSAH; Weston McKENNIE; Christian PULISIC; Tim WEAH; Josh SARGENT,Ali KARIMI; Abolfazl JALALI; Karim ANSARIFARD; Mahdi TORABI; Saman GHODDOS,Shaquell MOORE; Kellyn PERRY-ACOSTA; Brenden AARONSON; Walker ZIMMERMAN; Haji WRIGHT,Ehsan HAJI SAFI,Tyler ADAMS
99605a2e34,2022-11-29,Qatar,Netherlands,66784,FALSE,,,Bakary GASSAMA,MESHAAL BARSHAM; PEDRO MIGUEL; ABDELKARIM HASSAN; HOMAM AHMED; BOUALEM KHOUKHI; ISMAIL MOHAMAD; ABDULAZIZ HATEM; HASSAN ALHAYDOS; ASSIM MADIBO; AKRAM AFIF; ALMOEZ ALI,Andries NOPPERT; Jurrien TIMBER; Virgil VAN DIJK; Nathan AKE; Davy KLAASSEN; Marten DE ROON; Daley BLIND; Frenkie DE JONG; Denzel DUMFRIES; Cody GAKPO; Memphis DEPAY,MUSAAB KHIDIR; AHMED ALAAELDIN; ALI ASSADALLA; KARIM BOUDIAF; MOHAMMED MUNTARI,Steven BERGHUIS; Teun KOOPMEINERS; Kenneth TAYLOR; Wout WEGHORST; Vincent JANSSEN,HASSAN ALHAYDOS,Virgil VAN DIJK
e878de5419,2022-11-29,Wales,England,44297,FALSE,,,Slavko VINCIC,Danny WARD; Neco WILLIAMS; Ben DAVIES; Chris MEPHAM; Joe RODON; Joe ALLEN; Aaron RAMSEY; Gareth BALE; Ethan AMPADU; Daniel JAMES; Kieffer MOORE,Jordan PICKFORD; Kyle WALKER; Luke SHAW; John STONES; Harry MAGUIRE; Declan RICE; Jordan HENDERSON; Jude BELLINGHAM; Harry KANE; Marcus RASHFORD; Phil FODEN,Connor ROBERTS; Joseff MORRELL; Rubin COLWILL; Brennan JOHNSON; Harry WILSON,Trent ALEXANDER-ARNOLD; Kieran TRIPPIER; Kalvin PHILLIPS; Callum WILSON; Jack GREALISH,Gareth BALE,Harry KANE
7836155f83,2022-11-30,Australia,Denmark,41232,FALSE,,,Mustapha Ghorbal,Mathew RYAN; Milos DEGENEK; Kye ROWLES; Aziz BEHICH; Harry SOUTTAR; Mathew LECKIE; Aaron MOOY; Jackson IRVINE; Craig GOODWIN; Riley McGREE; Mitch DUKE,Kasper SCHMEICHEL; Joachim ANDERSEN; Joakim MAEHLE; Andreas CHRISTENSEN; Rasmus KRISTENSEN; Mathias JENSEN; Christian ERIKSEN; Pierre-Emile HOJBJERG; Martin BRAITHWAITE; Andreas SKOV OLSEN; Jesper LINDSTROM,Ajdin HRUSTIC; Keanu BACCUS; Bailey WRIGHT; Jamie MacLAREN,Andreas CORNELIUS; Alexander BAH; Mikkel DAMSGAARD; Kasper DOLBERG; Robert SKOV,Mathew RYAN,Christian ERIKSEN
c9f8688379,2022-11-30,Poland,Argentina,44089,FALSE,,,Danny Desmond Makkelie,Wojciech SZCZESNY; Matty CASH; Jakub KIWIOR; Kamil GLIK; Bartosz BERESZYNSKI; Krystian BIELIK; Grzegorz KRYCHOWIAK; Karol SWIDERSKI; Piotr ZIELINSKI; Przemyslaw FRANKOWSKI; Robert LEWANDOWSKI,Emiliano MARTINEZ; Marcos ACUNA; Cristian ROMERO; Nicolas OTAMENDI; Nahuel MOLINA; Rodrigo DE PAUL; Alexis MAC ALLISTER; Enzo FERNANDEZ; Julian ALVAREZ; Lionel MESSI; Angel DI MARIA,Artur JEDRZEJCZYK; Damian SZYMANSKI; Krzysztof PIATEK; Michal SKORAS; Jakub KAMINSKI,Nicolas TAGLIAFICO; Thiago ALMADA; German PEZZELLA; Lautaro MARTINEZ; Leandro PAREDES,Robert LEWANDOWSKI,Lionel MESSI
4bdfc3535e,2022-11-30,Saudi Arabia,Mexico,84985,FALSE,,,Michael Oliver,MOHAMMED ALOWAIS; SULTAN ALGHANNAM; Abdulelah ALAMRI; ALI ALBULAYHI; Hassan ALTAMBAKTI; FERAS ALBRIKAN; SALEM ALDAWSARI; SAUD ABDULHAMID; ALI ALHASSAN; SALEH ALSHEHRI; MOHAMED KANNO,Guillermo OCHOA; Cesar MONTES; Hector MORENO; Jorge SANCHEZ; Jesus GALLARDO; Edson ALVAREZ; Alexis VEGA; Orbelin PINEDA; Hirving LOZANO; Luis CHAVEZ; Henry MARTIN,HATAN BAHBRI; RIYADH SHARAHILI; ABDULLAH MADU; ABDULRAHMAN ALOBUD,Kevin ALVAREZ; Rogelio FUNES MORI; Uriel ANTUNA; Carlos RODRIGUEZ; Raul JIMENEZ,SALEM ALDAWSARI,Guillermo OCHOA
5b3f76c596,2022-11-30,Tunisia,France,43627,FALSE,,,Matthew CONGER,Aymen DAHMEN; Montassar TALBI; Yassine MERIAH; Nader GHANDRI; Ali MAALOUL; Aissa LAIDOUNI; Ellyes SKHIRI; Wajdi KECHRIDA; Wahbi KHAZRI; BEN ROMDHANE Ali; Anis SLIMANE,Steve MANDANDA; Axel DISASI; Raphael VARANE; Ibrahima KONATE; Eduardo CAMAVINGA; Aurelien TCHOUAMENI; Youssouf Fofana; Jordan VERETOUT; Matteo GUENDOUZI; Randal KOLO MUANI; Kingsley COMAN,Issam JEBALI; Ghaylen CHAALELI; Ali ABDI,William SALIBA; Antoine GRIEZMANN; Adrien RABIOT; Ousmane DEMBELE; Kylian MBAPPE,Wahbi KHAZRI,Raphael VARANE
a391e6999f,2022-12-01,Canada,Morocco,43102,FALSE,,,Raphael Claus,Milan BORJAN; Alistair JOHNSTON; Sam ADEKUGBE; Kamal MILLER; Steven VITORIA; Tajon BUCHANAN; Mark-Anthony KAYE; Alphonso DAVIES; Jonathan OSORIO; Junior HOILETT; Cyle LARIN,Yassine BOUNOU; Achraf HAKIMI; Noussair MAZRAOUI; Nayef AGUERD; Romain SAISS; Sofyan AMRABAT; Azzedine OUNAHI; Abdelhamid SABIRI; Hakim ZIYECH; Sofiane BOUFAL; Youssef EN NESYRI,Ismael KONE; Atiba HUTCHINSON; Richie LARYEA; David WOTHERSPOON; Jonathan DAVID,Yahya JABRANE; Jawad EL YAMIQ; Selim AMALLAH; Abderrazak HAMDALLAH; Zakaria ABOUKHLAL,Milan BORJAN,Romain SAISS
b0df725425,2022-12-01,Costa Rica,Germany,67054,FALSE,,,Stéphanie Frappart,Keylor NAVAS; Juan VARGAS; Keysher FULLER; Oscar DUARTE; Bryan OVIEDO; Kendall WASTON; Celso BORGES; Joel CAMPBELL; Yeltsin TEJEDA; Brandon AGUILERA; Johan VENEGAS,Manuel NEUER; Antonio RUEDIGER; David RAUM; Joshua KIMMICH; Niklas SUELE; Leon GORETZKA; Jamal MUSIALA; Ilkay GUENDOGAN; Serge GNABRY; Thomas MUELLER; Leroy SANE,Jewison BENNETTE; Anthony CONTRERAS; Roan WILSON; Youstin SALAS; Ronald MATARRITA,Mario GOETZE; Matthias GINTER; Lukas KLOSTERMANN; Niclas FUELLKRUG; Kai HAVERTZ,Keylor NAVAS,Manuel NEUER
3373743b05,2022-12-01,Croatia,Belgium,43984,FALSE,,,Anthony Taylor,Dominik LIVAKOVIC; Dejan LOVREN; Borna SOSA; Josko GVARDIOL; Josip JURANOVIC; Mateo KOVACIC; Luka MODRIC; Marcelo BROZOVIC; Ivan PERISIC; Andrej KRAMARIC; Marko LIVAJA,Thibaut COURTOIS; Toby ALDERWEIRELD; Jan VERTONGHEN; Timothy CASTAGNE; Axel WITSEL; Yannick CARRASCO; Thomas MEUNIER; Leander DENDONCKER; Kevin DE BRUYNE; Dries MERTENS; Leandro TROSSARD,Lovro MAJER; Mario PASALIC; Bruno PETKOVIC,Jeremy DOKU; Eden HAZARD; Youri TIELEMANS; Romelu LUKAKU; Thorgan HAZARD,Luka MODRIC,Kevin DE BRUYNE
fb199cd892,2022-12-01,Japan,Spain,44851,FALSE,,,Victor GOMES,Shuichi GONDA; Shogo TANIGUCHI; Kou ITAKURA; Maya YOSHIDA; Yuto NAGATOMO; Hidemasa MORITA; Junya ITO; Ao TANAKA; Takefusa KUBO; Daichi KAMADA; Daizen MAEDA,Unai SIMON; Cesar AZPILICUETA; Pau TORRES; Alejandro BALDE; RODRI; Sergio BUSQUETS; GAVI; Pedri GONZALEZ; Alvaro MORATA; Nico WILLIAMS; Dani OLMO,Kaoru MITOMA; Wataru ENDO; Ritsu DOAN; Takehiro TOMIYASU; Takuma ASANO,Dani CARVAJAL; Jordi ALBA; Ansu FATI; Marco ASENSIO; Ferran TORRES,Maya YOSHIDA,Sergio BUSQUETS
c4021792bc,2022-12-02,Cameroon,Brazil,85986,FALSE,,,Ismail Elfath,Devis EPASSY; Christopher WOOH; Collins FAI; Enzo EBOSSE; Nouhou TOLO; Nicolas NGAMALEU; Andre-Frank ZAMBO ANGUISSA; Pierre KUNDE; Bryan MBEUMO; Vincent ABOUBAKAR; Eric Maxim CHOUPO-MOTING,EDERSON; DANI ALVES; EDER MILITAO; ALEX TELLES; BREMER; FRED; FABINHO; ANTONY; GABRIEL MARTINELLI; GABRIEL JESUS; RODRYGO,Jerome NGOM MBEKELI; Olivier NTCHAM; Karl TOKO EKAMBI,MARQUINHOS; BRUNO GUIMARAES; RAPHINHA; PEDRO; EVERTON RIBEIRO,Vincent ABOUBAKAR,DANI ALVES
8b6a550b94,2022-12-02,Ghana,Uruguay,43443,FALSE,,,Daniel SIEBERT,Lawrence Ati ZIGI; Mohammed SALISU; Baba RAHMAN; Daniel AMARTEY; Seidu ALIDU; Thomas PARTEY; Jordan AYEW; Andre AYEW; Kudus MOHAMMED; Salis ABDUL SAMED; Inaki WILLIAMS,Sergio ROCHET; Jose GIMENEZ; Guillermo VARELA; Mathias OLIVERA; Sebastian COATES; Rodrigo BENTANCUR; Giorgian DE ARRASCAETA; Federico VALVERDE; Facundo PELLISTRI; Luis SUAREZ; Darwin NUNEZ,Kamaldeen SULEMANA; Osman BUKARI; Abdul Fatawu ISSAHAKU; Daniel-Kofi KYEREH; Antoine SEMENYO,Matias VECINO; Maximiliano GOMEZ; Nicolas DE LA CRUZ; Edinson CAVANI; Agustin CANOBBIO,Andre AYEW,Luis SUAREZ
2a40072f81,2022-12-02,Serbia,Switzerland,41378,FALSE,,,Fernando Andrés Rapallini,Vanja MILINKOVIC; Strahinja PAVLOVIC; Nikola MILENKOVIC; Milos VELJKOVIC; Dusan TADIC; Andrija ZIVKOVIC; Sasa LUKIC; Filip KOSTIC; Sergej MILINKOVIC-SAVIC; Aleksandar MITROVIC; Dusan VLAHOVIC,Gregor KOBEL; Silvan WIDMER; Manuel AKANJI; Ricardo RODRIGUEZ; Fabian SCHAER; Remo FREULER; Granit XHAKA; Mohameth SOW; Ruben VARGAS; Xherdan SHAQIRI; Breel EMBOLO,Nemanja GUDELJ; Filip DJURICIC; Nemanja RADONJIC; Nemanja MAKSIMOVIC; Luka JOVIC,Edimilson FERNANDES; Christian FASSNACHT; Denis ZAKARIA; Noah OKAFOR,Dusan TADIC,Granit XHAKA
311c9325db,2022-12-02,South Korea,Portugal,44097,FALSE,,,Facundo TELLO,KIM Seunggyu; KIM Jinsu; KIM Moonhwan; KIM Younggwon; KWON Kyungwon; JUNG Wooyoung; HWANG Inbeom; LEE Kangin; SON Heungmin; CHO Guesung; LEE Jaesung,DIOGO COSTA; DIOGO DALOT; PEPE; JOAO CANCELO; ANTONIO SILVA; VITINHA; JOAO MARIO; RUBEN NEVES; Ricardo HORTA; MATHEUS NUNES; CRISTIANO RONALDO,SON Junho; HWANG Uijo; CHO Yumin; HWANG Heechan,BERNARDO SILVA; WILLIAM; RAFAEL LEAO; JOAO PALHINHA; ANDRE SILVA,SON Heungmin,CRISTIANO RONALDO
b2b0faf3ec,2022-12-03,Argentina,Australia,45032,FALSE,,,Szymon MARCINIAK,Emiliano MARTINEZ; Marcos ACUNA; Cristian ROMERO; Nicolas OTAMENDI; Nahuel MOLINA; Rodrigo DE PAUL; Alexis MAC ALLISTER; Enzo FERNANDEZ; Julian ALVAREZ; Lionel MESSI; Alejandro GOMEZ,Mathew RYAN; Milos DEGENEK; Kye ROWLES; Aziz BEHICH; Harry SOUTTAR; Mathew LECKIE; Aaron MOOY; Riley McGREE; Keanu BACCUS; Mitch DUKE; Jackson IRVINE,Nicolas TAGLIAFICO; Exequiel PALACIOS; Gonzalo MONTIEL; Lautaro MARTINEZ; Lisandro MARTINEZ,Fran KARACIC; Garang KUOL; Craig GOODWIN; Ajdin HRUSTIC; Jamie MacLAREN,Lionel MESSI,Mathew RYAN
d99be58a6f,2022-12-03,Netherlands,United States,44846,FALSE,,,Wilton SAMPAIO,Andries NOPPERT; Jurrien TIMBER; Virgil VAN DIJK; Nathan AKE; Davy KLAASSEN; Marten DE ROON; Daley BLIND; Frenkie DE JONG; Denzel DUMFRIES; Cody GAKPO; Memphis DEPAY,Matt TURNER; Sergino DEST; Walker ZIMMERMAN; Antonee ROBINSON; Tim REAM; Tyler ADAMS; Yunus MUSAH; Weston McKENNIE; Jesus FERREIRA; Christian PULISIC; Tim WEAH,Matthijs DE LIGT; Teun KOOPMEINERS; Steven BERGWIJN; Wout WEGHORST; Xavi SIMONS,DeAndre YEDLIN; Jordan MORRIS; Haji WRIGHT; Giovanni REYNA; Brenden AARONSON,Virgil VAN DIJK,Tyler ADAMS
4ef5a0caba,2022-12-04,England,Senegal,65985,FALSE,,,Ivan Arcides Barton Cisneros,Jordan PICKFORD; Kyle WALKER; Luke SHAW; John STONES; Harry MAGUIRE; Declan RICE; Jordan HENDERSON; Jude BELLINGHAM; Harry KANE; Bukayo SAKA; Phil FODEN,Edouard MENDY; Kalidou KOULIBALY; Ismail JAKOBS; Youssouf SABALY; Abdou DIALLO; Nampalys MENDY; Pathe CISS; Krepin DIATTA; Ismaila SARR; Boulaye DIA; Iliman NDIAYE,Eric DIER; Kalvin PHILLIPS; Mason MOUNT; Marcus RASHFORD; Jack GREALISH,Fode BALLO; Pape GUEYE; Pape SARR; Famara DIEDHIOU; Cheikh DIENG,Harry KANE,Kalidou KOULIBALY
e5a611b433,2022-12-04,France,Poland,40989,FALSE,,,Jesús Valenzuela Sáez,Hugo LLORIS; Raphael VARANE; Jules KOUNDE; Dayot UPAMECANO; Theo HERNANDEZ; Antoine GRIEZMANN; Aurelien TCHOUAMENI; Kylian MBAPPE; Ousmane DEMBELE; Adrien RABIOT; Olivier GIROUD,Wojciech SZCZESNY; Matty CASH; Jakub KIWIOR; Kamil GLIK; Bartosz BERESZYNSKI; Grzegorz KRYCHOWIAK; Jakub KAMINSKI; Sebastian SZYMANSKI; Piotr ZIELINSKI; Przemyslaw FRANKOWSKI; Robert LEWANDOWSKI,Axel DISASI; Youssouf Fofana; Kingsley COMAN; Marcus THURAM,Jan BEDNAREK; Krystian BIELIK; Nicola ZALEWSKI; Arkadiusz MILIK; Kamil GROSICKI,Hugo LLORIS,Robert LEWANDOWSKI
aa719a0fc7,2022-12-05,Brazil,South Korea,43847,FALSE,,,Clément Turpin,ALISSON; DANILO; THIAGO SILVA; MARQUINHOS; EDER MILITAO; CASEMIRO; LUCAS PAQUETA; NEYMAR; RICHARLISON; RAPHINHA; VINICIUS JR,KIM Seunggyu; KIM Jinsu; Kim MINJAE; KIM Moonhwan; KIM Younggwon; JUNG Wooyoung; HWANG Inbeom; LEE Jaesung; HWANG Heechan; SON Heungmin; CHO Guesung,WEVERTON; BREMER; DANI ALVES; RODRYGO; GABRIEL MARTINELLI,HONG Chul; SON Junho; PAIK Seungho; LEE Kangin; HWANG Uijo,THIAGO SILVA,SON Heungmin
a22b287e5b,2022-12-05,Japan,Croatia,42523,TRUE,1,3,Ismail Elfath,Shuichi GONDA; Shogo TANIGUCHI; Takehiro TOMIYASU; Maya YOSHIDA; Yuto NAGATOMO; Wataru ENDO; Hidemasa MORITA; Junya ITO; Ritsu DOAN; Daichi KAMADA; Daizen MAEDA,Dominik LIVAKOVIC; Borna BARISIC; Dejan LOVREN; Josko GVARDIOL; Josip JURANOVIC; Mateo KOVACIC; Luka MODRIC; Marcelo BROZOVIC; Ivan PERISIC; Andrej KRAMARIC; Bruno PETKOVIC ),Kaoru MITOMA; Ao TANAKA; Takumi MINAMINO; Hiroki SAKAI; Takuma ASANO,Nikola VLASIC; Lovro MAJER; Mislav ORSIC; Mario PASALIC; Ante BUDIMIR (106' Marko LIVAJA,Maya YOSHIDA,Luka MODRIC
4d78f17b1c,2022-12-06,Morocco,Spain,44667,TRUE,3,0,Fernando Andrés Rapallini,Yassine BOUNOU; Achraf HAKIMI; Noussair MAZRAOUI; Nayef AGUERD; Romain SAISS; Sofyan AMRABAT; Azzedine OUNAHI; Selim AMALLAH; Hakim ZIYECH; Sofiane BOUFAL; Youssef EN NESYRI,Unai SIMON; Marcos LLORENTE; RODRI; Jordi ALBA; Aymeric LAPORTE; Sergio BUSQUETS; GAVI; Pedri GONZALEZ; Marco ASENSIO; Ferran TORRES ); Dani OLMO,Yahya ATTIAT-ALLAH; Jawad EL YAMIQ; Badr BENOUN; Walid CHEDDIRA; Abde EZZALZOULI; Abdelhamid SABIRI,Alejandro BALDE; Carlos SOLER; Alvaro MORATA; Nico WILLIAMS (118' Pablo SARABIA; Ansu FATI,Romain SAISS,Sergio BUSQUETS
8efaa3cc35,2022-12-06,Portugal,Switzerland,83720,FALSE,,,César Arturo Ramos Palazuelos,DIOGO COSTA; DIOGO DALOT; PEPE; RUBEN DIAS; RAPHAEL GUERREIRO; BERNARDO SILVA; WILLIAM; OTAVIO; BRUNO FERNANDES; JOAO FELIX; GONCALO RAMOS,Yann SOMMER; Manuel AKANJI; Ricardo RODRIGUEZ; Fabian SCHAER; Edimilson FERNANDES; Remo FREULER; Granit XHAKA; Mohameth SOW; Ruben VARGAS; Breel EMBOLO; Xherdan SHAQIRI,RUBEN NEVES; VITINHA; RAFAEL LEAO; CRISTIANO RONALDO; Ricardo HORTA,Eray COMERT; Denis ZAKARIA; Haris SEFEROVIC; Noah OKAFOR; Ardon JASHARI,PEPE,Granit XHAKA
2ce1766671,2022-12-09,Croatia,Brazil,43893,TRUE,4,2,Michael Oliver,Dominik LIVAKOVIC; Dejan LOVREN; Borna SOSA; Josko GVARDIOL; Josip JURANOVIC; Mateo KOVACIC; Luka MODRIC; Marcelo BROZOVIC; Ivan PERISIC; Andrej KRAMARIC; Mario PASALIC,ALISSON; DANILO; THIAGO SILVA; MARQUINHOS; EDER MILITAO; CASEMIRO; LUCAS PAQUETA; NEYMAR; RICHARLISON; RAPHINHA; VINICIUS JR,Ante BUDIMIR; Lovro MAJER; Mislav ORSIC; Bruno PETKOVIC; Nikola VLASIC,ALEX SANDRO; FRED; PEDRO; ANTONY; RODRYGO,Luka MODRIC,THIAGO SILVA
2af32b1111,2022-12-09,Netherlands,Argentina,88235,TRUE,3,4,Antonio MATEU,Andries NOPPERT; Jurrien TIMBER; Virgil VAN DIJK; Nathan AKE; Cody GAKPO; Marten DE ROON; Daley BLIND; Frenkie DE JONG; Denzel DUMFRIES; Steven BERGWIJN; Memphis DEPAY,Emiliano MARTINEZ; Cristian ROMERO; Nicolas OTAMENDI; Lisandro MARTINEZ; Rodrigo DE PAUL; Marcos ACUNA; Alexis MAC ALLISTER; Enzo FERNANDEZ; Nahuel MOLINA; Julian ALVAREZ; Lionel MESSI,Noa LANG; Teun KOOPMEINERS; Luuk DE JONG; Steven BERGHUIS; Wout WEGHORST,German PEZZELLA; Angel DI MARIA; Leandro PAREDES; Nicolas TAGLIAFICO; Gonzalo MONTIEL; Lautaro MARTINEZ,Virgil VAN DIJK,Lionel MESSI
945b79ba4f,2022-12-10,England,France,68895,FALSE,,,Wilton SAMPAIO,Jordan PICKFORD; Kyle WALKER; Luke SHAW; John STONES; Harry MAGUIRE; Declan RICE; Jordan HENDERSON; Jude BELLINGHAM; Harry KANE; Bukayo SAKA; Phil FODEN,Hugo LLORIS; Raphael VARANE; Jules KOUNDE; Dayot UPAMECANO; Theo HERNANDEZ; Antoine GRIEZMANN; Aurelien TCHOUAMENI; Kylian MBAPPE; Ousmane DEMBELE; Adrien RABIOT; Olivier GIROUD,Jack GREALISH; Mason MOUNT; Raheem STERLING; Marcus RASHFORD,Kingsley COMAN,Harry KANE,Hugo LLORIS
a347789d2b,2022-12-10,Morocco,Portugal,44198,FALSE,,,Facundo TELLO,Yassine BOUNOU; Achraf HAKIMI; Romain SAISS; Jawad EL YAMIQ; Yahya ATTIAT-ALLAH; Sofyan AMRABAT; Azzedine OUNAHI; Selim AMALLAH; Hakim ZIYECH; Sofiane BOUFAL; Youssef EN NESYRI,DIOGO COSTA; DIOGO DALOT; PEPE; RUBEN DIAS; RAPHAEL GUERREIRO; BERNARDO SILVA; RUBEN NEVES; OTAVIO; BRUNO FERNANDES; JOAO FELIX; GONCALO RAMOS,Achraf DARI; Walid CHEDDIRA; Zakaria ABOUKHLAL; Yahya JABRANE; Badr BENOUN,Ricardo HORTA; JOAO CANCELO; CRISTIANO RONALDO; VITINHA; RAFAEL LEAO,Romain SAISS,PEPE
de1eb723e8,2022-12-13,Argentina,Croatia,88966,FALSE,,,Daniele Orsato,Emiliano MARTINEZ; Nicolas TAGLIAFICO; Cristian ROMERO; Nicolas OTAMENDI; Nahuel MOLINA; Leandro PAREDES; Rodrigo DE PAUL; Alexis MAC ALLISTER; Enzo FERNANDEZ; Julian ALVAREZ; Lionel MESSI,Dominik LIVAKOVIC; Dejan LOVREN; Borna SOSA; Josko GVARDIOL; Josip JURANOVIC; Mateo KOVACIC; Luka MODRIC; Marcelo BROZOVIC; Ivan PERISIC; Andrej KRAMARIC; Mario PASALIC,Juan FOYTH; Lisandro MARTINEZ; Exequiel PALACIOS; Angel CORREA; Paulo DYBALA,Mislav ORSIC; Lovro MAJER; Bruno PETKOVIC; Marko LIVAJA; Nikola VLASIC,Lionel MESSI,Luka MODRIC
2c8ca8aaf5,2022-12-14,France,Morocco,68294,FALSE,,,César Arturo Ramos Palazuelos,Hugo LLORIS; Raphael VARANE; Jules KOUNDE; Theo HERNANDEZ; Ibrahima KONATE; Antoine GRIEZMANN; Aurelien TCHOUAMENI; Youssouf Fofana; Olivier GIROUD; Kylian MBAPPE; Ousmane DEMBELE,Yassine BOUNOU; Romain SAISS ); Jawad EL YAMIQ; Achraf DARI; Achraf HAKIMI; Noussair MAZRAOUI; Sofyan AMRABAT; Azzedine OUNAHI; Hakim ZIYECH; Sofiane BOUFAL; Youssef EN NESYRI,Marcus THURAM; Randal KOLO MUANI,Selim AMALLAH (78' Abde EZZALZOULI; Yahya ATTIAT-ALLAH; Zakaria ABOUKHLAL; Abderrazak HAMDALLAH,Hugo LLORIS,Romain SAISS
95769b9c0e,2022-12-17,Croatia,Morocco,44137,FALSE,,,Abdulrahman AL JASSIM,Dominik LIVAKOVIC; Josip STANISIC; Ivan PERISIC; Josko GVARDIOL; Josip SUTALO; Lovro MAJER; Mateo KOVACIC; Luka MODRIC; Mislav ORSIC; Andrej KRAMARIC; Marko LIVAJA,Yassine BOUNOU; Achraf HAKIMI; Jawad EL YAMIQ; Achraf DARI; Yahya ATTIAT-ALLAH; Sofyan AMRABAT; Abdelhamid SABIRI; Bilal EL KHANNOUSS; Hakim ZIYECH; Sofiane BOUFAL; Youssef EN NESYRI,Mario PASALIC; Kristijan JAKIC; Nikola VLASIC; Bruno PETKOVIC,Selim AMALLAH; Badr BENOUN; Ilias CHAIR; Azzedine OUNAHI; Anass ZAROURY,Luka MODRIC,Hakim ZIYECH
637cde918f,2022-12-18,Argentina,France,88966,TRUE,4,2,Szymon MARCINIAK,Emiliano MARTINEZ; Nicolas TAGLIAFICO; Cristian ROMERO; Nicolas OTAMENDI; Nahuel MOLINA; Rodrigo DE PAUL; Alexis MAC ALLISTER; Enzo FERNANDEZ; Julian ALVAREZ; Lionel MESSI; Angel DI MARIA,Hugo LLORIS; Raphael VARANE; Jules KOUNDE; Dayot UPAMECANO; Theo HERNANDEZ; Antoine GRIEZMANN; Aurelien TCHOUAMENI; Adrien RABIOT; Olivier GIROUD; Kylian MBAPPE; Ousmane DEMBELE,Paulo DYBALA; Gonzalo MONTIEL; Leandro PAREDES; German PEZZELLA; Lautaro MARTINEZ; Marcos ACUNA,Ibrahima KONATE; Axel DISASI; Eduardo CAMAVINGA; Kingsley COMAN; Youssouf Fofana; Marcus THURAM; Randal KOLO MUANI,Lionel MESSI,Hugo LLORIS
