team,player,position,age,caps,intl_goals,club
Algeria,Achref Abada,DF,26,7,1,USM Alger
Algeria,Aïssa Mandi,DF,34,117,7,Lille OSC
Algeria,Jaouen Hadjam,DF,23,17,3,BSC Young Boys
Algeria,Mohamed Amine Tougai,DF,26,29,2,Espérance Sportive de Tunis
Algeria,Rafik Belghali,DF,24,12,1,Hellas Verona FC
Algeria,Ramy Bensebaini,DF,31,81,7,Borussia Dortmund
Algeria,Rayan Aït-Nouri,DF,25,28,0,Manchester City F.C.
Algeria,Samir Chergui,DF,27,4,0,Paris FC
Algeria,Zineddine Belaïd,DF,27,10,1,JS Kabylie
Algeria,Adil Boulbina,FW,23,11,6,Al Duhail SC
Algeria,Amine Gouiri,FW,26,22,8,Olympique de Marseille
Algeria,Anis Hadj Moussa,FW,24,14,1,Feyenoord
Algeria,Farès Ghedjemis,FW,23,1,1,Frosinone Calcio
Algeria,Mohamed Amoura,FW,26,45,19,VfL Wolfsburg
Algeria,Nadhir Benbouali,FW,26,3,1,Győri ETO FC
Algeria,Riyad Mahrez,FW,35,114,38,Al-Ahli Saudi FC
Algeria,Luca Zidane,GK,28,7,0,Granada CF
Algeria,Melvin Mastil,GK,26,1,0,FC Stade Nyonnais
Algeria,Oussama Benbot,GK,31,2,0,USM Alger
Algeria,Farès Chaïbi,MF,23,29,3,Eintracht Frankfurt
Algeria,Hicham Boudaoui,MF,26,32,0,OGC Nice
Algeria,Houssem Aouar,MF,27,20,6,Al-Ittihad Club (Jeddah)
Algeria,Ibrahim Maza,MF,20,16,2,Bayer 04 Leverkusen
Algeria,Nabil Bentaleb,MF,31,59,6,Lille OSC
Algeria,Ramiz Zerrouki,MF,28,52,3,FC Twente
Algeria,Yacine Titraoui,MF,22,5,0,Royal Charleroi SC
Argentina,Cristian Romero,DF,28,50,3,Tottenham Hotspur F.C.
Argentina,Facundo Medina,DF,27,8,0,Olympique de Marseille
Argentina,Gonzalo Montiel,DF,29,38,2,Club Atlético River Plate
Argentina,Lisandro Martínez,DF,28,27,1,Manchester United F.C.
Argentina,Nahuel Molina,DF,28,58,1,Atlético Madrid
Argentina,Nicolás Otamendi,DF,38,131,8,S.L. Benfica
Argentina,Nicolás Tagliafico,DF,33,76,1,Olympique Lyonnais
Argentina,Giuliano Simeone,FW,23,12,2,Atlético Madrid
Argentina,José Manuel López (footballer),FW,25,4,0,SE Palmeiras
Argentina,Julián Alvarez,FW,26,51,14,Atlético Madrid
Argentina,Lautaro Martínez,FW,28,76,37,Inter Milan
Argentina,Lionel Messi,FW,38,198,116,Inter Miami CF
Argentina,Nico Paz,FW,21,8,1,Como 1907
Argentina,Thiago Almada,FW,25,15,4,Atlético Madrid
Argentina,Emiliano Martínez,GK,33,59,0,Aston Villa F.C.
Argentina,Gerónimo Rulli,GK,34,7,0,Olympique de Marseille
Argentina,Juan Musso,GK,32,4,0,Atlético Madrid
Argentina,Alexis Mac Allister,MF,27,45,6,Liverpool F.C.
Argentina,Enzo Fernández,MF,25,41,6,Chelsea F.C.
Argentina,Exequiel Palacios,MF,27,39,0,Bayer 04 Leverkusen
Argentina,Giovani Lo Celso,MF,30,66,4,Real Betis
Argentina,Leandro Paredes,MF,31,77,5,Boca Juniors
Argentina,"Nicolás González (footballer, born 1998)",MF,28,50,6,Atlético Madrid
Argentina,Rodrigo De Paul,MF,32,86,2,Inter Miami CF
Argentina,Valentín Barco,MF,21,3,1,RC Strasbourg Alsace
Australia,Alessandro Circati,DF,22,13,1,Parma Calcio 1913
Australia,Aziz Behich,DF,35,84,3,Melbourne City FC
Australia,Cameron Burgess,DF,30,27,0,Swansea City A.F.C.
Australia,Harry Souttar,DF,27,38,11,Leicester City F.C.
Australia,Jacob Italiano,DF,24,5,0,Grazer AK
Australia,Jason Geria,DF,33,14,0,Albirex Niigata
Australia,Jordan Bos,DF,23,27,4,Feyenoord
Australia,Kai Trewin,DF,25,6,0,New York City FC
Australia,Lucas Herrington,DF,18,4,0,Colorado Rapids
Australia,Miloš Degenek,DF,32,57,1,APOEL FC
Australia,Ajdin Hrustic,FW,29,37,4,Heracles Almelo
Australia,Awer Mabil,FW,30,38,10,CD Castellón
Australia,Cristian Volpato,FW,22,1,0,US Sassuolo Calcio
Australia,Mathew Leckie,FW,35,80,14,Melbourne City FC
Australia,"Mohamed Touré (soccer, born 2004)",FW,22,10,2,Norwich City F.C.
Australia,Nestory Irankunda,FW,20,15,5,Watford F.C.
Australia,Nishan Velupillay,FW,25,7,3,Melbourne Victory FC
Australia,Tete Yengi,FW,25,1,1,FC Machida Zelvia
Australia,Mathew Ryan,GK,34,104,0,Levante UD
Australia,Patrick Beach,GK,22,2,0,Melbourne City FC
Australia,Paul Izzo,GK,31,4,0,Randers FC
Australia,Aiden O'Neill,MF,27,31,0,New York City FC
Australia,Cammy Devlin,MF,28,5,0,Heart of Midlothian F.C.
Australia,Connor Metcalfe,MF,26,36,1,FC St. Pauli
Australia,Jackson Irvine,MF,33,82,14,FC St. Pauli
Australia,Paul Okon-Engstler,MF,21,6,0,Sydney FC
Austria,"David Affengruber (footballer, born 2001)",DF,25,1,0,Elche CF
Austria,David Alaba,DF,33,113,15,Real Madrid CF
Austria,Kevin Danso,DF,27,32,0,Tottenham Hotspur F.C.
Austria,Marco Friedl,DF,28,11,0,SV Werder Bremen
Austria,Michael Svoboda,DF,27,4,0,Venezia FC
Austria,Philipp Lienhart,DF,29,41,3,SC Freiburg
Austria,Phillipp Mwene,DF,32,30,0,1. FSV Mainz 05
Austria,Stefan Posch,DF,29,52,5,1. FSV Mainz 05
Austria,Marko Arnautović,FW,37,133,47,Red Star Belgrade
Austria,Michael Gregoritsch,FW,32,75,24,FC Augsburg
Austria,Patrick Wimmer,FW,25,30,1,VfL Wolfsburg
Austria,Saša Kalajdžić,FW,28,22,4,LASK
Austria,Alexander Schlager,GK,30,26,0,FC Red Bull Salzburg
Austria,Florian Wiegele,GK,25,1,0,FC Viktoria Plzeň
Austria,Patrick Pentz,GK,29,18,0,Brøndby IF
Austria,Alessandro Schöpf,MF,32,35,6,Wolfsberger AC
Austria,Alexander Prass,MF,25,19,0,TSG 1899 Hoffenheim
Austria,Carney Chukwuemeka,MF,22,3,1,Borussia Dortmund
Austria,Florian Grillitsch,MF,30,58,1,S.C. Braga
Austria,Konrad Laimer,MF,29,57,7,FC Bayern Munich
Austria,Marcel Sabitzer,MF,32,98,26,Borussia Dortmund
Austria,Nicolas Seiwald,MF,25,47,1,RB Leipzig
Austria,Paul Wanner,MF,20,3,0,PSV Eindhoven
Austria,Romano Schmid,MF,26,34,3,SV Werder Bremen
Austria,Xaver Schlager,MF,28,51,4,RB Leipzig
Belgium,Arthur Theate,DF,26,33,1,Eintracht Frankfurt
Belgium,Brandon Mechele,DF,33,9,1,Club Brugge KV
Belgium,Joaquin Seys,DF,21,5,0,Club Brugge KV
Belgium,Koni De Winter,DF,23,8,0,AC Milan
Belgium,Maxim De Cuyper,DF,25,19,4,Brighton & Hove Albion F.C.
Belgium,Nathan Ngoy,DF,23,4,0,Lille OSC
Belgium,Thomas Meunier,DF,34,80,10,Lille OSC
Belgium,Timothy Castagne,DF,30,63,2,Fulham F.C.
Belgium,Zeno Debast,DF,22,26,1,Sporting CP
Belgium,Charles De Ketelaere,FW,25,30,6,Atalanta BC
Belgium,Dodi Lukébakio,FW,28,30,6,S.L. Benfica
Belgium,Jérémy Doku,FW,24,43,7,Manchester City F.C.
Belgium,Leandro Trossard,FW,31,51,12,Arsenal F.C.
Belgium,Matias Fernandez-Pardo,FW,21,2,0,Lille OSC
Belgium,Romelu Lukaku,FW,33,126,90,SSC Napoli
Belgium,Mike Penders,GK,20,0,0,RC Strasbourg Alsace
Belgium,Senne Lammens,GK,23,2,0,Manchester United F.C.
Belgium,Thibaut Courtois,GK,34,109,0,Real Madrid CF
Belgium,Alexis Saelemaekers,MF,26,24,2,AC Milan
Belgium,Amadou Onana,MF,24,29,1,Aston Villa F.C.
Belgium,Axel Witsel,MF,37,138,12,Girona FC
Belgium,Diego Moreira,MF,21,3,0,RC Strasbourg Alsace
Belgium,Hans Vanaken,MF,33,34,7,Club Brugge KV
Belgium,Kevin De Bruyne,MF,34,119,37,SSC Napoli
Belgium,Nicolas Raskin,MF,25,13,2,Rangers F.C.
Belgium,Youri Tielemans,MF,29,85,13,Aston Villa F.C.
Bosnia and Herzegovina,Amar Dedić,DF,23,28,1,S.L. Benfica
Bosnia and Herzegovina,Dennis Hadžikadunić,DF,27,32,0,UC Sampdoria
Bosnia and Herzegovina,Nidal Čelik,DF,19,2,0,RC Lens
Bosnia and Herzegovina,Nihad Mujakić,DF,28,12,1,Gaziantep F.K.
Bosnia and Herzegovina,Nikola Katić,DF,29,17,2,FC Schalke 04
Bosnia and Herzegovina,Sead Kolašinac,DF,32,65,0,Atalanta BC
Bosnia and Herzegovina,Stjepan Radeljić,DF,28,5,0,HNK Rijeka
Bosnia and Herzegovina,Tarik Muharemović,DF,23,14,1,US Sassuolo Calcio
Bosnia and Herzegovina,Edin Džeko,FW,40,148,73,FC Schalke 04
Bosnia and Herzegovina,Ermedin Demirović,FW,28,40,4,VfB Stuttgart
Bosnia and Herzegovina,Esmir Bajraktarević,FW,21,16,1,PSV Eindhoven
Bosnia and Herzegovina,Haris Tabaković,FW,31,10,4,Borussia Mönchengladbach
Bosnia and Herzegovina,Jovo Lukić,FW,27,3,0,FC Universitatea Cluj
Bosnia and Herzegovina,Kerim Alajbegović,FW,18,10,1,FC Red Bull Salzburg
Bosnia and Herzegovina,Samed Baždar,FW,22,13,1,Jagiellonia Białystok
Bosnia and Herzegovina,Martin Zlomislić,GK,27,3,0,HNK Rijeka
Bosnia and Herzegovina,Mladen Jurkas,GK,18,0,0,FK Borac Banja Luka
Bosnia and Herzegovina,Nikola Vasilj,GK,30,26,0,FC St. Pauli
Bosnia and Herzegovina,Amar Memić,MF,25,13,1,FC Viktoria Plzeň
Bosnia and Herzegovina,Amir Hadžiahmetović,MF,29,36,0,Hull City A.F.C.
Bosnia and Herzegovina,Armin Gigović,MF,24,20,1,BSC Young Boys
Bosnia and Herzegovina,Benjamin Tahirović,MF,23,28,2,Brøndby IF
Bosnia and Herzegovina,Dženis Burnić,MF,28,20,0,Karlsruher SC
Bosnia and Herzegovina,Ermin Mahmić,MF,21,2,0,FC Slovan Liberec
Bosnia and Herzegovina,Ivan Bašić,MF,24,17,0,FC Astana
Bosnia and Herzegovina,Ivan Šunjić,MF,29,11,0,Pafos FC
Brazil,Alex Sandro,DF,35,45,2,CR Flamengo
Brazil,"Danilo (footballer, born July 1991)",DF,34,70,1,CR Flamengo
Brazil,"Douglas Santos (footballer, born 1994)",DF,32,7,0,FC Zenit Saint Petersburg
Brazil,Gabriel Magalhães,DF,28,17,1,Arsenal F.C.
Brazil,Gleison Bremer,DF,29,8,1,Juventus FC
Brazil,"Léo Pereira (footballer, born 1996)",DF,30,4,0,CR Flamengo
Brazil,Marquinhos,DF,32,105,7,Paris Saint-Germain FC
Brazil,Roger Ibañez,DF,27,7,0,Al-Ahli Saudi FC
Brazil,Wesley França,DF,22,8,0,AS Roma
Brazil,"Endrick (footballer, born 2006)",FW,19,17,4,Olympique Lyonnais
Brazil,Gabriel Martinelli,FW,24,23,4,Arsenal F.C.
Brazil,Igor Thiago,FW,24,4,2,Brentford F.C.
Brazil,"Luiz Henrique (footballer, born 2001)",FW,25,15,2,FC Zenit Saint Petersburg
Brazil,Matheus Cunha,FW,27,23,1,Manchester United F.C.
Brazil,Neymar,FW,34,128,79,Santos FC
Brazil,Raphinha,FW,29,39,11,FC Barcelona
Brazil,"Rayan (footballer, born 2006)",FW,19,2,1,AFC Bournemouth
Brazil,Vinícius Júnior,FW,25,49,9,Real Madrid CF
Brazil,Alisson Becker,GK,33,78,0,Liverpool F.C.
Brazil,"Ederson (footballer, born 1993)",GK,32,32,0,Fenerbahçe S.K. (football)
Brazil,"Weverton (footballer, born 1987)",GK,38,11,0,Grêmio FBPA
Brazil,Bruno Guimarães,MF,28,43,3,Newcastle United F.C.
Brazil,Casemiro,MF,34,86,9,Manchester United F.C.
Brazil,"Danilo (footballer, born 2001)",MF,25,4,2,Botafogo FR
Brazil,"Fabinho (footballer, born 1993)",MF,32,33,0,Al-Ittihad Club (Jeddah)
Brazil,Lucas Paquetá,MF,28,63,13,CR Flamengo
Canada,Alfie Jones,DF,28,2,0,Middlesbrough F.C.
Canada,Alistair Johnston,DF,27,58,1,Celtic F.C.
Canada,Alphonso Davies,DF,25,58,15,FC Bayern Munich
Canada,Derek Cornelius,DF,28,44,1,Rangers F.C.
Canada,Joel Waterman,DF,30,17,0,Chicago Fire FC
Canada,Luc de Fougerolles,DF,20,13,0,FCV Dender EH
Canada,Moïse Bombito,DF,26,20,0,OGC Nice
Canada,Niko Sigur,DF,22,19,2,HNK Hajduk Split
Canada,Richie Laryea,DF,31,75,1,Toronto FC
Canada,Ali Ahmed (soccer),FW,25,24,1,Norwich City F.C.
Canada,Cyle Larin,FW,31,90,30,Southampton F.C.
Canada,Jonathan David,FW,26,77,39,Juventus FC
Canada,Promise David,FW,24,10,3,Royale Union Saint-Gilloise
Canada,Tajon Buchanan,FW,27,60,8,Villarreal CF
Canada,Tani Oluwaseyi,FW,26,24,2,Villarreal CF
Canada,Dayne St. Clair,GK,29,20,0,Inter Miami CF
Canada,Maxime Crépeau,GK,32,32,0,Orlando City SC
Canada,Owen Goodman,GK,22,0,0,Barnsley F.C.
Canada,Ismaël Koné,MF,23,40,4,US Sassuolo Calcio
Canada,Jacob Shaffelburg,MF,26,31,6,Los Angeles FC
Canada,Jonathan Osorio,MF,33,90,10,Toronto FC
Canada,Liam Millar,MF,26,41,1,Hull City A.F.C.
Canada,Mathieu Choinière,MF,27,23,0,Los Angeles FC
Canada,Nathan Saliba,MF,22,15,2,RSC Anderlecht
Canada,Stephen Eustáquio,MF,29,56,4,Los Angeles FC
Cape Verde,"Diney (footballer, born 1995)",DF,31,30,2,Al Bataeh Club
Cape Verde,Kelvin Pires,DF,26,5,1,Seinäjoen Jalkapallokerho
Cape Verde,Logan Costa,DF,25,27,0,Villarreal CF
Cape Verde,"Roberto Lopes (footballer, born 1992)",DF,33,45,0,Shamrock Rovers F.C.
Cape Verde,Sidny Lopes Cabral,DF,23,9,3,S.L. Benfica
Cape Verde,Steven Moreira,DF,31,19,0,Columbus Crew
Cape Verde,Stopira,DF,38,61,4,S.C.U. Torreense
Cape Verde,Wagner Pina,DF,23,13,0,Trabzonspor
Cape Verde,Dailon Livramento,FW,25,21,7,Casa Pia A.C.
Cape Verde,Gilson Benchimol,FW,24,22,6,FC Akron Tolyatti
Cape Verde,Ryan Mendes,FW,36,97,22,Iğdır F.K.
Cape Verde,CJ dos Santos,GK,25,1,0,San Diego FC
Cape Verde,Márcio Rosa,GK,29,10,0,PFC Montana
Cape Verde,Vozinha,GK,40,86,0,G.D. Chaves
Cape Verde,Deroy Duarte,MF,26,30,0,PFC Ludogorets Razgrad
Cape Verde,Garry Rodrigues,MF,35,59,9,Apollon Limassol FC
Cape Verde,Hélio Varela,MF,24,20,0,Maccabi Tel Aviv F.C.
Cape Verde,Jamiro Monteiro,MF,32,54,5,PEC Zwolle
Cape Verde,Jovane Cabral,MF,27,26,2,C.F. Estrela da Amadora
Cape Verde,João Paulo Fernandes (footballer),MF,28,41,1,FCSB
Cape Verde,Kevin Pina (footballer),MF,29,31,3,FC Krasnodar
Cape Verde,Laros Duarte,MF,29,13,1,Puskás Akadémia FC
Cape Verde,Nuno da Costa,MF,35,8,1,İstanbul Başakşehir F.K.
Cape Verde,Telmo Arcanjo,MF,24,15,1,Vitória S.C.
Cape Verde,Willy Semedo,MF,32,37,2,AC Omonia
Cape Verde,Yannick Semedo,MF,30,10,1,S.C. Farense
Colombia,Daniel Muñoz (footballer),DF,30,45,3,Crystal Palace F.C.
Colombia,Davinson Sánchez,DF,29,78,4,Galatasaray S.K. (football)
Colombia,Deiver Machado,DF,32,15,0,FC Nantes
Colombia,Gustavo Puerta,DF,22,5,1,Racing de Santander
Colombia,Jhon Lucumí,DF,27,36,1,Bologna FC 1909
Colombia,Johan Mojica,DF,33,44,1,RCD Mallorca
Colombia,Santiago Arias,DF,34,67,0,Club Atlético Independiente
Colombia,Willer Ditta,DF,28,4,0,Cruz Azul
Colombia,Yerry Mina,DF,31,53,8,Cagliari Calcio
Colombia,Andrés Gómez (footballer),FW,23,7,2,CR Vasco da Gama
Colombia,Cucho Hernández,FW,27,8,2,Real Betis
Colombia,Jaminton Campaz,FW,26,9,1,Rosario Central
Colombia,Jhon Córdoba,FW,33,21,6,FC Krasnodar
Colombia,"Luis Díaz (footballer, born 1997)",FW,29,73,22,FC Bayern Munich
Colombia,"Luis Suárez (footballer, born 1997)",FW,28,11,5,Sporting CP
Colombia,Camilo Vargas,GK,37,41,0,Atlas F.C.
Colombia,David Ospina,GK,37,130,0,Atlético Nacional
Colombia,Álvaro Montero (Colombian footballer),GK,31,11,0,Club Atlético Vélez Sarsfield
Colombia,James Rodríguez,MF,34,125,31,Minnesota United FC
Colombia,Jefferson Lerma,MF,31,64,5,Crystal Palace F.C.
Colombia,Jhon Arias (footballer),MF,28,37,4,SE Palmeiras
Colombia,Jorge Carrascal,MF,28,23,2,CR Flamengo
Colombia,Juan Fernando Quintero,MF,33,48,6,Club Atlético River Plate
Colombia,Juan Portilla,MF,27,9,0,Club Athletico Paranaense
Colombia,Kevin Castaño,MF,25,25,0,Club Atlético River Plate
Colombia,Richard Ríos,MF,26,31,2,S.L. Benfica
Croatia,Duje Ćaleta-Car,DF,29,38,1,Real Sociedad
Croatia,Josip Stanišić,DF,26,30,0,FC Bayern Munich
Croatia,Josip Šutalo,DF,26,32,0,AFC Ajax
Croatia,Joško Gvardiol,DF,24,47,4,Manchester City F.C.
Croatia,Kristijan Jakić,DF,29,17,2,FC Augsburg
Croatia,Luka Vušković,DF,19,5,1,Hamburger SV
Croatia,Marin Pongračić,DF,28,19,0,ACF Fiorentina
Croatia,Martin Erlić,DF,28,12,1,FC Midtjylland
Croatia,Andrej Kramarić,FW,34,115,36,TSG 1899 Hoffenheim
Croatia,Ante Budimir,FW,34,37,6,CA Osasuna
Croatia,Igor Matanović,FW,23,8,2,SC Freiburg
Croatia,Ivan Perišić,FW,37,153,38,PSV Eindhoven
Croatia,Marco Pašalić,FW,25,14,1,Orlando City SC
Croatia,Petar Musa,FW,28,11,1,FC Dallas
Croatia,Dominik Kotarski,GK,26,4,0,F.C. Copenhagen
Croatia,Dominik Livaković,GK,31,74,0,GNK Dinamo Zagreb
Croatia,Ivor Pandur,GK,26,0,0,Hull City A.F.C.
Croatia,Luka Modrić,MF,40,197,28,AC Milan
Croatia,Luka Sučić,MF,23,20,1,Real Sociedad
Croatia,Mario Pašalić,MF,31,84,11,Atalanta BC
Croatia,Martin Baturina,MF,23,18,1,Como 1907
Croatia,Mateo Kovačić,MF,32,112,5,Manchester City F.C.
Croatia,Nikola Moro,MF,28,10,0,Bologna FC 1909
Croatia,Nikola Vlašić,MF,28,62,10,Torino FC
Croatia,Petar Sučić,MF,22,16,1,Inter Milan
Croatia,Toni Fruk,MF,25,7,1,HNK Rijeka
Curaçao,Armando Obispo,DF,27,5,0,PSV Eindhoven
Curaçao,Deveron Fonville,DF,23,1,0,NEC Nijmegen
Curaçao,Joshua Brenet,DF,32,17,1,Kayserispor
Curaçao,Juriën Gaari,DF,32,59,1,Abha Club
Curaçao,Riechedly Bazoer,DF,29,4,0,Konyaspor
Curaçao,Roshon van Eijma,DF,28,27,1,RKC Waalwijk
Curaçao,Sherel Floranus,DF,27,27,0,PEC Zwolle
Curaçao,Shurandy Sambo,DF,24,7,0,Sparta Rotterdam
Curaçao,Brandley Kuwas,FW,33,34,2,FC Volendam
Curaçao,Gervane Kastaneer,FW,30,28,9,Terengganu FC
Curaçao,Jearl Margaritha,FW,26,21,5,SK Beveren
Curaçao,Jeremy Antonisse,FW,24,26,3,A.E. Kifisia F.C.
Curaçao,Jürgen Locadia,FW,32,13,1,Miami FC
Curaçao,Kenji Gorré,FW,31,37,6,Maccabi Haifa F.C.
Curaçao,Sontje Hansen,FW,24,5,1,Middlesbrough F.C.
Curaçao,Tyrese Noslin,FW,23,6,1,SC Telstar
Curaçao,Eloy Room,GK,37,71,0,Miami FC
Curaçao,Trevor Doornbusch,GK,26,7,0,VVV-Venlo
Curaçao,Tyrick Bodak,GK,24,4,0,SC Telstar
Curaçao,Ar'jany Martha,MF,22,8,2,Rotherham United F.C.
Curaçao,Godfried Roemeratoe,MF,26,27,1,RKC Waalwijk
Curaçao,Juninho Bacuna,MF,28,48,14,FC Volendam
Curaçao,Kevin Felida,MF,26,19,1,FC Den Bosch
Curaçao,Leandro Bacuna,MF,34,71,16,Iğdır F.K.
Curaçao,Livano Comenencia,MF,22,19,1,FC Zürich
Curaçao,Tahith Chong,MF,26,5,3,Sheffield United F.C.
Czech Republic,David Douděra,DF,28,17,2,SK Slavia Prague
Czech Republic,David Jurásek,DF,25,18,1,SK Slavia Prague
Czech Republic,David Zima,DF,25,25,1,SK Slavia Prague
Czech Republic,Jaroslav Zelený,DF,33,23,0,AC Sparta Prague
Czech Republic,"Ladislav Krejčí (footballer, born 1999)",DF,27,27,5,Wolverhampton Wanderers F.C.
Czech Republic,Robin Hranáč,DF,26,14,1,TSG 1899 Hoffenheim
Czech Republic,Tomáš Holeš,DF,33,41,2,SK Slavia Prague
Czech Republic,Vladimír Coufal,DF,33,62,2,TSG 1899 Hoffenheim
Czech Republic,Štěpán Chaloupek,DF,23,5,0,SK Slavia Prague
Czech Republic,Adam Hložek,FW,23,43,5,TSG 1899 Hoffenheim
Czech Republic,Denis Višinský,FW,23,2,1,FC Viktoria Plzeň
Czech Republic,Jan Kuchta,FW,29,31,3,AC Sparta Prague
Czech Republic,Mojmír Chytil,FW,27,22,6,SK Slavia Prague
Czech Republic,Patrik Schick,FW,30,53,26,Bayer 04 Leverkusen
Czech Republic,Pavel Šulc,FW,25,21,5,Olympique Lyonnais
Czech Republic,Tomáš Chorý,FW,31,22,7,SK Slavia Prague
Czech Republic,Jindřich Staněk,GK,30,14,0,SK Slavia Prague
Czech Republic,Lukáš Horníček,GK,23,1,0,S.C. Braga
Czech Republic,Matěj Kovář,GK,26,20,0,PSV Eindhoven
Czech Republic,Alexandr Sojka,MF,23,2,0,FC Viktoria Plzeň
Czech Republic,Hugo Sochůrek,MF,18,1,0,AC Sparta Prague
Czech Republic,Lukáš Provod,MF,29,38,3,SK Slavia Prague
Czech Republic,Lukáš Červ,MF,25,17,2,FC Viktoria Plzeň
Czech Republic,Michal Sadílek,MF,27,35,1,SK Slavia Prague
Czech Republic,Tomáš Souček,MF,31,90,17,West Ham United F.C.
Czech Republic,Vladimír Darida,MF,35,79,8,FC Hradec Králové
DR Congo,Aaron Wan-Bissaka,DF,28,11,0,West Ham United F.C.
DR Congo,Arthur Masuaku,DF,32,45,4,RC Lens
DR Congo,Axel Tuanzebe,DF,28,13,1,Burnley F.C.
DR Congo,Chancel Mbemba,DF,31,108,7,Lille OSC
DR Congo,Dylan Batubinsika,DF,30,14,1,Athlitiki Enosi Larissa F.C.
DR Congo,Gédéon Kalulu,DF,28,28,0,Aris Limassol FC
DR Congo,Joris Kayembe,DF,31,25,0,KRC Genk
DR Congo,Steve Kapuadi,DF,28,4,0,Widzew Łódź
DR Congo,Brian Cipenga,FW,28,7,0,CD Castellón
DR Congo,Cédric Bakambu,FW,35,69,21,Real Betis
DR Congo,Fiston Mayele,FW,31,37,6,Pyramids FC
DR Congo,Gaël Kakuta,FW,34,30,5,Athlitiki Enosi Larissa F.C.
DR Congo,Meschak Elia,FW,28,68,12,Alanyaspor
DR Congo,Simon Banza,FW,29,15,2,Al Jazira Club
DR Congo,Yoane Wissa,FW,29,37,9,Newcastle United F.C.
DR Congo,Lionel Mpasi,GK,31,28,0,Le Havre AC
DR Congo,Matthieu Epolo,GK,21,1,0,Standard Liège
DR Congo,Timothy Fayulu,GK,26,3,0,FC Noah
DR Congo,Aaron Tshibola,MF,31,16,1,Kilmarnock F.C.
DR Congo,Charles Pickel,MF,29,34,1,RCD Espanyol
DR Congo,Edo Kayembe,MF,28,42,2,Watford F.C.
DR Congo,Nathanaël Mbuku,MF,24,18,2,Montpellier HSC
DR Congo,Ngal'ayel Mukau,MF,21,13,0,Lille OSC
DR Congo,Noah Sadiki,MF,21,19,0,Sunderland A.F.C.
DR Congo,Samuel Moutoussamy,MF,29,57,0,Atromitos F.C.
DR Congo,Théo Bongonda,MF,30,37,7,FC Spartak Moscow
Ecuador,"Félix Torres (footballer, born 1997)",DF,29,48,5,SC Internacional
Ecuador,Jackson Porozo,DF,25,9,1,Club Tijuana
Ecuador,Joel Ordóñez,DF,22,16,0,Club Brugge KV
Ecuador,Pervis Estupiñán,DF,28,53,4,AC Milan
Ecuador,Piero Hincapié,DF,24,51,3,Arsenal F.C.
Ecuador,Willian Pacho,DF,24,34,2,Paris Saint-Germain FC
Ecuador,Yaimar Medina,DF,21,5,0,KRC Genk
Ecuador,Ángelo Preciado,DF,28,54,0,Clube Atlético Mineiro
Ecuador,Enner Valencia,FW,36,105,49,C.F. Pachuca
Ecuador,Gonzalo Plata,FW,25,49,8,CR Flamengo
Ecuador,Jeremy Arévalo,FW,21,3,0,VfB Stuttgart
Ecuador,John Yeboah,FW,25,22,3,Venezia FC
Ecuador,Jordy Caicedo,FW,28,19,3,Club Atlético Huracán
Ecuador,"Kevin Rodríguez (footballer, born 2000)",FW,26,31,2,Royale Union Saint-Gilloise
Ecuador,Nilson Angulo,FW,22,13,1,Sunderland A.F.C.
Ecuador,Gonzalo Valle,GK,30,3,0,LDU Quito
Ecuador,Hernán Galíndez,GK,39,34,0,Club Atlético Huracán
Ecuador,Moisés Ramírez,GK,25,7,0,A.E. Kifisia F.C.
Ecuador,"Alan Franco (footballer, born 1998)",MF,27,57,1,Clube Atlético Mineiro
Ecuador,Alan Minda,MF,23,19,2,Clube Atlético Mineiro
Ecuador,Anthony Valencia,MF,22,2,1,Royal Antwerp FC
Ecuador,Denil Castillo,MF,22,5,0,FC Midtjylland
Ecuador,Jordy Alcívar,MF,26,10,1,Independiente del Valle
Ecuador,Kendry Páez,MF,19,25,2,Club Atlético River Plate
Ecuador,Moisés Caicedo,MF,24,60,3,Chelsea F.C.
Ecuador,Pedro Vite,MF,24,16,1,Pumas UNAM
Egypt,Ahmed Fatouh,DF,28,39,1,Zamalek SC
Egypt,Hossam Abdelmaguid,DF,25,13,0,Zamalek SC
Egypt,Karim Hafez,DF,30,9,0,Pyramids FC
Egypt,Mohamed Abdelmonem,DF,27,36,3,OGC Nice
Egypt,Mohamed Hany,DF,30,42,0,Al Ahly SC
Egypt,Ramy Rabia,DF,33,44,5,Al Ain FC
Egypt,"Tarek Alaa (footballer, born 2002)",DF,24,3,0,ZED FC
Egypt,Yasser Ibrahim,DF,33,17,1,Al Ahly SC
Egypt,Haissem Hassan,FW,24,4,0,Real Oviedo
Egypt,Hamza Abdelkarim,FW,18,2,0,FC Barcelona Atlètic
Egypt,Ibrahim Adel,FW,25,24,3,FC Nordsjælland
Egypt,Mohamed Salah,FW,33,116,67,Liverpool F.C.
Egypt,Omar Marmoush,FW,27,49,11,Manchester City F.C.
Egypt,Trézéguet (Egyptian footballer),FW,31,96,23,Al Ahly SC
Egypt,Zizo (footballer),FW,30,63,5,Al Ahly SC
Egypt,El Mahdy Soliman,GK,39,0,0,Zamalek SC
Egypt,Mohamed Alaa,GK,27,0,0,El Gouna FC
Egypt,Mohamed El Shenawy,GK,37,76,0,Al Ahly SC
Egypt,Mostafa Shobeir,GK,26,9,0,Al Ahly SC
Egypt,Emam Ashour,MF,28,29,0,Al Ahly SC
Egypt,Hamdy Fathy,MF,31,63,3,Al-Wakrah SC
Egypt,Mahmoud Saber,MF,24,15,1,ZED FC
Egypt,Marwan Attia,MF,27,34,1,Al Ahly SC
Egypt,Mohanad Lasheen,MF,30,23,0,Pyramids FC
Egypt,Mostafa Ziko,MF,29,2,2,Pyramids FC
Egypt,Nabil Emad,MF,30,12,0,Al-Najma SC (Saudi Arabia)
England,Dan Burn,DF,34,7,0,Newcastle United F.C.
England,Djed Spence,DF,25,5,0,Tottenham Hotspur F.C.
England,Ezri Konsa,DF,28,19,1,Aston Villa F.C.
England,Jarell Quansah,DF,23,2,0,Bayer 04 Leverkusen
England,John Stones,DF,32,88,3,Manchester City F.C.
England,Marc Guéhi,DF,25,28,1,Manchester City F.C.
England,Nico O'Reilly,DF,21,4,0,Manchester City F.C.
England,Reece James,DF,26,23,1,Chelsea F.C.
England,Tino Livramento,DF,23,6,0,Newcastle United F.C.
England,Anthony Gordon (footballer),FW,25,18,2,Newcastle United F.C.
England,Bukayo Saka,FW,24,48,14,Arsenal F.C.
England,Harry Kane,FW,32,113,79,FC Bayern Munich
England,Ivan Toney,FW,30,8,1,Al-Ahli Saudi FC
England,Marcus Rashford,FW,28,71,18,FC Barcelona
England,Noni Madueke,FW,24,10,1,Arsenal F.C.
England,Ollie Watkins,FW,30,21,6,Aston Villa F.C.
England,Dean Henderson,GK,29,4,0,Crystal Palace F.C.
England,James Trafford,GK,23,2,0,Manchester City F.C.
England,Jordan Pickford,GK,32,83,0,Everton F.C.
England,Declan Rice,MF,27,72,6,Arsenal F.C.
England,Eberechi Eze,MF,27,16,3,Arsenal F.C.
England,Elliot Anderson (footballer),MF,23,8,0,Nottingham Forest F.C.
England,Jordan Henderson,MF,35,90,3,Brentford F.C.
England,Jude Bellingham,MF,22,47,6,Real Madrid CF
England,Kobbie Mainoo,MF,21,13,0,Manchester United F.C.
England,Morgan Rogers,MF,23,14,1,Aston Villa F.C.
France,Dayot Upamecano,DF,27,37,2,FC Bayern Munich
France,Ibrahima Konaté,DF,27,28,0,Liverpool F.C.
France,Jules Koundé,DF,27,47,0,FC Barcelona
France,Lucas Digne,DF,32,57,0,Aston Villa F.C.
France,Lucas Hernandez,DF,30,42,0,Paris Saint-Germain FC
France,Malo Gusto,DF,23,10,0,Chelsea F.C.
France,Maxence Lacroix,DF,26,3,0,Crystal Palace F.C.
France,Théo Hernandez,DF,28,43,2,Al Hilal SFC
France,William Saliba,DF,25,31,0,Arsenal F.C.
France,Bradley Barcola,FW,23,19,3,Paris Saint-Germain FC
France,Désiré Doué,FW,21,6,2,Paris Saint-Germain FC
France,Jean-Philippe Mateta,FW,28,4,2,Crystal Palace F.C.
France,Kylian Mbappé,FW,27,97,56,Real Madrid CF
France,Marcus Thuram,FW,28,34,3,Inter Milan
France,Michael Olise,FW,24,16,4,FC Bayern Munich
France,Ousmane Dembélé,FW,29,58,7,Paris Saint-Germain FC
France,Brice Samba,GK,32,4,0,Stade Rennais FC
France,Mike Maignan,GK,30,39,0,AC Milan
France,Robin Risser,GK,21,0,0,RC Lens
France,Adrien Rabiot,MF,31,58,7,AC Milan
France,Aurélien Tchouaméni,MF,26,45,3,Real Madrid CF
France,Maghnes Akliouche,MF,24,8,1,AS Monaco FC
France,Manu Koné,MF,25,13,0,AS Roma
France,N'Golo Kanté,MF,35,68,2,Fenerbahçe S.K. (football)
France,Rayan Cherki,MF,22,6,2,Manchester City F.C.
France,Warren Zaïre-Emery,MF,20,11,1,Paris Saint-Germain FC
Germany,Antonio Rüdiger,DF,33,82,3,Real Madrid CF
Germany,David Raum,DF,28,37,1,RB Leipzig
Germany,Jonathan Tah,DF,30,47,1,FC Bayern Munich
Germany,Joshua Kimmich,DF,31,110,10,FC Bayern Munich
Germany,Malick Thiaw,DF,24,5,0,Newcastle United F.C.
Germany,Nathaniel Brown (footballer),DF,22,5,0,Eintracht Frankfurt
Germany,Nico Schlotterbeck,DF,26,27,0,Borussia Dortmund
Germany,Waldemar Anton,DF,29,13,0,Borussia Dortmund
Germany,Deniz Undav,FW,29,9,6,VfB Stuttgart
Germany,Kai Havertz,FW,27,58,22,Arsenal F.C.
Germany,Maximilian Beier,FW,23,9,0,Borussia Dortmund
Germany,Nick Woltemade,FW,24,11,4,Newcastle United F.C.
Germany,Alexander Nübel,GK,29,3,0,VfB Stuttgart
Germany,Manuel Neuer,GK,40,124,0,FC Bayern Munich
Germany,Oliver Baumann,GK,36,13,0,TSG 1899 Hoffenheim
Germany,Aleksandar Pavlović (footballer),MF,22,11,1,FC Bayern Munich
Germany,Angelo Stiller,MF,25,8,0,VfB Stuttgart
Germany,Assan Ouédraogo,MF,20,1,1,RB Leipzig
Germany,Felix Nmecha,MF,25,8,1,Borussia Dortmund
Germany,Florian Wirtz,MF,23,41,11,Liverpool F.C.
Germany,Jamal Musiala,MF,23,42,9,FC Bayern Munich
Germany,Jamie Leweling,MF,25,5,1,VfB Stuttgart
Germany,Leon Goretzka,MF,31,70,15,FC Bayern Munich
Germany,Leroy Sané,MF,30,76,17,Galatasaray S.K. (football)
Germany,Nadiem Amiri,MF,29,11,1,1. FSV Mainz 05
Germany,Pascal Groß,MF,34,18,1,Brighton & Hove Albion F.C.
Ghana,Abdul Mumin,DF,28,5,0,Rayo Vallecano
Ghana,Abdul Rahman Baba,DF,31,51,1,PAOK FC
Ghana,Alidu Seidu,DF,26,24,1,Stade Rennais FC
Ghana,Derrick Luckassen,DF,30,1,0,Pafos FC
Ghana,"Gideon Mensah (footballer, born 1998)",DF,27,40,0,AJ Auxerre
Ghana,Jerome Opoku,DF,27,11,1,İstanbul Başakşehir F.K.
Ghana,Jonas Adjetey,DF,22,10,0,VfL Wolfsburg
Ghana,Kojo Peprah Oppong,DF,22,4,0,OGC Nice
Ghana,Marvin Senaya,DF,25,2,0,AJ Auxerre
Ghana,Abdul Fatawu,FW,22,28,3,Leicester City F.C.
Ghana,Brandon Thomas-Asante,FW,27,8,1,Coventry City F.C.
Ghana,Christopher Bonsu Baah,FW,21,9,0,Al Qadsiah FC
Ghana,Ernest Nuamah,FW,22,18,4,Olympique Lyonnais
Ghana,Iñaki Williams,FW,31,26,2,Athletic Bilbao
Ghana,Jordan Ayew,FW,34,120,34,Leicester City F.C.
Ghana,Kamaldeen Sulemana,FW,24,28,1,Atalanta BC
Ghana,Prince Kwabena Adu,FW,22,5,0,FC Viktoria Plzeň
Ghana,Benjamin Asare,GK,33,11,0,Accra Hearts of Oak S.C.
Ghana,Joseph Anang,GK,26,1,0,St Patrick's Athletic F.C.
Ghana,Lawrence Ati-Zigi,GK,29,29,0,FC St. Gallen
Ghana,Antoine Semenyo,MF,26,34,3,Manchester City F.C.
Ghana,Augustine Boakye,MF,25,0,0,AS Saint-Étienne
Ghana,Caleb Yirenkyi,MF,20,11,1,FC Nordsjælland
Ghana,Elisha Owusu,MF,28,20,0,AJ Auxerre
Ghana,Kwasi Sibo,MF,27,8,0,Real Oviedo
Ghana,Thomas Partey,MF,32,57,15,Villarreal CF
Haiti,Carlens Arcus,DF,29,53,1,Angers SCO
Haiti,Duke Lacroix,DF,32,16,3,Colorado Springs Switchbacks FC
Haiti,Hannes Delcroix,DF,27,7,0,FC Lugano
Haiti,Jean-Kévin Duverne,DF,28,17,1,KAA Gent
Haiti,Keeto Thermoncy,DF,20,1,0,BSC Young Boys
Haiti,Martin Expérience,DF,27,21,0,AS Nancy Lorraine
Haiti,Ricardo Adé,DF,36,59,2,LDU Quito
Haiti,Wilguens Paugain,DF,24,8,0,SV Zulte Waregem
Haiti,Derrick Etienne Jr.,FW,29,48,8,Toronto FC
Haiti,Duckens Nazon,FW,32,78,44,Esteghlal F.C.
Haiti,Frantzdy Pierrot,FW,31,51,34,Çaykur Rizespor
Haiti,Josué Casimir,FW,24,7,0,AJ Auxerre
Haiti,Lenny Joseph,FW,25,2,1,Ferencvárosi TC
Haiti,Louicius Deedson,FW,25,32,10,FC Dallas
Haiti,Ruben Providence,FW,24,15,3,Almere City FC
Haiti,Wilson Isidor,FW,25,4,2,Sunderland A.F.C.
Haiti,Yassin Fortuné,FW,27,4,0,F.C. Vizela
Haiti,Alexandre Pierre,GK,25,15,0,FC Sochaux-Montbéliard
Haiti,Johny Placide,GK,38,81,0,SC Bastia
Haiti,Josué Duverger,GK,26,6,0,FC Cosmos Koblenz
Haiti,Carl Sainté,MF,23,26,0,El Paso Locomotive FC
Haiti,Danley Jean Jacques,MF,26,30,6,Philadelphia Union
Haiti,Dominique Simon,MF,25,2,0,1. FC Tatran Prešov
Haiti,Jean-Ricner Bellegarde,MF,27,10,0,Wolverhampton Wanderers F.C.
Haiti,Leverton Pierre,MF,28,33,0,F.C. Vizela
Haiti,Woodensky Pierre,MF,21,1,0,Violette AC
Iran,Ali Nemati,DF,30,17,0,Foolad F.C.
Iran,Aria Yousefi,DF,24,14,1,Sepahan S.C.
Iran,Danial Eiri,DF,22,0,0,Malavan F.C.
Iran,Ehsan Hajsafi,DF,36,146,7,Sepahan S.C.
Iran,Hossein Kanaanizadegan,DF,32,65,6,Persepolis F.C.
Iran,Milad Mohammadi,DF,32,76,1,Persepolis F.C.
Iran,Ramin Rezaeian,DF,36,74,8,Foolad F.C.
Iran,Saleh Hardani,DF,27,18,1,Esteghlal F.C.
Iran,Shojae Khalilzadeh,DF,37,58,2,Tractor S.C.
Iran,Ali Alipour,FW,30,14,1,Persepolis F.C.
Iran,Amirhossein Hosseinzadeh,FW,25,18,5,Tractor S.C.
Iran,Dennis Eckert,FW,29,0,0,Standard Liège
Iran,Mehdi Ghayedi,FW,27,30,10,Al-Nasr SC (Dubai)
Iran,Mehdi Taremi,FW,33,105,60,Olympiacos F.C.
Iran,Shahriyar Moghanlou,FW,31,21,2,Kalba FC
Iran,Alireza Beiranvand,GK,33,86,0,Tractor S.C.
Iran,"Hossein Hosseini (footballer, born 1992)",GK,33,13,0,Sepahan S.C.
Iran,Payam Niazmand,GK,31,15,0,Persepolis F.C.
Iran,Alireza Jahanbakhsh,MF,32,98,17,FCV Dender EH
Iran,Amirmohammad Razzaghinia,MF,20,4,0,Esteghlal F.C.
Iran,Mehdi Torabi,MF,31,52,7,Tractor S.C.
Iran,Mohammad Ghorbani (footballer),MF,24,16,0,Al Wahda FC
Iran,Mohammad Mohebi,MF,27,36,14,FC Rostov
Iran,Rouzbeh Cheshmi,MF,32,40,3,Esteghlal F.C.
Iran,Saeid Ezatolahi,MF,29,83,2,Shabab Al Ahli Club
Iran,Saman Ghoddos,MF,32,68,3,Kalba FC
Iraq,Ahmed Maknzi,DF,24,6,0,Al-Karma SC
Iraq,Akam Hashim,DF,27,13,1,Al-Zawraa SC
Iraq,Frans Putros,DF,32,27,0,Persib Bandung
Iraq,"Hussein Ali (footballer, born 2002)",DF,24,26,1,Pogoń Szczecin
Iraq,Manaf Younis,DF,29,33,1,Al-Shorta SC
Iraq,Merchas Doski,DF,26,31,1,FC Viktoria Plzeň
Iraq,"Mustafa Saadoon (footballer, born 2001)",DF,25,16,0,Al-Shorta SC
Iraq,Rebin Sulaka,DF,34,55,1,Port F.C.
Iraq,Zaid Tahseen,DF,25,27,1,Pakhtakor FC
Iraq,Ahmed Qasem,FW,22,2,0,Nashville SC
Iraq,Ali Al-Hamadi,FW,24,19,5,Luton Town F.C.
Iraq,Ali Jasim,FW,22,36,2,Al-Najma SC (Saudi Arabia)
Iraq,Ali Yousif,FW,30,6,1,Al-Talaba SC
Iraq,Aymen Hussein,FW,30,94,33,Al-Karma SC
Iraq,Marko Farji,FW,22,11,0,Venezia FC
Iraq,Mohanad Ali,FW,25,71,27,Dibba FC
Iraq,Ahmed Basil,GK,29,15,0,Al-Shorta SC
Iraq,Fahad Talib,GK,31,21,0,Al-Talaba SC
Iraq,Jalal Hassan,GK,35,101,0,Al-Zawraa SC
Iraq,Aimar Sher,MF,23,6,0,Sarpsborg 08 FF
Iraq,Amir Al-Ammari,MF,28,50,3,KS Cracovia
Iraq,Ibrahim Bayesh,MF,26,75,8,Al Dhafra FC
Iraq,Kevin Yakob,MF,25,8,0,Aarhus Gymnastikforening
Iraq,Youssef Amyn,MF,22,26,2,AEK Larnaca FC
Iraq,Zaid Ismail,MF,24,6,0,Al-Talaba SC
Iraq,Zidane Iqbal,MF,23,24,2,FC Utrecht
Ivory Coast,Christopher Opéri,DF,29,12,0,İstanbul Başakşehir F.K.
Ivory Coast,Emmanuel Agbadou,DF,28,20,2,Beşiktaş J.K.
Ivory Coast,Evan Ndicka,DF,26,28,0,AS Roma
Ivory Coast,Ghislain Konan,DF,30,54,0,Gil Vicente F.C.
Ivory Coast,Guéla Doué,DF,23,20,3,RC Strasbourg Alsace
Ivory Coast,Odilon Kossounou,DF,25,35,0,Atalanta BC
Ivory Coast,Ousmane Diomande,DF,22,15,1,Sporting CP
Ivory Coast,Wilfried Singo,DF,25,34,1,Galatasaray S.K. (football)
Ivory Coast,Amad Diallo,FW,23,19,6,Manchester United F.C.
Ivory Coast,Ange-Yoan Bonny,FW,22,1,0,Inter Milan
Ivory Coast,Bazoumana Touré,FW,20,6,2,TSG 1899 Hoffenheim
Ivory Coast,Elye Wahi,FW,23,2,0,OGC Nice
Ivory Coast,Evann Guessand,FW,24,21,4,Crystal Palace F.C.
Ivory Coast,Nicolas Pépé,FW,31,55,12,Villarreal CF
Ivory Coast,Oumar Diakité,FW,22,29,6,Cercle Brugge KSV
Ivory Coast,Simon Adingra,FW,24,29,5,AS Monaco FC
Ivory Coast,Yan Diomande,FW,19,10,3,RB Leipzig
Ivory Coast,Alban Lafont,GK,27,4,0,Panathinaikos F.C.
Ivory Coast,"Mohamed Koné (footballer, born 2002)",GK,24,0,0,Royal Charleroi SC
Ivory Coast,Yahia Fofana,GK,25,35,0,Çaykur Rizespor
Ivory Coast,Christ Inao Oulaï,MF,20,9,0,Trabzonspor
Ivory Coast,Franck Kessié,MF,29,103,15,Al-Ahli Saudi FC
Ivory Coast,Ibrahim Sangaré (Ivorian footballer),MF,28,58,12,Nottingham Forest F.C.
Ivory Coast,Jean Michaël Seri,MF,34,65,4,NK Maribor
Ivory Coast,Parfait Guiagon,MF,25,5,0,Royal Charleroi SC
Ivory Coast,Seko Fofana,MF,31,32,7,FC Porto
Japan,Ayumu Seko,DF,26,14,0,Le Havre AC
Japan,"Hiroki Itō (footballer, born 1999)",DF,27,24,1,FC Bayern Munich
Japan,Junnosuke Suzuki,DF,22,6,0,F.C. Copenhagen
Japan,Kō Itakura,DF,29,40,2,AFC Ajax
Japan,Shōgo Taniguchi,DF,34,38,1,Sint-Truidense VV
Japan,Takehiro Tomiyasu,DF,27,43,1,AFC Ajax
Japan,Tsuyoshi Watanabe,DF,29,11,0,Feyenoord
Japan,Yukinari Sugawara,DF,25,21,2,SV Werder Bremen
Japan,Yūto Nagatomo,DF,39,145,4,FC Tokyo
Japan,Ayase Ueda,FW,27,39,16,Feyenoord
Japan,Keisuke Gotō,FW,21,4,0,Sint-Truidense VV
Japan,Kento Shiogai,FW,21,2,0,VfL Wolfsburg
Japan,Kōki Ogawa (footballer),FW,28,15,11,NEC Nijmegen
Japan,Keisuke Ōsako,GK,26,11,0,Sanfrecce Hiroshima
Japan,Tomoki Hayakawa,GK,27,4,0,Kashima Antlers
Japan,Zion Suzuki,GK,23,24,0,Parma Calcio 1913
Japan,Ao Tanaka,MF,27,38,8,Leeds United F.C.
Japan,Daichi Kamada,MF,29,49,12,Crystal Palace F.C.
Japan,Daizen Maeda,MF,28,27,4,Celtic F.C.
Japan,Junya Itō,MF,33,69,15,KRC Genk
Japan,Kaishū Sano,MF,25,13,0,1. FSV Mainz 05
Japan,Keito Nakamura,MF,25,25,10,Stade de Reims
Japan,Ritsu Dōan,MF,27,65,11,Eintracht Frankfurt
Japan,Takefusa Kubo,MF,25,49,7,Real Sociedad
Japan,Wataru Endo,MF,33,73,4,Liverpool F.C.
Japan,Yuito Suzuki,MF,24,6,0,SC Freiburg
Jordan,Abdallah Nasib,DF,32,64,3,Al-Zawraa SC
Jordan,Anas Badawi,DF,28,1,0,Al-Faisaly SC
Jordan,Husam Abu Dahab,DF,26,17,0,Al-Faisaly SC
Jordan,Ihsan Haddad,DF,32,91,2,Al-Hussein SC (Irbid)
Jordan,Mo Abualnadi,DF,25,17,0,Selangor F.C.
Jordan,Mohammad Abu Hashish,DF,31,55,1,Al-Karma SC
Jordan,Saed Al-Rosan,DF,29,20,2,Al-Hussein SC (Irbid)
Jordan,Salim Obaid,DF,34,10,0,Al-Hussein SC (Irbid)
Jordan,Yazan Al-Arab,DF,30,79,3,FC Seoul
Jordan,Ali Azaizeh,FW,22,3,0,Al Shabab Club
Jordan,Ali Olwan,FW,26,65,29,Al-Sailiya SC
Jordan,Mahmoud Al-Mardi,FW,32,88,9,Al-Hussein SC (Irbid)
Jordan,Mohammad Abu Zrayq,FW,28,40,5,Raja CA
Jordan,Musa Al-Taamari,FW,29,91,24,Stade Rennais FC
Jordan,Odeh Al-Fakhouri,FW,20,9,1,Pyramids FC
Jordan,Abdallah Al-Fakhouri,GK,26,11,0,Al-Wehdat SC
Jordan,Nour Bani Attiah,GK,33,4,0,Al-Faisaly SC
Jordan,Yazeed Abulaila,GK,33,75,0,Al-Hussein SC (Irbid)
Jordan,Amer Jamous,MF,23,18,1,Al-Zawraa SC
Jordan,Ibrahim Sadeh,MF,26,56,3,Al-Karma SC
Jordan,Mohammad Al-Dawoud,MF,34,12,1,Al-Wehdat SC
Jordan,Mohannad Abu Taha,MF,23,28,1,Al-Quwa Al-Jawiya
Jordan,Nizar Al-Rashdan,MF,27,46,4,Qatar SC
Jordan,Noor Al-Rawabdeh,MF,29,67,3,Selangor F.C.
Jordan,Rajaei Ayed,MF,32,72,0,Al-Hussein SC (Irbid)
Mexico,César Montes,DF,29,67,4,FC Lokomotiv Moscow
Mexico,Edson Álvarez,DF,28,98,7,Fenerbahçe S.K. (football)
Mexico,Israel Reyes,DF,26,34,2,Club América
Mexico,Jesús Gallardo,DF,31,121,3,Toluca FC
Mexico,"Johan Vásquez (footballer, born 1998)",DF,27,46,3,Genoa CFC
Mexico,"Jorge Sánchez (footballer, born 1997)",DF,28,59,3,PAOK FC
Mexico,Mateo Chávez,DF,22,10,0,AZ Alkmaar
Mexico,Alexis Vega (Mexican footballer),FW,28,52,7,Toluca FC
Mexico,"Armando González (footballer, born 2003)",FW,23,7,1,C.D. Guadalajara
Mexico,César Huerta,FW,25,26,3,RSC Anderlecht
Mexico,Guillermo Martínez (footballer),FW,31,12,3,Pumas UNAM
Mexico,Julián Quiñones,FW,29,22,2,Al Qadsiah FC
Mexico,Raúl Jiménez,FW,35,124,45,Fulham F.C.
Mexico,Roberto Alvarado,FW,27,67,5,C.D. Guadalajara
Mexico,Santiago Giménez,FW,25,47,6,AC Milan
Mexico,Carlos Acevedo,GK,30,7,0,Santos Laguna
Mexico,Guillermo Ochoa,GK,40,152,0,AEL Limassol
Mexico,Raúl Rangel (footballer),GK,26,14,0,C.D. Guadalajara
Mexico,Brian Gutiérrez,MF,22,7,2,C.D. Guadalajara
Mexico,"Gilberto Mora (footballer, born 2008)",MF,17,8,0,Club Tijuana
Mexico,Luis Chávez (footballer),MF,30,45,5,FC Dynamo Moscow
Mexico,Luis Romo,MF,31,63,4,C.D. Guadalajara
Mexico,Obed Vargas,MF,20,6,0,Atlético Madrid
Mexico,Orbelín Pineda,MF,30,92,12,AEK Athens F.C.
Mexico,Álvaro Fidalgo,MF,29,4,0,Real Betis
Mexico,Érik Lira,MF,26,25,0,Cruz Azul
Morocco,Achraf Hakimi,DF,27,95,11,Paris Saint-Germain FC
Morocco,Anass Salah-Eddine,DF,24,9,0,PSV Eindhoven
Morocco,Chadi Riad,DF,22,5,1,Crystal Palace F.C.
Morocco,Issa Diop (footballer),DF,29,3,0,Fulham F.C.
Morocco,Nayef Aguerd,DF,30,64,2,Olympique de Marseille
Morocco,Noussair Mazraoui,DF,28,44,2,Manchester United F.C.
Morocco,Redouane Halhal,DF,23,2,0,KV Mechelen
Morocco,Youssef Belammari,DF,27,18,0,Al Ahly SC
Morocco,Zakaria El Ouahdi,DF,24,2,0,KRC Genk
Morocco,Abde Ezzalzouli,FW,24,36,2,Real Betis
Morocco,Ayoub El Kaabi,FW,32,71,37,Olympiacos F.C.
Morocco,Ayoube Amaimouni,FW,21,1,0,Eintracht Frankfurt
Morocco,Brahim Díaz,FW,26,25,13,Real Madrid CF
Morocco,Soufiane Rahimi,FW,30,36,12,Al Ain FC
Morocco,Ahmed Reda Tagnaouti,GK,30,3,0,AS FAR
Morocco,Munir Mohamedi,GK,37,53,0,RS Berkane
Morocco,Yassine Bounou,GK,35,89,0,Al Hilal SFC
Morocco,Ayyoub Bouaddi,MF,18,3,0,Lille OSC
Morocco,Azzedine Ounahi,MF,26,48,9,Girona FC
Morocco,Bilal El Khannouss,MF,22,36,3,VfB Stuttgart
Morocco,Chemsdine Talbi,MF,21,5,0,Sunderland A.F.C.
Morocco,Gessime Yassine,MF,20,5,0,RC Strasbourg Alsace
Morocco,Ismael Saibari,MF,25,30,9,PSV Eindhoven
Morocco,Neil El Aynaoui,MF,24,15,2,AS Roma
Morocco,Samir El Mourabet,MF,20,3,0,RC Strasbourg Alsace
Morocco,Sofyan Amrabat,MF,29,74,0,Real Betis
Netherlands,Denzel Dumfries,DF,30,71,11,Inter Milan
Netherlands,Jan Paul van Hecke,DF,26,11,0,Brighton & Hove Albion F.C.
Netherlands,Jorrel Hato,DF,20,8,0,Chelsea F.C.
Netherlands,Jurriën Timber,DF,24,24,0,Arsenal F.C.
Netherlands,Mats Wieffer,DF,26,15,1,Brighton & Hove Albion F.C.
Netherlands,Micky van de Ven,DF,25,20,1,Tottenham Hotspur F.C.
Netherlands,Nathan Aké,DF,31,59,5,Manchester City F.C.
Netherlands,Virgil van Dijk,DF,34,91,12,Liverpool F.C.
Netherlands,Brian Brobbey,FW,24,11,1,Sunderland A.F.C.
Netherlands,Cody Gakpo,FW,27,49,19,Liverpool F.C.
Netherlands,Crysencio Summerville,FW,24,1,0,West Ham United F.C.
Netherlands,Donyell Malen,FW,27,52,13,AS Roma
Netherlands,Memphis Depay,FW,32,109,55,SC Corinthians Paulista
Netherlands,Noa Lang,FW,26,15,3,Galatasaray S.K. (football)
Netherlands,Wout Weghorst,FW,33,52,14,AFC Ajax
Netherlands,Bart Verbruggen,GK,23,28,0,Brighton & Hove Albion F.C.
Netherlands,Mark Flekken,GK,32,11,0,Bayer 04 Leverkusen
Netherlands,Robin Roefs,GK,23,1,0,Sunderland A.F.C.
Netherlands,Frenkie de Jong,MF,29,65,2,FC Barcelona
Netherlands,Guus Til,MF,28,6,1,PSV Eindhoven
Netherlands,Justin Kluivert,MF,27,12,0,AFC Bournemouth
Netherlands,Marten de Roon,MF,35,43,1,Atalanta BC
Netherlands,Quinten Timber,MF,24,11,1,Olympique de Marseille
Netherlands,Ryan Gravenberch,MF,24,26,1,Liverpool F.C.
Netherlands,Teun Koopmeiners,MF,28,28,3,Juventus FC
Netherlands,Tijjani Reijnders,MF,27,31,7,Manchester City F.C.
New Zealand,Callan Elliot,DF,26,11,0,Auckland FC
New Zealand,Finn Surman,DF,22,19,2,Portland Timbers
New Zealand,Francis de Vries,DF,31,20,1,Auckland FC
New Zealand,Liberato Cacace,DF,25,37,1,Wrexham A.F.C.
New Zealand,Michael Boxall,DF,37,63,1,Minnesota United FC
New Zealand,Nando Pijnaker,DF,27,25,0,Auckland FC
New Zealand,Tim Payne (footballer),DF,32,51,3,Wellington Phoenix FC
New Zealand,"Tommy Smith (footballer, born 1990)",DF,36,56,2,Braintree Town F.C.
New Zealand,Tyler Bindon,DF,21,25,3,Sheffield United F.C.
New Zealand,Ben Waine,FW,25,31,9,Port Vale F.C.
New Zealand,"Chris Wood (footballer, born 1991)",FW,34,90,45,Nottingham Forest F.C.
New Zealand,Jesse Randall,FW,23,11,2,Auckland FC
New Zealand,Kosta Barbarouses,FW,36,76,10,Western Sydney Wanderers FC
New Zealand,Alex Paulsen,GK,23,8,0,Lechia Gdańsk
New Zealand,Max Crocombe,GK,32,24,0,Millwall F.C.
New Zealand,Michael Woud,GK,27,6,0,Auckland FC
New Zealand,Alex Rufer,MF,29,26,0,Wellington Phoenix FC
New Zealand,Ben Old,MF,23,24,2,AS Saint-Étienne
New Zealand,Callum McCowatt,MF,27,32,4,Silkeborg IF
New Zealand,Elijah Just,MF,26,44,9,Motherwell F.C.
New Zealand,Joe Bell (footballer),MF,27,32,1,Viking FK
New Zealand,Lachlan Bayliss,MF,23,4,0,Newcastle Jets FC
New Zealand,Marko Stamenić,MF,24,39,3,Swansea City A.F.C.
New Zealand,Matthew Garbett,MF,24,37,5,Peterborough United F.C.
New Zealand,Ryan Thomas (footballer),MF,31,25,3,PEC Zwolle
New Zealand,Sarpreet Singh,MF,27,28,3,Wellington Phoenix FC
Norway,David Møller Wolfe,DF,24,21,1,Wolverhampton Wanderers F.C.
Norway,Fredrik André Bjørkan,DF,27,20,1,FK Bodø/Glimt
Norway,Henrik Falchener,DF,23,1,0,Viking FK
Norway,Kristoffer Ajer,DF,28,51,2,Brentford F.C.
Norway,Leo Østigård,DF,26,37,1,Genoa CFC
Norway,Marcus Holmgren Pedersen,DF,25,32,0,Torino FC
Norway,Sondre Langås,DF,25,3,0,Derby County F.C.
Norway,Torbjørn Heggem,DF,27,14,0,Bologna FC 1909
Norway,Alexander Sørloth,FW,30,71,26,Atlético Madrid
Norway,Antonio Nusa,FW,21,23,8,RB Leipzig
Norway,Erling Haaland,FW,25,49,55,Manchester City F.C.
Norway,Julian Ryerson,FW,28,42,1,Borussia Dortmund
Norway,Jørgen Strand Larsen,FW,26,27,6,Crystal Palace F.C.
Norway,Egil Selvik,GK,28,6,0,Watford F.C.
Norway,Sander Tangvik,GK,23,0,0,Hamburger SV
Norway,Ørjan Nyland,GK,35,70,0,Sevilla FC
Norway,Andreas Schjelderup,MF,22,11,1,S.L. Benfica
Norway,Fredrik Aursnes,MF,30,21,1,S.L. Benfica
Norway,Jens Petter Hauge,MF,26,15,1,FK Bodø/Glimt
Norway,Kristian Thorstvedt,MF,27,36,4,US Sassuolo Calcio
Norway,Martin Ødegaard,MF,27,67,4,Arsenal F.C.
Norway,Morten Thorsby,MF,30,31,0,US Cremonese
Norway,Oscar Bobb,MF,22,19,2,Fulham F.C.
Norway,Patrick Berg,MF,28,42,0,FK Bodø/Glimt
Norway,Sander Berge,MF,28,65,1,Fulham F.C.
Norway,Thelo Aasgaard,MF,24,7,5,Rangers F.C.
Panama,"Andrés Andrade (footballer, born 1998)",DF,27,50,1,LASK
Panama,Carlos Harvey,DF,26,28,3,Minnesota United FC
Panama,César Blackman,DF,28,40,3,ŠK Slovan Bratislava
Panama,Edgardo Fariña,DF,24,18,0,FC Pari Nizhny Novgorod
Panama,Eric Davis (Panamanian footballer),DF,35,107,9,C.D. Plaza Amador
Panama,Fidel Escobar,DF,31,99,4,Deportivo Saprissa
Panama,Jiovany Ramos,DF,29,23,2,Academia Puerto Cabello
Panama,Jorge Gutiérrez (footballer),DF,27,18,0,Deportivo La Guaira F.C.
Panama,José Córdoba,DF,25,32,1,Norwich City F.C.
Panama,Michael Amir Murillo,DF,30,94,9,Beşiktaş J.K.
Panama,Roderick Miller (footballer),DF,34,50,2,Turan Tovuz
Panama,Azarias Londoño,FW,24,11,0,C.D. Universidad Católica (Ecuador)
Panama,Cecilio Waterman,FW,35,55,15,C.D. Universidad de Concepción
Panama,José Fajardo (footballer),FW,32,68,17,C.D. Universidad Católica (Ecuador)
Panama,Tomás Rodríguez (footballer),FW,27,13,4,Deportivo Saprissa
Panama,César Samudio,GK,32,5,0,C.D. Marathón
Panama,Luis Mejía,GK,35,56,0,Club Nacional de Football
Panama,Orlando Mosquera,GK,31,48,0,Al-Fayha Club
Panama,Adalberto Carrasquilla,MF,27,73,3,Pumas UNAM
Panama,Alberto Quintero (footballer),MF,38,141,7,C.D. Plaza Amador
Panama,Aníbal Godoy,MF,36,159,4,San Diego FC
Panama,Cristian Martínez (Panamanian footballer),MF,29,66,2,Hapoel Ironi Kiryat Shmona F.C.
Panama,César Yanis,MF,30,56,5,Cobresal
Panama,"Ismael Díaz (footballer, born 1997)",MF,29,57,17,Club León
Panama,"José Luis Rodríguez (footballer, born 1998)",MF,27,70,8,FC Juárez
Panama,Yoel Bárcenas,MF,32,104,10,Mazatlán F.C.
Paraguay,Alexandro Maidana,DF,20,2,1,Talleres de Córdoba
Paraguay,Fabián Balbuena,DF,34,48,2,Grêmio FBPA
Paraguay,Gustavo Gómez,DF,33,89,4,SE Palmeiras
Paraguay,Gustavo Velázquez,DF,35,13,1,Cerro Porteño
Paraguay,José Canale,DF,29,2,0,Club Atlético Lanús
Paraguay,Juan José Cáceres,DF,26,17,0,FC Dynamo Moscow
Paraguay,Júnior Alonso,DF,33,71,3,Clube Atlético Mineiro
Paraguay,Omar Alderete,DF,29,36,3,Sunderland A.F.C.
Paraguay,Antonio Sanabria,FW,30,48,7,US Cremonese
Paraguay,Gabriel Ávalos,FW,35,23,2,Club Atlético Independiente
Paraguay,Isidro Pitta,FW,26,5,0,Red Bull Bragantino
Paraguay,"Julio Enciso (footballer, born 2004)",FW,22,32,4,RC Strasbourg Alsace
Paraguay,Kaku (footballer),FW,31,33,6,Al Ain FC
Paraguay,Álex Arce,FW,30,15,1,Independiente Rivadavia
Paraguay,Gastón Olveira,GK,33,1,0,Club Olimpia
Paraguay,Gatito Fernández,GK,38,31,0,Cerro Porteño
Paraguay,Orlando Gill,GK,26,6,0,San Lorenzo de Almagro
Paraguay,Andrés Cubas,MF,30,33,0,Vancouver Whitecaps FC
Paraguay,Braian Ojeda,MF,25,17,0,Orlando City SC
Paraguay,Damián Bobadilla,MF,24,19,1,São Paulo FC
Paraguay,Diego Gómez (Paraguayan footballer),MF,23,24,3,Brighton & Hove Albion F.C.
Paraguay,Gustavo Caballero,MF,24,2,1,Portsmouth F.C.
Paraguay,Matías Galarza (Paraguayan footballer),MF,24,15,3,Atlanta United FC
Paraguay,"Maurício (footballer, born 2001)",MF,24,3,0,SE Palmeiras
Paraguay,Miguel Almirón,MF,32,76,10,Atlanta United FC
Paraguay,Ramón Sosa,MF,26,29,1,SE Palmeiras
Portugal,Diogo Dalot,DF,27,34,3,Manchester United F.C.
Portugal,Gonçalo Inácio,DF,24,21,2,Sporting CP
Portugal,João Cancelo,DF,32,67,12,FC Barcelona
Portugal,"Nuno Mendes (footballer, born 2002)",DF,23,43,1,Paris Saint-Germain FC
Portugal,Nélson Semedo,DF,32,49,0,Fenerbahçe S.K. (football)
Portugal,Renato Veiga,DF,22,12,1,Villarreal CF
Portugal,Rúben Dias,DF,29,75,3,Manchester City F.C.
Portugal,Samú Costa,DF,25,5,0,RCD Mallorca
Portugal,Tomás Araújo,DF,24,4,0,S.L. Benfica
Portugal,Cristiano Ronaldo,FW,41,227,143,Al-Nassr FC
Portugal,Francisco Conceição,FW,23,16,3,Juventus FC
Portugal,Francisco Trincão,FW,26,17,3,Sporting CP
Portugal,Gonçalo Guedes,FW,29,34,8,Real Sociedad
Portugal,Gonçalo Ramos,FW,24,24,10,Paris Saint-Germain FC
Portugal,João Félix,FW,26,53,12,Al-Nassr FC
Portugal,Pedro Neto,FW,26,24,2,Chelsea F.C.
Portugal,Rafael Leão,FW,27,44,5,AC Milan
Portugal,Diogo Costa,GK,26,42,0,FC Porto
Portugal,José Sá,GK,33,5,0,Wolverhampton Wanderers F.C.
Portugal,"Rui Silva (footballer, born 1994)",GK,32,3,0,Sporting CP
Portugal,Bernardo Silva,MF,31,108,14,Manchester City F.C.
Portugal,Bruno Fernandes,MF,31,88,29,Manchester United F.C.
Portugal,João Neves,MF,21,21,3,Paris Saint-Germain FC
Portugal,Matheus Nunes,MF,27,19,2,Manchester City F.C.
Portugal,Rúben Neves,MF,29,66,1,Al Hilal SFC
Portugal,"Vitinha (footballer, born February 2000)",MF,26,37,0,Paris Saint-Germain FC
Qatar,Al-Hashmi Al-Hussain,DF,22,8,0,Al-Arabi SC (Qatar)
Qatar,Ayoub Al-Oui,DF,21,6,0,Al-Gharafa SC
Qatar,Boualem Khoukhi,DF,35,116,20,Al Sadd SC
Qatar,Homam Ahmed,DF,26,68,3,Cultural y Deportiva Leonesa
Qatar,Issa Laye,DF,28,4,0,Al-Arabi SC (Qatar)
Qatar,Jassem Gaber,DF,24,32,1,Al-Rayyan SC
Qatar,"Lucas Mendes (footballer, born 1990)",DF,35,25,1,Al-Wakrah SC
Qatar,Pedro Miguel (footballer),DF,35,99,3,Al Sadd SC
Qatar,Sultan Al-Brake,DF,30,17,0,Al Duhail SC
Qatar,Ahmed Alaaeldin,FW,33,68,9,Al-Rayyan SC
Qatar,Akram Afif,FW,29,125,39,Al Sadd SC
Qatar,Almoez Ali,FW,29,115,55,Al Duhail SC
Qatar,Edmilson Junior,FW,31,16,0,Al Duhail SC
Qatar,Hassan Al-Haydos,FW,35,186,41,Al Sadd SC
Qatar,Mohamed Manai,FW,23,10,0,Al-Shamal SC
Qatar,Mohammed Muntari,FW,32,67,16,Al-Gharafa SC
Qatar,Tahsin Jamshid,FW,19,3,0,Al Duhail SC
Qatar,Yusuf Abdurisag,FW,26,39,3,Al-Wakrah SC
Qatar,Mahmud Abunada,GK,26,5,0,Al-Rayyan SC
Qatar,Meshaal Barsham,GK,28,52,0,Al Sadd SC
Qatar,Salah Zakaria,GK,27,8,0,Al Duhail SC
Qatar,Abdulaziz Hatem,MF,36,117,11,Al-Rayyan SC
Qatar,Ahmed Al-Ganehi,MF,25,13,1,Al-Gharafa SC
Qatar,Ahmed Fathy (Qatari footballer),MF,33,48,0,Al-Arabi SC (Qatar)
Qatar,Assim Madibo,MF,29,51,0,Al-Wakrah SC
Qatar,Karim Boudiaf,MF,35,118,5,Al Duhail SC
Saudi Arabia,Abdulelah Al-Amri,DF,29,42,1,Al-Nassr FC
Saudi Arabia,Ali Lajami,DF,30,21,1,Al Hilal SFC
Saudi Arabia,Ali Majrashi,DF,26,21,0,Al-Ahli Saudi FC
Saudi Arabia,Hassan Al-Tambakti,DF,27,51,1,Al Hilal SFC
Saudi Arabia,Hassan Kadesh,DF,33,20,2,Al-Ittihad Club (Jeddah)
Saudi Arabia,Jehad Thakri,DF,24,7,0,Al Qadsiah FC
Saudi Arabia,Mohammed Abu Al-Shamat,DF,23,6,0,Al Qadsiah FC
Saudi Arabia,Moteb Al-Harbi,DF,26,12,0,Al Hilal SFC
Saudi Arabia,Nawaf Boushal,DF,26,24,0,Al-Nassr FC
Saudi Arabia,Saud Abdulhamid,DF,26,54,1,RC Lens
Saudi Arabia,Abdullah Al-Hamdan,FW,26,49,12,Al-Nassr FC
Saudi Arabia,Ayman Yahya,FW,25,26,0,Al-Nassr FC
Saudi Arabia,Firas Al-Buraikan,FW,26,69,15,Al-Ahli Saudi FC
Saudi Arabia,Khalid Al-Ghannam,FW,25,6,0,Al-Ettifaq Club
Saudi Arabia,Saleh Al-Shehri,FW,32,55,18,Al-Ittihad Club (Jeddah)
Saudi Arabia,Salem Al-Dawsari,FW,34,109,27,Al Hilal SFC
Saudi Arabia,Sultan Mandash,FW,31,6,2,Al Hilal SFC
Saudi Arabia,Ahmed Al-Kassar,GK,35,9,0,Al Qadsiah FC
Saudi Arabia,Mohammed Al-Owais,GK,34,63,0,Al-Ula FC
Saudi Arabia,Nawaf Al-Aqidi,GK,26,22,0,Al-Nassr FC
Saudi Arabia,Abdullah Al-Khaibari,MF,29,39,0,Al-Nassr FC
Saudi Arabia,Alaa Al-Hejji,MF,30,2,0,Neom SC
Saudi Arabia,Mohamed Kanno,MF,31,76,8,Al Hilal SFC
Saudi Arabia,Musab Al-Juwayr,MF,22,34,6,Al Qadsiah FC
Saudi Arabia,Nasser Al-Dawsari,MF,27,43,0,Al Hilal SFC
Saudi Arabia,Ziyad Al-Johani,MF,24,12,0,Al-Ahli Saudi FC
Scotland,Aaron Hickey,DF,24,21,0,Brentford F.C.
Scotland,Andy Robertson,DF,32,94,4,Liverpool F.C.
Scotland,Anthony Ralston,DF,27,27,1,Celtic F.C.
Scotland,Dominic Hyam,DF,30,4,0,Wrexham A.F.C.
Scotland,Grant Hanley,DF,34,68,2,Hibernian F.C.
Scotland,"Jack Hendry (footballer, born 1995)",DF,31,38,3,Al-Ettifaq Club
Scotland,John Souttar,DF,29,24,2,Rangers F.C.
Scotland,Kieran Tierney,DF,29,56,2,Celtic F.C.
Scotland,Nathan Patterson (footballer),DF,24,26,1,Everton F.C.
Scotland,Scott McKenna,DF,29,50,1,GNK Dinamo Zagreb
Scotland,Ben Gannon-Doak,FW,20,14,1,AFC Bournemouth
Scotland,Ché Adams,FW,29,47,13,Torino FC
Scotland,Findlay Curtis,FW,20,3,1,Kilmarnock F.C.
Scotland,George Hirst (footballer),FW,27,10,1,Ipswich Town F.C.
Scotland,Lawrence Shankland,FW,30,20,7,Heart of Midlothian F.C.
Scotland,Lyndon Dykes,FW,30,51,10,Charlton Athletic F.C.
Scotland,"Ross Stewart (footballer, born 1996)",FW,29,3,0,Southampton F.C.
Scotland,Angus Gunn,GK,30,22,0,Nottingham Forest F.C.
Scotland,Craig Gordon,GK,43,84,0,Heart of Midlothian F.C.
Scotland,"Liam Kelly (footballer, born 1996)",GK,30,3,0,Rangers F.C.
Scotland,John McGinn,MF,31,86,20,Aston Villa F.C.
Scotland,Kenny McLean,MF,34,58,3,Norwich City F.C.
Scotland,Lewis Ferguson,MF,26,24,1,Bologna FC 1909
Scotland,Ryan Christie,MF,31,68,10,AFC Bournemouth
Scotland,Scott McTominay,MF,29,70,15,SSC Napoli
Scotland,Tyler Fletcher,MF,19,2,0,Manchester United F.C.
Senegal,"Abdoulaye Seck (footballer, born 1992)",DF,34,22,4,Maccabi Haifa F.C.
Senegal,Antoine Mendy (footballer),DF,22,6,0,OGC Nice
Senegal,El Hadji Malick Diouf,DF,21,19,1,West Ham United F.C.
Senegal,Ismail Jakobs,DF,26,29,0,Galatasaray S.K. (football)
Senegal,Kalidou Koulibaly,DF,34,102,2,Al Hilal SFC
Senegal,Krépin Diatta,DF,27,60,2,AS Monaco FC
Senegal,Mamadou Sarr,DF,20,7,0,Chelsea F.C.
Senegal,Moussa Niakhaté,DF,30,30,0,Olympique Lyonnais
Senegal,Assane Diao,FW,20,5,0,Como 1907
Senegal,Bamba Dieng,FW,26,22,2,FC Lorient
Senegal,Cherif Ndiaye,FW,30,18,4,Samsunspor
Senegal,Ibrahim Mbaye,FW,18,10,3,Paris Saint-Germain FC
Senegal,Iliman Ndiaye,FW,26,39,4,Everton F.C.
Senegal,Ismaïla Sarr,FW,28,82,19,Crystal Palace F.C.
Senegal,Nicolas Jackson,FW,24,32,8,FC Bayern Munich
Senegal,Sadio Mané,FW,34,127,55,Al-Nassr FC
Senegal,Mory Diaw,GK,32,5,0,Le Havre AC
Senegal,Yehvann Diouf,GK,26,2,0,OGC Nice
Senegal,Édouard Mendy,GK,34,56,0,Al-Ahli Saudi FC
Senegal,Bara Sapoko Ndiaye,MF,18,1,0,FC Bayern Munich
Senegal,Habib Diarra,MF,22,20,4,Sunderland A.F.C.
Senegal,Idrissa Gueye,MF,36,130,7,Everton F.C.
Senegal,Lamine Camara,MF,22,32,7,AS Monaco FC
Senegal,Pape Gueye,MF,27,41,5,Villarreal CF
Senegal,Pape Matar Sarr,MF,23,39,4,Tottenham Hotspur F.C.
Senegal,Pathé Ciss,MF,32,29,0,Rayo Vallecano
South Africa,Aubrey Modiba,DF,30,44,3,Mamelodi Sundowns F.C.
South Africa,Bradley Cross (soccer),DF,25,0,0,Kaizer Chiefs F.C.
South Africa,Ime Okon,DF,22,7,1,Hannover 96
South Africa,Khuliso Mudau,DF,31,32,1,Mamelodi Sundowns F.C.
South Africa,Khulumani Ndamane,DF,22,5,0,Mamelodi Sundowns F.C.
South Africa,Mbekezeli Mbokazi,DF,20,10,1,Chicago Fire FC
South Africa,Nkosinathi Sibisi,DF,30,19,0,Orlando Pirates F.C.
South Africa,Olwethu Makhanya,DF,22,0,0,Philadelphia Union
South Africa,Samukele Kabini,DF,22,5,0,Molde FK
South Africa,Thabang Matuludi,DF,27,2,0,Polokwane City F.C.
South Africa,Evidence Makgopa,FW,26,26,6,Orlando Pirates F.C.
South Africa,Iqraam Rayners,FW,30,13,4,Mamelodi Sundowns F.C.
South Africa,Kamogelo Sebelebele,FW,23,2,0,Orlando Pirates F.C.
South Africa,Lyle Foster,FW,25,26,10,Burnley F.C.
South Africa,Oswin Appollis,FW,24,25,8,Orlando Pirates F.C.
South Africa,Relebohile Mofokeng,FW,21,12,0,Orlando Pirates F.C.
South Africa,Thapelo Maseko,FW,22,9,1,AEL Limassol
South Africa,Tshepang Moremi,FW,25,9,1,Orlando Pirates F.C.
South Africa,Ricardo Goss,GK,32,4,0,Siwelele F.C.
South Africa,Ronwen Williams,GK,34,62,0,Mamelodi Sundowns F.C.
South Africa,Sipho Chaine,GK,29,3,0,Orlando Pirates F.C.
South Africa,Jayden Adams,MF,25,4,0,Mamelodi Sundowns F.C.
South Africa,Sphephelo Sithole,MF,27,27,1,C.D. Tondela
South Africa,"Teboho Mokoena (soccer, born 1997)",MF,29,51,9,Mamelodi Sundowns F.C.
South Africa,Thalente Mbatha,MF,26,14,3,Orlando Pirates F.C.
South Africa,Themba Zwane,MF,36,53,12,Mamelodi Sundowns F.C.
South Korea,Cho Wi-je,DF,24,1,0,Jeonbuk Hyundai Motors
South Korea,Jens Castrop,DF,22,7,0,Borussia Mönchengladbach
South Korea,Kim Min-jae (footballer),DF,29,79,4,FC Bayern Munich
South Korea,Kim Moon-hwan,DF,30,35,0,Daejeon Hana Citizen
South Korea,Kim Tae-hyeon,DF,25,7,0,Kashima Antlers
South Korea,Lee Han-beom,DF,23,8,0,FC Midtjylland
South Korea,Lee Tae-seok,DF,23,15,1,FK Austria Wien
South Korea,"Park Jin-seob (footballer, born 1995)",DF,30,14,1,Zhejiang Professional F.C.
South Korea,Seol Young-woo,DF,27,34,0,Red Star Belgrade
South Korea,Cho Gue-sung,FW,28,44,12,FC Midtjylland
South Korea,Oh Hyeon-gyu,FW,25,27,6,Beşiktaş J.K.
South Korea,Son Heung-min,FW,33,144,56,Los Angeles FC
South Korea,Jo Hyeon-woo,GK,34,48,0,Ulsan HD FC
South Korea,Kim Seung-gyu,GK,35,87,0,FC Tokyo
South Korea,Song Bum-keun,GK,28,3,0,Jeonbuk Hyundai Motors
South Korea,Bae Jun-ho,MF,22,13,2,Stoke City F.C.
South Korea,Eom Ji-sung,MF,24,9,2,Swansea City A.F.C.
South Korea,Hwang Hee-chan,MF,30,79,17,Wolverhampton Wanderers F.C.
South Korea,Hwang In-beom,MF,29,73,6,Feyenoord
South Korea,"Kim Jin-gyu (footballer, born 1997)",MF,29,22,3,Jeonbuk Hyundai Motors
South Korea,Lee Dong-gyeong,MF,28,18,4,Ulsan HD FC
South Korea,Lee Gi-hyuk,MF,25,3,0,Gangwon FC
South Korea,Lee Jae-sung,MF,33,105,15,1. FSV Mainz 05
South Korea,Lee Kang-in,MF,25,47,11,Paris Saint-Germain FC
South Korea,Paik Seung-ho,MF,29,27,3,Birmingham City F.C.
South Korea,Yang Hyun-jun,MF,24,9,0,Celtic F.C.
Spain,Aymeric Laporte,DF,32,45,2,Athletic Bilbao
Spain,"Eric García (footballer, born 2001)",DF,25,20,0,FC Barcelona
Spain,Marc Cucurella,DF,27,23,1,Chelsea F.C.
Spain,Marc Pubill,DF,22,1,0,Atlético Madrid
Spain,Marcos Llorente,DF,31,23,0,Atlético Madrid
Spain,Pau Cubarsí,DF,19,11,0,FC Barcelona
Spain,Pedro Porro,DF,26,17,0,Tottenham Hotspur F.C.
Spain,Álex Grimaldo,DF,30,13,0,Bayer 04 Leverkusen
Spain,Borja Iglesias,FW,33,7,0,RC Celta de Vigo
Spain,Dani Olmo,FW,28,49,12,FC Barcelona
Spain,Ferran Torres,FW,26,56,24,FC Barcelona
Spain,Lamine Yamal,FW,18,25,6,FC Barcelona
Spain,Mikel Oyarzabal,FW,29,52,24,Real Sociedad
Spain,Nico Williams,FW,23,30,6,Athletic Bilbao
Spain,"Víctor Muñoz (footballer, born 2003)",FW,22,2,1,CA Osasuna
Spain,Yéremy Pino,FW,23,22,4,Crystal Palace F.C.
Spain,David Raya,GK,30,12,0,Arsenal F.C.
Spain,Joan Garcia,GK,25,2,0,FC Barcelona
Spain,Unai Simón,GK,29,57,0,Athletic Bilbao
Spain,Fabián Ruiz,MF,30,41,6,Paris Saint-Germain FC
Spain,Gavi (footballer),MF,21,29,5,FC Barcelona
Spain,Martín Zubimendi,MF,27,25,3,Arsenal F.C.
Spain,Mikel Merino,MF,29,42,10,Arsenal F.C.
Spain,Pedri,MF,23,40,5,FC Barcelona
Spain,"Rodri (footballer, born 1996)",MF,29,61,4,Manchester City F.C.
Spain,Álex Baena,MF,24,16,2,Atlético Madrid
Sweden,Alexander Bernhardsson,DF,27,11,0,Holstein Kiel
Sweden,Carl Starfelt,DF,31,18,0,RC Celta de Vigo
Sweden,"Daniel Svensson (footballer, born 2002)",DF,24,13,0,Borussia Dortmund
Sweden,Elliot Stroud,DF,23,1,0,Mjällby AIF
Sweden,Eric Smith (Swedish footballer),DF,29,2,0,FC St. Pauli
Sweden,Gabriel Gudmundsson,DF,27,24,0,Leeds United F.C.
Sweden,Gustaf Lagerbielke (footballer),DF,26,11,2,S.C. Braga
Sweden,Herman Johansson,DF,28,3,0,FC Dallas
Sweden,Hjalmar Ekdal,DF,27,13,0,Burnley F.C.
Sweden,Isak Hien,DF,27,29,0,Atalanta BC
Sweden,Victor Lindelöf,DF,31,76,3,Aston Villa F.C.
Sweden,Alexander Isak,FW,26,58,17,Liverpool F.C.
Sweden,Anthony Elanga,FW,24,30,6,Newcastle United F.C.
Sweden,"Gustaf Nilsson (footballer, born 1997)",FW,29,10,4,Club Brugge KV
Sweden,Taha Ali,FW,27,2,0,Malmö FF
Sweden,Viktor Gyökeres,FW,28,33,20,Arsenal F.C.
Sweden,Jacob Widell Zetterström,GK,27,3,0,Derby County F.C.
Sweden,Kristoffer Nordfeldt,GK,36,21,0,AIK Fotboll
Sweden,Viktor Johansson,GK,27,12,0,Stoke City F.C.
Sweden,Benjamin Nygren,MF,24,11,3,Celtic F.C.
Sweden,Besfort Zeneli,MF,23,8,0,Royale Union Saint-Gilloise
Sweden,Jesper Karlström,MF,30,25,0,Udinese Calcio
Sweden,Ken Sema,MF,32,33,5,Pafos FC
Sweden,Lucas Bergvall,MF,20,10,0,Tottenham Hotspur F.C.
Sweden,Mattias Svanberg,MF,27,41,2,VfL Wolfsburg
Sweden,Yasin Ayari,MF,22,21,3,Brighton & Hove Albion F.C.
Switzerland,Aurèle Amenda,DF,22,7,0,Eintracht Frankfurt
Switzerland,Eray Cömert,DF,28,22,0,Valencia CF
Switzerland,Luca Jaquez,DF,23,3,0,VfB Stuttgart
Switzerland,Manuel Akanji,DF,30,81,4,Inter Milan
Switzerland,Miro Muheim,DF,28,10,0,Hamburger SV
Switzerland,Nico Elvedi,DF,29,67,3,Borussia Mönchengladbach
Switzerland,Ricardo Rodriguez (footballer),DF,33,138,9,Real Betis
Switzerland,Silvan Widmer,DF,33,60,5,1. FSV Mainz 05
Switzerland,Breel Embolo,FW,29,86,24,Stade Rennais FC
Switzerland,Cedric Itten,FW,29,15,5,Fortuna Düsseldorf
Switzerland,Christian Fassnacht,FW,32,23,5,BSC Young Boys
Switzerland,Dan Ndoye,FW,25,31,8,Nottingham Forest F.C.
Switzerland,Noah Okafor,FW,26,25,2,Leeds United F.C.
Switzerland,Rubén Vargas,FW,27,61,11,Sevilla FC
Switzerland,Zeki Amdouni,FW,25,29,11,Burnley F.C.
Switzerland,Gregor Kobel,GK,28,21,0,Borussia Dortmund
Switzerland,Marvin Keller (footballer),GK,23,1,0,BSC Young Boys
Switzerland,Yvon Mvogo,GK,32,13,0,FC Lorient
Switzerland,Ardon Jashari,MF,23,8,0,AC Milan
Switzerland,Denis Zakaria,MF,29,65,3,AS Monaco FC
Switzerland,Djibril Sow,MF,29,52,0,Sevilla FC
Switzerland,Fabian Rieder,MF,24,28,1,FC Augsburg
Switzerland,Granit Xhaka,MF,33,146,17,Sunderland A.F.C.
Switzerland,Johan Manzambi,MF,20,12,3,SC Freiburg
Switzerland,Michel Aebischer,MF,29,40,2,Pisa SC
Switzerland,Remo Freuler,MF,34,88,11,Bologna FC 1909
Tunisia,Adem Arous,DF,21,2,0,Kasımpaşa S.K.
Tunisia,Ali Abdi (footballer),DF,32,46,7,OGC Nice
Tunisia,Dylan Bronn,DF,30,52,2,Servette FC
Tunisia,Mohamed Amine Ben Hamida,DF,30,13,0,Espérance Sportive de Tunis
Tunisia,Montassar Talbi,DF,28,64,4,FC Lorient
Tunisia,Mortadha Ben Ouanes,DF,31,18,0,Kasımpaşa S.K.
Tunisia,Moutaz Neffati,DF,21,5,0,IFK Norrköping
Tunisia,Omar Rekik,DF,24,6,0,NK Maribor
Tunisia,Raed Chikhaoui,DF,22,0,0,US Monastir (football)
Tunisia,Yan Valery,DF,27,22,0,BSC Young Boys
Tunisia,Elias Achouri,FW,27,30,4,F.C. Copenhagen
Tunisia,Elias Saad,FW,26,15,4,Hannover 96
Tunisia,Firas Chaouat,FW,30,30,6,Club Africain
Tunisia,Hazem Mastouri,FW,28,19,4,FC Dynamo Makhachkala
Tunisia,Rayan Elloumi,FW,18,4,0,Vancouver Whitecaps FC
Tunisia,Aymen Dahmen,GK,29,37,0,CS Sfaxien
Tunisia,Mouhib Chamakh,GK,24,2,0,Club Africain
Tunisia,Sabri Ben Hessen,GK,29,2,0,Étoile Sportive du Sahel
Tunisia,Anis Ben Slimane,MF,25,41,4,Norwich City F.C.
Tunisia,Ellyes Skhiri,MF,31,83,4,Eintracht Frankfurt
Tunisia,Hadj Mahmoud,MF,26,9,0,FC Lugano
Tunisia,Hannibal Mejbri,MF,23,45,1,Burnley F.C.
Tunisia,Ismaël Gharbi,MF,22,17,2,FC Augsburg
Tunisia,Khalil Ayari,MF,21,4,0,Paris Saint-Germain FC
Tunisia,Rani Khedira,MF,32,3,0,1. FC Union Berlin
Tunisia,Sebastian Tounekti,MF,23,12,1,Celtic F.C.
Turkey,Abdülkerim Bardakcı,DF,31,27,2,Galatasaray S.K. (football)
Turkey,Eren Elmalı,DF,25,23,0,Galatasaray S.K. (football)
Turkey,Ferdi Kadıoğlu,DF,26,30,2,Brighton & Hove Albion F.C.
Turkey,Merih Demiral,DF,28,62,6,Al-Ahli Saudi FC
Turkey,Mert Müldür,DF,27,45,3,Fenerbahçe S.K. (football)
Turkey,Ozan Kabak,DF,26,30,2,TSG 1899 Hoffenheim
Turkey,Samet Akaydin,DF,32,19,1,Çaykur Rizespor
Turkey,Zeki Çelik,DF,29,61,3,AS Roma
Turkey,Çağlar Söyüncü,DF,30,60,2,Fenerbahçe S.K. (football)
Turkey,Arda Güler,FW,21,29,6,Real Madrid CF
Turkey,Barış Alper Yılmaz,FW,26,35,4,Galatasaray S.K. (football)
Turkey,Can Uzun,FW,20,6,1,Eintracht Frankfurt
Turkey,Deniz Gül,FW,21,8,2,FC Porto
Turkey,Kenan Yıldız,FW,21,28,5,Juventus FC
Turkey,Kerem Aktürkoğlu,FW,27,52,15,Fenerbahçe S.K. (football)
Turkey,Oğuz Aydın,FW,25,11,0,Fenerbahçe S.K. (football)
Turkey,Yunus Akgün,FW,25,19,4,Galatasaray S.K. (football)
Turkey,İrfan Can Kahveci,FW,30,47,6,Kasımpaşa S.K.
Turkey,Altay Bayındır,GK,28,12,0,Manchester United F.C.
Turkey,Mert Günok,GK,37,37,0,Fenerbahçe S.K. (football)
Turkey,Uğurcan Çakır,GK,30,39,0,Galatasaray S.K. (football)
Turkey,Hakan Çalhanoğlu,MF,32,105,22,Inter Milan
Turkey,Kaan Ayhan,MF,31,73,5,Galatasaray S.K. (football)
Turkey,Orkun Kökçü,MF,25,50,4,Beşiktaş J.K.
Turkey,Salih Özcan,MF,28,30,1,Borussia Dortmund
Turkey,İsmail Yüksek,MF,27,32,1,Fenerbahçe S.K. (football)
United States,Alex Freeman,DF,21,17,2,Villarreal CF
United States,Antonee Robinson,DF,28,54,5,Fulham F.C.
United States,Auston Trusty,DF,27,8,0,Celtic F.C.
United States,Chris Richards (soccer),DF,26,36,3,Crystal Palace F.C.
United States,Joe Scally,DF,23,26,0,Borussia Mönchengladbach
United States,"Mark McKenzie (soccer, born 1999)",DF,27,29,0,Toulouse FC
United States,Maximilian Arfsten,DF,25,20,1,Columbus Crew
United States,Miles Robinson (soccer),DF,29,40,3,FC Cincinnati
United States,Sergiño Dest,DF,25,39,3,PSV Eindhoven
United States,Tim Ream,DF,38,82,1,Charlotte FC
United States,Alejandro Zendejas,FW,28,14,2,Club América
United States,Brenden Aaronson,FW,25,58,9,Leeds United F.C.
United States,Christian Pulisic,FW,27,86,33,AC Milan
United States,Folarin Balogun,FW,24,27,9,AS Monaco FC
United States,Haji Wright,FW,28,20,7,Coventry City F.C.
United States,Ricardo Pepi,FW,23,37,13,PSV Eindhoven
United States,Timothy Weah,FW,26,51,7,Olympique de Marseille
United States,Chris Brady (soccer),GK,22,1,0,Chicago Fire FC
United States,Matt Freese,GK,27,15,0,New York City FC
United States,Matt Turner (soccer),GK,31,54,0,New England Revolution
United States,Cristian Roldan,MF,31,47,0,Seattle Sounders FC
United States,Giovanni Reyna,MF,23,38,9,Borussia Mönchengladbach
United States,Malik Tillman,MF,24,30,3,Bayer 04 Leverkusen
United States,Sebastian Berhalter,MF,25,13,1,Vancouver Whitecaps FC
United States,Tyler Adams,MF,27,54,2,AFC Bournemouth
United States,Weston McKennie,MF,27,66,12,Juventus FC
Uruguay,Guillermo Varela,DF,33,28,0,CR Flamengo
Uruguay,José María Giménez,DF,31,99,8,Atlético Madrid
Uruguay,Mathías Olivera,DF,28,35,2,SSC Napoli
Uruguay,Matías Viña,DF,28,43,1,Club Atlético River Plate
Uruguay,Ronald Araújo,DF,27,27,1,FC Barcelona
Uruguay,Santiago Bueno,DF,27,8,0,Wolverhampton Wanderers F.C.
Uruguay,Sebastián Cáceres,DF,26,24,0,Club América
Uruguay,Brian Rodríguez,FW,26,32,4,Club América
Uruguay,Darwin Núñez,FW,26,38,13,Al Hilal SFC
Uruguay,Facundo Pellistri,FW,24,39,2,Panathinaikos F.C.
Uruguay,Federico Viñas,FW,27,11,2,Real Oviedo
Uruguay,Rodrigo Aguirre,FW,31,10,3,Tigres UANL
Uruguay,Fernando Muslera,GK,39,134,0,Estudiantes de La Plata
Uruguay,Santiago Mele,GK,28,8,0,C.F. Monterrey
Uruguay,Sergio Rochet,GK,33,35,0,SC Internacional
Uruguay,Agustín Canobbio,MF,27,15,1,Fluminense FC
Uruguay,"Emiliano Martínez (footballer, born 1999)",MF,26,10,0,SE Palmeiras
Uruguay,Federico Valverde,MF,27,73,9,Real Madrid CF
Uruguay,Giorgian de Arrascaeta,MF,32,60,13,CR Flamengo
Uruguay,Joaquín Piquerez,MF,27,19,0,SE Palmeiras
Uruguay,Juan Manuel Sanabria,MF,26,5,1,Real Salt Lake
Uruguay,Manuel Ugarte (footballer),MF,25,36,1,Manchester United F.C.
Uruguay,Maximiliano Araújo,MF,26,28,3,Sporting CP
Uruguay,Nicolás de la Cruz,MF,29,34,5,CR Flamengo
Uruguay,Rodrigo Bentancur,MF,28,74,3,Tottenham Hotspur F.C.
Uruguay,Rodrigo Zalazar,MF,26,8,2,S.C. Braga
Uzbekistan,Abdukodir Khusanov,DF,22,26,0,Manchester City F.C.
Uzbekistan,Abdulla Abdullaev,DF,28,17,0,Dibba FC
Uzbekistan,Avazbek Ulmasaliev,DF,26,0,0,FC AGMK
Uzbekistan,Bekhruz Karimov,DF,18,2,0,FC Surkhon
Uzbekistan,Farrukh Sayfiev,DF,35,45,1,FC Neftchi Fergana
Uzbekistan,Jakhongir Urozov,DF,22,3,0,FC Dinamo Samarqand
Uzbekistan,Khojiakbar Alijonov,DF,29,40,2,Pakhtakor FC
Uzbekistan,Rustam Ashurmatov,DF,29,48,1,Esteghlal F.C.
Uzbekistan,Sherzod Nasrullaev,DF,27,30,2,FC Nasaf
Uzbekistan,Umar Eshmurodov,DF,33,29,0,FC Nasaf
Uzbekistan,Azizbek Amonov,FW,28,12,2,FC Dinamo Samarqand
Uzbekistan,Eldor Shomurodov,FW,30,91,44,İstanbul Başakşehir F.K.
Uzbekistan,Igor Sergeev,FW,33,82,24,Persepolis F.C.
Uzbekistan,Abduvohid Nematov,GK,25,8,0,FC Nasaf
Uzbekistan,Botirali Ergashev,GK,30,2,0,FC Neftchi Fergana
Uzbekistan,Utkir Yusupov,GK,35,39,0,PFC Navbahor Namangan
Uzbekistan,Abbosbek Fayzullaev,MF,22,31,8,İstanbul Başakşehir F.K.
Uzbekistan,Akmal Mozgovoy,MF,27,24,1,Pakhtakor FC
Uzbekistan,Azizjon Ganiev,MF,28,19,0,Al Bataeh Club
Uzbekistan,Dostonbek Khamdamov,MF,29,33,5,Pakhtakor FC
Uzbekistan,Jaloliddin Masharipov,MF,32,74,12,Esteghlal F.C.
Uzbekistan,Jamshid Iskanderov,MF,32,37,4,FC Neftchi Fergana
Uzbekistan,Odiljon Hamrobekov,MF,30,72,1,Tractor S.C.
Uzbekistan,Oston Urunov,MF,25,41,10,Persepolis F.C.
Uzbekistan,Otabek Shukurov,MF,29,83,9,Baniyas Club
Uzbekistan,Sherzod Esanov,MF,23,1,0,FC Bukhara
