match_id,date,home_team,away_team,competition,sb_stage,sb_match_week,stadium,referee,home_xg,away_xg,home_shots,away_shots,home_sot,away_sot,home_corners,away_corners,home_fouls,away_fouls,home_yellow,away_yellow,home_red,away_red,home_passes,away_passes,home_goals_sb,away_goals_sb,possession_note
4b3d4fad99,2022-11-20,Qatar,Ecuador,FIFA World Cup 2022,Group Stage,1,Al Bayt Stadium,Daniele Orsato,0.304,1.154,5,6,0,3,1,3,17,14,4,2,0,0,468,519,0,2,not in open data; use pass share as proxy
9762b4afbd,2022-11-21,England,Iran,FIFA World Cup 2022,Group Stage,1,Sheikh Khalifa International Stadium,Raphael Claus,1.987,1.456,13,8,7,3,8,0,9,21,0,2,0,0,846,247,6,2,not in open data; use pass share as proxy
7f4768d822,2022-11-21,Senegal,Netherlands,FIFA World Cup 2022,Group Stage,1,Al Thumama Stadium,Wilton Pereira Sampaio,0.691,1.124,15,10,4,3,6,7,13,16,2,1,0,0,430,491,0,2,not in open data; use pass share as proxy
ace697a3c9,2022-11-21,United States,Wales,FIFA World Cup 2022,Group Stage,1,Ahmad bin Ali Stadium,Abdulrahman Ibrahim Al Jassim,0.602,1.395,6,7,1,3,5,3,17,10,4,2,0,0,610,443,1,1,not in open data; use pass share as proxy
ff23621188,2022-11-22,Argentina,Saudi Arabia,FIFA World Cup 2022,Group Stage,1,Lusail Stadium,Slavko Vinčić,2.492,0.153,15,3,6,2,9,2,7,22,0,6,0,0,646,286,1,2,not in open data; use pass share as proxy
2630627662,2022-11-22,Denmark,Tunisia,FIFA World Cup 2022,Group Stage,1,Education City Stadium ,César Arturo Ramos Palazuelos,1.567,1.06,11,13,5,1,11,9,13,10,2,1,0,0,646,417,0,0,not in open data; use pass share as proxy
7324621264,2022-11-22,France,Australia,FIFA World Cup 2022,Group Stage,1,Al Janoub Stadium   ,Victor Miguel de Freitas Gomes,3.17,0.323,23,4,6,1,8,1,4,14,0,3,0,0,763,475,4,1,not in open data; use pass share as proxy
ce9a7808a7,2022-11-22,Mexico,Poland,FIFA World Cup 2022,Group Stage,1,Stadium 974,Chris Beath,0.529,1.138,11,6,4,2,6,5,14,15,2,1,0,0,544,362,0,0,not in open data; use pass share as proxy
f19c3f3e88,2022-11-23,Belgium,Canada,FIFA World Cup 2022,Group Stage,1,Ahmad bin Ali Stadium,Janny Sikazwe,0.67,2.546,9,22,3,3,4,4,11,15,3,2,0,0,534,480,1,0,not in open data; use pass share as proxy
f4157497e4,2022-11-23,Germany,Japan,FIFA World Cup 2022,Group Stage,1,Sheikh Khalifa International Stadium,Ivan Arcides Barton Cisneros,2.768,1.249,26,12,9,4,6,6,7,15,0,0,0,0,826,294,1,2,not in open data; use pass share as proxy
f91e44834b,2022-11-23,Morocco,Croatia,FIFA World Cup 2022,Group Stage,1,Al Bayt Stadium,Fernando Andrés Rapallini,0.363,0.85,8,5,2,1,0,5,18,12,1,0,0,0,384,686,0,0,not in open data; use pass share as proxy
2fdd1ef4b3,2022-11-23,Spain,Costa Rica,FIFA World Cup 2022,Group Stage,1,Al Thumama Stadium,,2.762,0.0,17,0,8,0,5,0,8,14,0,2,0,0,1090,250,7,0,not in open data; use pass share as proxy
78ec6cf492,2022-11-24,Brazil,Serbia,FIFA World Cup 2022,Group Stage,1,Lusail Stadium,Alireza Faghani,2.124,0.163,23,5,9,0,5,4,8,11,0,3,0,0,618,446,2,0,not in open data; use pass share as proxy
35c57d8e2b,2022-11-24,Portugal,Ghana,FIFA World Cup 2022,Group Stage,1,Stadium 974,Ismail Elfath,2.097,0.78,11,9,5,3,3,3,15,20,2,4,0,0,665,415,3,2,not in open data; use pass share as proxy
5ec685e9a1,2022-11-24,Switzerland,Cameroon,FIFA World Cup 2022,Group Stage,1,Al Janoub Stadium   ,Facundo Tello Figueroa,1.427,0.613,7,8,3,5,11,5,14,10,2,1,0,0,549,533,1,0,not in open data; use pass share as proxy
c31c509af6,2022-11-24,Uruguay,South Korea,FIFA World Cup 2022,Group Stage,1,Education City Stadium ,Clément Turpin,0.417,0.493,10,7,1,0,4,3,7,11,1,1,0,0,570,463,0,0,not in open data; use pass share as proxy
ac1dafe636,2022-11-25,England,United States,FIFA World Cup 2022,Group Stage,2,Al Bayt Stadium,Jesús Valenzuela Sáez,0.461,0.514,8,10,3,1,3,7,11,16,0,0,0,0,582,456,0,0,not in open data; use pass share as proxy
f945492d82,2022-11-25,Netherlands,Ecuador,FIFA World Cup 2022,Group Stage,2,Sheikh Khalifa International Stadium,Mustapha Ghorbal,0.104,1.651,2,15,1,4,2,5,16,13,0,1,0,0,552,463,1,1,not in open data; use pass share as proxy
d03133d538,2022-11-25,Qatar,Senegal,FIFA World Cup 2022,Group Stage,2,Al Thumama Stadium,Antonio Miguel Mateu Lahoz,0.96,0.903,10,12,3,4,6,6,11,13,3,3,0,0,452,547,1,3,not in open data; use pass share as proxy
1ab6b911e6,2022-11-25,Wales,Iran,FIFA World Cup 2022,Group Stage,2,Ahmad bin Ali Stadium,Mario Alberto Escobar Toca,0.616,1.454,10,21,3,6,2,7,9,10,1,2,1,0,559,363,0,2,not in open data; use pass share as proxy
3343641f63,2022-11-26,Argentina,Mexico,FIFA World Cup 2022,Group Stage,2,Lusail Stadium,Daniele Orsato,0.325,0.206,5,4,2,1,4,2,15,21,1,4,0,0,567,403,2,0,not in open data; use pass share as proxy
3c4f0850ca,2022-11-26,France,Denmark,FIFA World Cup 2022,Group Stage,2,Stadium 974,Szymon Marciniak,1.934,0.889,21,10,6,2,6,4,4,11,1,2,0,0,540,567,2,1,not in open data; use pass share as proxy
0e37cf5f32,2022-11-26,Poland,Saudi Arabia,FIFA World Cup 2022,Group Stage,2,Education City Stadium ,Wilton Pereira Sampaio,1.734,1.972,9,17,3,5,4,5,18,16,3,2,0,0,337,582,2,0,not in open data; use pass share as proxy
6edf69925b,2022-11-26,Tunisia,Australia,FIFA World Cup 2022,Group Stage,2,Al Janoub Stadium   ,Daniel Siebert,1.052,0.359,14,9,4,2,5,2,15,16,3,0,0,0,548,404,0,1,not in open data; use pass share as proxy
e6567e0102,2022-11-27,Belgium,Morocco,FIFA World Cup 2022,Group Stage,2,Al Thumama Stadium,César Arturo Ramos Palazuelos,0.643,0.991,10,10,4,4,9,1,10,16,1,1,0,0,703,347,0,2,not in open data; use pass share as proxy
f9c569c183,2022-11-27,Croatia,Canada,FIFA World Cup 2022,Group Stage,2,Sheikh Khalifa International Stadium,Andrés Matonte,2.61,0.287,13,8,10,2,5,2,15,6,2,2,0,0,507,529,4,1,not in open data; use pass share as proxy
992f211eee,2022-11-27,Japan,Costa Rica,FIFA World Cup 2022,Group Stage,2,Ahmad bin Ali Stadium,Michael Oliver,0.774,0.199,13,4,3,1,5,0,24,13,3,3,0,0,619,470,0,1,not in open data; use pass share as proxy
02e2001790,2022-11-27,Spain,Germany,FIFA World Cup 2022,Group Stage,2,Al Bayt Stadium,Danny Desmond Makkelie,0.64,1.147,7,11,3,4,6,5,14,15,1,3,0,0,663,371,1,1,not in open data; use pass share as proxy
2a79237a32,2022-11-28,Brazil,Switzerland,FIFA World Cup 2022,Group Stage,2,Stadium 974,Ivan Arcides Barton Cisneros,0.923,0.289,13,6,5,0,8,3,10,18,1,1,0,0,597,513,1,0,not in open data; use pass share as proxy
cbe468ab95,2022-11-28,Portugal,Uruguay,FIFA World Cup 2022,Group Stage,2,Lusail Stadium,Alireza Faghani,1.214,1.217,15,11,3,3,6,2,11,16,3,2,0,0,626,438,2,0,not in open data; use pass share as proxy
1e4ea1f4cc,2022-11-28,South Korea,Ghana,FIFA World Cup 2022,Group Stage,2,Education City Stadium ,Anthony Taylor,1.368,1.181,21,7,6,3,12,5,15,10,2,2,0,0,605,340,2,3,not in open data; use pass share as proxy
d80d109cab,2022-11-29,Ecuador,Senegal,FIFA World Cup 2022,Group Stage,3,Sheikh Khalifa International Stadium,Clément Turpin,1.002,1.707,9,13,4,3,3,6,23,10,0,1,0,0,465,311,1,2,not in open data; use pass share as proxy
5574ba8e68,2022-11-29,Iran,United States,FIFA World Cup 2022,Group Stage,3,Al Thumama Stadium,Antonio Miguel Mateu Lahoz,0.921,1.17,4,12,1,5,1,5,21,13,3,1,0,0,515,517,0,1,not in open data; use pass share as proxy
99605a2e34,2022-11-29,Qatar,Netherlands,FIFA World Cup 2022,Group Stage,3,Al Bayt Stadium,Bakary Papa Gassama,0.144,1.714,5,13,3,4,2,4,8,19,0,1,0,0,486,832,0,2,not in open data; use pass share as proxy
e878de5419,2022-11-29,Wales,England,FIFA World Cup 2022,Group Stage,3,Ahmad bin Ali Stadium,Slavko Vinčić,0.208,2.915,7,18,1,7,1,6,19,11,2,0,0,0,351,630,0,3,not in open data; use pass share as proxy
7836155f83,2022-11-30,Australia,Denmark,FIFA World Cup 2022,Group Stage,3,Al Janoub Stadium   ,Mustapha Ghorbal,0.47,0.737,8,14,4,4,2,6,12,10,2,1,0,0,350,715,1,0,not in open data; use pass share as proxy
c9f8688379,2022-11-30,Poland,Argentina,FIFA World Cup 2022,Group Stage,3,Stadium 974,Danny Desmond Makkelie,0.198,3.077,4,24,0,13,1,8,9,12,1,1,0,0,337,909,0,2,not in open data; use pass share as proxy
4bdfc3535e,2022-11-30,Saudi Arabia,Mexico,FIFA World Cup 2022,Group Stage,3,Lusail Stadium,Michael Oliver,1.076,2.322,10,26,2,10,1,8,21,18,6,1,0,0,322,488,1,2,not in open data; use pass share as proxy
5b3f76c596,2022-11-30,Tunisia,France,FIFA World Cup 2022,Group Stage,3,Education City Stadium ,Matthew Conger,0.298,0.477,5,10,3,3,7,8,16,8,1,0,0,0,361,661,1,0,not in open data; use pass share as proxy
a391e6999f,2022-12-01,Canada,Morocco,FIFA World Cup 2022,Group Stage,3,Al Thumama Stadium,Raphael Claus,1.096,0.426,5,7,0,2,6,2,16,15,4,0,0,0,562,393,1,2,not in open data; use pass share as proxy
b0df725425,2022-12-01,Costa Rica,Germany,FIFA World Cup 2022,Group Stage,3,Al Bayt Stadium,Stéphanie Frappart,1.035,4.316,7,31,5,11,1,14,4,9,1,0,0,0,374,766,2,4,not in open data; use pass share as proxy
3373743b05,2022-12-01,Croatia,Belgium,FIFA World Cup 2022,Group Stage,3,Ahmad bin Ali Stadium,Anthony Taylor,0.695,2.382,11,16,4,3,2,4,11,10,0,1,0,0,609,630,0,0,not in open data; use pass share as proxy
fb199cd892,2022-12-01,Japan,Spain,FIFA World Cup 2022,Group Stage,3,Sheikh Khalifa International Stadium,Victor Miguel de Freitas Gomes,1.158,0.858,6,12,3,5,0,2,11,8,3,0,0,0,253,1093,2,1,not in open data; use pass share as proxy
c4021792bc,2022-12-02,Cameroon,Brazil,FIFA World Cup 2022,Group Stage,3,Lusail Stadium,Ismail Elfath,0.383,2.378,7,21,3,8,3,11,17,15,5,2,1,0,333,593,1,0,not in open data; use pass share as proxy
8b6a550b94,2022-12-02,Ghana,Uruguay,FIFA World Cup 2022,Group Stage,3,Al Janoub Stadium   ,Daniel Siebert,1.393,1.637,9,12,4,6,5,2,21,11,2,5,0,0,493,469,0,2,not in open data; use pass share as proxy
2a40072f81,2022-12-02,Serbia,Switzerland,FIFA World Cup 2022,Group Stage,3,Stadium 974,Fernando Andrés Rapallini,1.189,3.104,12,14,4,7,2,0,21,14,7,4,0,0,521,445,2,3,not in open data; use pass share as proxy
311c9325db,2022-12-02,South Korea,Portugal,FIFA World Cup 2022,Group Stage,3,Education City Stadium ,Facundo Tello Figueroa,1.399,0.974,12,13,6,6,5,4,9,10,2,0,0,0,388,619,2,1,not in open data; use pass share as proxy
b2b0faf3ec,2022-12-03,Argentina,Australia,FIFA World Cup 2022,Round of 16,4,Ahmad bin Ali Stadium,Szymon Marciniak,1.482,0.426,14,5,5,1,1,3,9,18,0,2,0,0,728,478,2,1,not in open data; use pass share as proxy
d99be58a6f,2022-12-03,Netherlands,United States,FIFA World Cup 2022,Round of 16,4,Sheikh Khalifa International Stadium,Wilton Pereira Sampaio,1.482,1.652,11,18,6,6,4,5,11,5,2,0,0,0,439,618,3,1,not in open data; use pass share as proxy
4ef5a0caba,2022-12-04,England,Senegal,FIFA World Cup 2022,Round of 16,4,Al Bayt Stadium,Ivan Arcides Barton Cisneros,1.02,0.973,8,10,4,1,3,3,16,13,0,1,0,0,626,408,3,0,not in open data; use pass share as proxy
e5a611b433,2022-12-04,France,Poland,FIFA World Cup 2022,Round of 16,4,Al Thumama Stadium,Jesús Valenzuela Sáez,1.126,1.594,16,12,8,2,7,1,11,10,1,2,0,0,593,488,3,1,not in open data; use pass share as proxy
aa719a0fc7,2022-12-05,Brazil,South Korea,FIFA World Cup 2022,Round of 16,4,Stadium 974,Clément Turpin,3.261,0.345,18,8,10,6,5,4,8,12,0,1,0,0,641,555,4,1,not in open data; use pass share as proxy
a22b287e5b,2022-12-05,Japan,Croatia,FIFA World Cup 2022,Round of 16,4,Al Janoub Stadium   ,Ismail Elfath,1.069,0.854,13,17,4,4,8,5,13,16,0,2,0,0,582,796,1,1,not in open data; use pass share as proxy
4d78f17b1c,2022-12-06,Morocco,Spain,FIFA World Cup 2022,Round of 16,4,Education City Stadium ,Fernando Andrés Rapallini,0.57,0.495,6,12,2,1,0,8,19,14,1,1,0,0,365,1068,0,0,not in open data; use pass share as proxy
8efaa3cc35,2022-12-06,Portugal,Switzerland,FIFA World Cup 2022,Round of 16,4,Lusail Stadium,César Arturo Ramos Palazuelos,2.284,1.272,15,10,9,3,6,6,14,15,0,2,0,0,488,528,6,1,not in open data; use pass share as proxy
2ce1766671,2022-12-09,Croatia,Brazil,FIFA World Cup 2022,Quarter-finals,5,Education City Stadium ,Michael Oliver,0.633,1.816,9,20,1,11,3,7,23,25,2,3,0,0,737,747,1,1,not in open data; use pass share as proxy
2af32b1111,2022-12-09,Netherlands,Argentina,FIFA World Cup 2022,Quarter-finals,5,Lusail Stadium,Antonio Miguel Mateu Lahoz,0.57,1.939,7,14,2,5,2,8,37,22,5,8,0,0,691,640,2,2,not in open data; use pass share as proxy
945b79ba4f,2022-12-10,England,France,FIFA World Cup 2022,Quarter-finals,5,Al Bayt Stadium,Wilton Pereira Sampaio,2.353,0.839,16,8,7,5,5,2,10,15,1,3,0,0,554,412,1,2,not in open data; use pass share as proxy
a347789d2b,2022-12-10,Morocco,Portugal,FIFA World Cup 2022,Quarter-finals,5,Al Thumama Stadium,Facundo Tello Figueroa,0.972,0.744,9,12,3,3,3,9,18,9,3,1,1,0,249,731,1,0,not in open data; use pass share as proxy
de1eb723e8,2022-12-13,Argentina,Croatia,FIFA World Cup 2022,Semi-finals,6,Lusail Stadium,Daniele Orsato,1.864,0.41,9,12,7,2,2,4,20,10,2,2,0,0,432,648,3,0,not in open data; use pass share as proxy
2c8ca8aaf5,2022-12-14,France,Morocco,FIFA World Cup 2022,Semi-finals,6,Al Bayt Stadium,César Arturo Ramos Palazuelos,2.002,1.23,14,13,2,2,2,3,14,14,0,1,0,0,387,615,2,0,not in open data; use pass share as proxy
95769b9c0e,2022-12-17,Croatia,Morocco,FIFA World Cup 2022,3rd Place Final,7,Sheikh Khalifa International Stadium,Abdulrahman Ibrahim Al Jassim,0.849,0.991,12,9,4,2,6,3,14,15,0,2,0,0,528,512,2,1,not in open data; use pass share as proxy
637cde918f,2022-12-18,Argentina,France,FIFA World Cup 2022,Final,7,Lusail Stadium,Szymon Marciniak,2.758,2.273,20,10,10,5,6,5,29,19,4,3,0,0,693,570,3,3,not in open data; use pass share as proxy
2de82a21b7,2024-01-13,Ivory Coast,Guinea-Bissau,AFCON 2023,Group Stage,1,Stade Olympique Alassane Ouattara,Amin Mohamed Omar,0.707,0.53,10,10,4,3,6,2,12,13,2,1,0,0,598,394,2,0,not in open data; use pass share as proxy
9d09ccda90,2024-01-14,Egypt,Mozambique,AFCON 2023,Group Stage,1,Stade Félix Houphouët-Boigny      ,Dahane Beida,1.929,0.728,22,6,5,2,7,2,9,9,1,3,0,0,589,373,2,2,not in open data; use pass share as proxy
bae201c6d2,2024-01-14,Ghana,Cape Verde,AFCON 2023,Group Stage,1,Stade Félix Houphouët-Boigny      ,Jean Jacques Ndala Ngambo,1.438,2.72,11,15,1,5,2,5,17,15,3,3,0,0,386,417,1,2,not in open data; use pass share as proxy
d2d6157062,2024-01-15,Algeria,Angola,AFCON 2023,Group Stage,1,Stade de Bouaké,Issa Sy,0.697,1.197,16,7,3,1,14,2,13,19,4,1,0,0,589,296,1,1,not in open data; use pass share as proxy
c0cda4e359,2024-01-15,Senegal,Gambia,AFCON 2023,Group Stage,1,Stade Charles Konan Banny de Yamoussoukro,Redouane Jiyed,1.721,1.008,14,12,6,2,6,4,20,13,2,0,0,1,594,291,3,0,not in open data; use pass share as proxy
1caff2d23b,2024-01-16,Mali,South Africa,AFCON 2023,Group Stage,1,Stade Amadou Gon Coulibaly,Mohamed Adel Hussein,2.342,1.39,16,12,7,6,2,3,14,12,3,2,0,0,438,531,2,0,not in open data; use pass share as proxy
a00e7af646,2024-01-16,Tunisia,Namibia,AFCON 2023,Group Stage,1,Stade Amadou Gon Coulibaly,Abdulkadir Artan,0.871,1.61,9,13,3,4,8,7,11,13,0,0,0,0,490,325,0,1,not in open data; use pass share as proxy
b46ba73187,2024-01-17,DR Congo,Zambia,AFCON 2023,Group Stage,1,Stade Laurent Pokou,Bamlak Tessema Weyesa,2.682,0.096,27,3,7,1,7,0,11,13,1,1,0,0,499,409,1,1,not in open data; use pass share as proxy
434c2aa7db,2024-01-17,Morocco,Tanzania,AFCON 2023,Group Stage,1,Stade Laurent Pokou,Alhadi Allaou Mahamat,2.3,0.012,15,2,7,0,5,2,14,16,2,5,0,1,520,470,3,0,not in open data; use pass share as proxy
c9750d6345,2024-01-18,Egypt,Ghana,AFCON 2023,Group Stage,2,Stade Félix Houphouët-Boigny      ,Pierre Ghislain Atcho,1.204,0.426,11,6,5,3,3,4,14,20,0,1,0,0,479,355,2,2,not in open data; use pass share as proxy
ba0c209e91,2024-01-18,Ivory Coast,Nigeria,AFCON 2023,Group Stage,2,Stade Olympique Alassane Ouattara,Mustapha Ghorbal,0.607,1.576,14,11,3,1,5,6,16,19,0,1,0,0,460,268,0,1,not in open data; use pass share as proxy
8f3832c4cb,2024-01-19,Cape Verde,Mozambique,AFCON 2023,Group Stage,2,Stade Félix Houphouët-Boigny      ,Samir Guezzaz,0.599,0.331,11,8,5,2,1,6,17,15,1,0,0,0,458,471,3,0,not in open data; use pass share as proxy
2617473174,2024-01-19,Senegal,Cameroon,AFCON 2023,Group Stage,2,Stade Charles Konan Banny de Yamoussoukro,Mahmood Ali Mahmood Ismail,1.231,0.249,5,5,3,1,8,9,14,14,1,3,0,0,378,424,3,1,not in open data; use pass share as proxy
b4221ee113,2024-01-20,Algeria,Burkina Faso,AFCON 2023,Group Stage,2,Stade de Bouaké,Abongile Tom,1.998,1.259,15,7,5,3,4,1,13,18,2,5,0,0,458,266,2,2,not in open data; use pass share as proxy
441676f424,2024-01-20,Tunisia,Mali,AFCON 2023,Group Stage,2,Stade Amadou Gon Coulibaly,Daniel Nii Ayi Laryea,0.53,0.846,5,12,1,1,3,4,13,13,2,0,0,0,340,518,1,1,not in open data; use pass share as proxy
543a232469,2024-01-21,Morocco,DR Congo,AFCON 2023,Group Stage,2,Stade Laurent Pokou,Peter Waweru Kamaku,1.055,2.31,11,11,4,2,3,5,17,17,3,1,0,0,416,343,1,1,not in open data; use pass share as proxy
545e6d9edc,2024-01-21,South Africa,Namibia,AFCON 2023,Group Stage,2,Stade Amadou Gon Coulibaly,Youcef Gamouh,2.216,0.569,12,4,8,1,6,2,20,13,1,0,0,0,403,382,4,0,not in open data; use pass share as proxy
8ef0ff5070,2024-01-22,Cape Verde,Egypt,AFCON 2023,Group Stage,3,Stade Félix Houphouët-Boigny      ,Alhadi Allaou Mahamat,0.407,1.764,6,27,3,7,4,8,9,11,1,2,0,0,426,483,2,2,not in open data; use pass share as proxy
08e9281eb2,2024-01-22,Ivory Coast,Equatorial Guinea,AFCON 2023,Group Stage,3,Stade Olympique Alassane Ouattara,Mahmood Ali Mahmood Ismail,2.069,1.093,22,10,3,7,11,1,21,23,2,3,0,0,464,209,0,4,not in open data; use pass share as proxy
065622e54e,2024-01-22,Mozambique,Ghana,AFCON 2023,Group Stage,3,Stade Olympique Alassane Ouattara,Ibrahim Mutaz,1.54,1.843,14,8,4,4,6,3,10,33,4,5,0,0,413,269,2,2,not in open data; use pass share as proxy
399fb42009,2024-01-23,Guinea,Senegal,AFCON 2023,Group Stage,3,Stade Charles Konan Banny de Yamoussoukro,Pacifique Ndabihawenimana,0.553,0.943,4,12,1,2,0,6,18,14,2,2,0,0,425,412,0,2,not in open data; use pass share as proxy
26631b7237,2024-01-23,Mauritania,Algeria,AFCON 2023,Group Stage,3,Stade de Bouaké,Omar Abdulkadir Artan,1.328,1.186,17,16,7,5,5,6,20,15,3,3,0,0,203,618,1,0,not in open data; use pass share as proxy
405ca82d3f,2024-01-24,South Africa,Tunisia,AFCON 2023,Group Stage,3,Stade Amadou Gon Coulibaly,Issa Sy,0.52,1.018,11,11,2,2,5,6,14,12,0,0,0,0,418,511,0,0,not in open data; use pass share as proxy
7c05f19569,2024-01-24,Tanzania,DR Congo,AFCON 2023,Group Stage,3,Stade Amadou Gon Coulibaly,Amin Mohamed Omar,0.059,0.659,4,9,0,3,1,4,5,9,0,1,0,0,516,496,0,0,not in open data; use pass share as proxy
7c37a65b8c,2024-01-24,Zambia,Morocco,AFCON 2023,Group Stage,3,Stade Laurent Pokou,Patrice Tanguy Mebiame,0.44,2.421,11,19,2,7,3,7,10,17,0,1,0,0,381,520,0,1,not in open data; use pass share as proxy
ae921f7a7e,2024-01-28,Egypt,DR Congo,AFCON 2023,Round of 16,4,Stade Laurent Pokou,Abongile Tom,1.373,1.575,11,12,4,1,2,4,19,22,4,3,1,0,583,453,1,1,not in open data; use pass share as proxy
45508a1c76,2024-01-29,Cape Verde,Mauritania,AFCON 2023,Round of 16,4,Stade Félix Houphouët-Boigny      ,Mohamed Adel Elsaid,1.572,0.777,18,11,4,0,11,1,18,14,1,1,0,0,523,235,1,0,not in open data; use pass share as proxy
ccc228dc1d,2024-01-29,Ivory Coast,Senegal,AFCON 2023,Round of 16,4,Stade Charles Konan Banny de Yamoussoukro,Pierre Ghislain Atcho,1.121,1.318,8,13,4,4,2,6,26,25,3,4,0,0,645,475,1,1,not in open data; use pass share as proxy
f1ea63165d,2024-01-30,Morocco,South Africa,AFCON 2023,Round of 16,4,Stade Laurent Pokou,Mahmood Ali Mahmood Ismail,2.09,0.241,13,5,2,3,6,2,13,17,1,3,1,0,489,407,0,2,not in open data; use pass share as proxy
eb79a4960c,2024-02-02,DR Congo,Guinea,AFCON 2023,Quarter-finals,5,Stade Olympique Alassane Ouattara,Mustapha Ghorbal,1.653,1.135,13,7,3,3,3,4,16,18,1,2,0,0,287,462,3,1,not in open data; use pass share as proxy
bbdd5fd4d5,2024-02-03,Cape Verde,South Africa,AFCON 2023,Quarter-finals,5,Stade Charles Konan Banny de Yamoussoukro,Jean Jacques Ndala Ngambo,1.51,1.097,25,16,2,6,10,4,19,15,1,0,0,0,540,536,0,0,not in open data; use pass share as proxy
db15aded89,2024-02-03,Ivory Coast,Mali,AFCON 2023,Quarter-finals,5,Stade de Bouaké,Mohamed Adel Elsaid,0.837,1.317,11,11,3,4,2,10,19,31,7,3,2,1,427,679,2,1,not in open data; use pass share as proxy
c9bfc18132,2024-02-07,Ivory Coast,DR Congo,AFCON 2023,Semi-finals,6,Stade Olympique Alassane Ouattara,Ibrahim Mutaz,0.85,0.826,14,7,2,1,6,6,14,17,0,0,0,0,410,323,1,0,not in open data; use pass share as proxy
125b330b24,2024-02-07,Nigeria,South Africa,AFCON 2023,Semi-finals,6,Stade de Bouaké,Amin Mohamed Omar,1.491,1.758,14,14,6,5,5,4,22,11,2,0,0,1,428,660,1,1,not in open data; use pass share as proxy
e07168fe8b,2024-02-10,South Africa,DR Congo,AFCON 2023,3rd Place Final,7,Stade Félix Houphouët-Boigny      ,Bamlak Tessema Weyesa,0.266,1.682,6,13,3,3,2,1,7,13,0,1,0,0,524,412,0,0,not in open data; use pass share as proxy
a438517108,2024-02-11,Ivory Coast,Nigeria,AFCON 2023,Final,8,Stade Olympique Alassane Ouattara,Dahane Beida,1.414,0.258,18,5,7,1,5,4,15,19,3,2,0,0,464,272,2,1,not in open data; use pass share as proxy
62e7a65c94,2024-06-14,Germany,Scotland,UEFA Euro 2024,Group Stage,1,Allianz Arena,Clément Turpin,1.845,0.061,20,1,10,0,5,0,15,9,2,1,0,1,723,275,5,1,not in open data; use pass share as proxy
5e930e03e5,2024-06-15,Hungary,Switzerland,UEFA Euro 2024,Group Stage,1,RheinEnergieStadion,Slavko Vinčić,1.103,2.096,6,15,2,7,2,6,10,14,2,2,0,0,483,492,1,3,not in open data; use pass share as proxy
f192e78d48,2024-06-15,Spain,Croatia,UEFA Euro 2024,Group Stage,1,Olympiastadion Berlin,Michael Oliver,1.567,2.482,11,16,5,5,5,0,16,13,1,0,0,0,490,557,3,0,not in open data; use pass share as proxy
386c06c2ae,2024-06-16,Poland,Netherlands,UEFA Euro 2024,Group Stage,1,Volksparkstadion,Artur Manuel Ribeiro Soares Dias,0.909,1.313,12,21,7,4,3,6,10,8,0,1,0,0,324,631,1,2,not in open data; use pass share as proxy
d2d3c8934e,2024-06-16,Serbia,England,UEFA Euro 2024,Group Stage,1,VELTINS-Arena,Daniele Orsato,0.249,0.559,6,5,1,3,2,1,28,12,2,0,0,0,548,618,0,1,not in open data; use pass share as proxy
dcf9d0eb6d,2024-06-17,Austria,France,UEFA Euro 2024,Group Stage,1,Merkur Spiel-Arena,Jesús Gil Manzano,0.748,1.905,5,14,3,3,6,2,23,13,5,2,0,0,529,499,0,1,not in open data; use pass share as proxy
941f922b8a,2024-06-17,Belgium,Slovakia,UEFA Euro 2024,Group Stage,1,Deutsche Bank Park,Halil Umut Meler,1.75,0.711,16,10,5,4,5,7,15,13,3,1,0,0,601,399,0,1,not in open data; use pass share as proxy
c758ee2d56,2024-06-18,Portugal,Czech Republic,UEFA Euro 2024,Group Stage,1,Red Bull Arena,Marco Guida,1.838,0.315,19,5,8,1,13,0,6,12,2,1,0,0,753,274,2,1,not in open data; use pass share as proxy
c36354e99c,2024-06-18,Turkey,Georgia,UEFA Euro 2024,Group Stage,1,Signal-Iduna-Park,Facundo Tello Figueroa,2.403,1.579,22,14,7,4,5,5,10,10,2,1,0,0,613,488,3,1,not in open data; use pass share as proxy
05215c457c,2024-06-19,Croatia,Albania,UEFA Euro 2024,Group Stage,2,Volksparkstadion,François Letexier,1.859,1.326,21,14,8,7,3,1,16,13,1,3,0,0,681,341,2,2,not in open data; use pass share as proxy
666efa56c9,2024-06-19,Germany,Hungary,UEFA Euro 2024,Group Stage,2,MHPArena,Danny Desmond Makkelie,1.484,1.228,19,11,7,2,11,7,16,19,2,2,0,0,758,337,2,0,not in open data; use pass share as proxy
f458aa84a5,2024-06-19,Scotland,Switzerland,UEFA Euro 2024,Group Stage,2,RheinEnergieStadion,Ivan Kružliak,0.772,0.99,12,11,3,5,5,8,13,12,3,2,0,0,418,456,1,1,not in open data; use pass share as proxy
15335cd049,2024-06-20,Argentina,Canada,Copa America 2024,Group Stage,1,Mercedes-Benz Stadium,Jesús Valenzuela Sáez,3.538,0.977,19,10,8,2,7,4,19,10,2,2,0,0,652,353,2,0,not in open data; use pass share as proxy
1fc4e44132,2024-06-20,Denmark,England,UEFA Euro 2024,Group Stage,2,Deutsche Bank Park,Artur Manuel Ribeiro Soares Dias,0.733,1.173,16,12,7,4,4,2,13,8,3,1,0,0,587,577,1,1,not in open data; use pass share as proxy
4dea6f7f76,2024-06-20,Spain,Italy,UEFA Euro 2024,Group Stage,2,VELTINS-Arena,Slavko Vinčić,1.534,0.143,20,4,8,1,5,2,19,15,3,2,0,0,624,476,1,0,not in open data; use pass share as proxy
588eaf7dd9,2024-06-21,Netherlands,France,UEFA Euro 2024,Group Stage,2,Trainingszentrum RB Leipzig Platz 1,Anthony Taylor,0.738,1.218,9,15,4,3,3,6,14,9,1,0,0,0,424,697,0,0,not in open data; use pass share as proxy
fcba2409cc,2024-06-21,Poland,Austria,UEFA Euro 2024,Group Stage,2,Olympiastadion Berlin,Halil Umut Meler,1.438,1.822,15,15,3,9,4,3,15,17,4,2,0,0,428,488,1,3,not in open data; use pass share as proxy
0badcd4b37,2024-06-22,Belgium,Romania,UEFA Euro 2024,Group Stage,2,RheinEnergieStadion,Szymon Marciniak,1.646,1.246,20,14,9,4,7,7,12,14,1,2,0,0,483,387,2,0,not in open data; use pass share as proxy
645ebe0ce8,2024-06-22,Ecuador,Venezuela,Copa America 2024,Group Stage,1,Levi''s Stadium,Wilmar Alexander Roldán Pérez,0.736,1.585,9,14,4,5,3,5,21,18,2,2,1,0,298,550,1,2,not in open data; use pass share as proxy
5b4d37e4ca,2024-06-22,Georgia,Czech Republic,UEFA Euro 2024,Group Stage,2,Volksparkstadion,Daniel Siebert,1.18,2.865,5,27,1,11,5,11,13,17,4,5,0,0,353,567,1,1,not in open data; use pass share as proxy
9dc020df3e,2024-06-22,Mexico,Jamaica,Copa America 2024,Group Stage,1,NRG Stadium,Ismail Elfath,1.136,0.506,20,13,9,4,7,6,8,7,0,0,0,0,565,375,1,0,not in open data; use pass share as proxy
1633bfe212,2024-06-22,Turkey,Portugal,UEFA Euro 2024,Group Stage,2,Signal-Iduna-Park,Felix Zwayer,0.779,1.901,11,12,3,3,9,1,19,8,3,2,0,0,468,610,0,3,not in open data; use pass share as proxy
2701a1d0a7,2024-06-23,Germany,Switzerland,UEFA Euro 2024,Group Stage,3,Deutsche Bank Park,Daniele Orsato,1.542,0.28,18,4,3,3,9,2,12,15,1,3,0,0,690,367,1,1,not in open data; use pass share as proxy
856465a2db,2024-06-23,Scotland,Hungary,UEFA Euro 2024,Group Stage,3,MHPArena,Facundo Tello Figueroa,0.184,1.001,4,14,0,5,2,6,16,14,1,5,0,0,539,405,0,1,not in open data; use pass share as proxy
1f46682aee,2024-06-23,United States,Bolivia,Copa America 2024,Group Stage,1,AT&T Stadium,Maurizio Mariani,2.405,0.15,20,6,8,3,7,1,11,20,1,4,0,0,581,391,2,0,not in open data; use pass share as proxy
f782810998,2024-06-23,Uruguay,Panama,Copa America 2024,Group Stage,1,Hard Rock Stadium,Piero Maza Gomez,1.361,0.541,20,10,7,3,9,3,17,13,0,1,0,0,448,377,3,1,not in open data; use pass share as proxy
da37c7f525,2024-06-24,Albania,Spain,UEFA Euro 2024,Group Stage,3,Merkur Spiel-Arena,Glenn Nyberg,0.503,0.952,10,16,4,3,2,7,8,17,2,1,0,0,432,630,0,1,not in open data; use pass share as proxy
867b6f1482,2024-06-24,Brazil,Costa Rica,Copa America 2024,Group Stage,1,SoFi Stadium,César Arturo Ramos Palazuelos,1.621,0.037,20,2,3,0,9,1,13,15,1,2,0,0,748,262,0,0,not in open data; use pass share as proxy
a1300e5717,2024-06-24,Colombia,Paraguay,Copa America 2024,Group Stage,1,NRG Stadium,Darío Herrera,0.622,0.828,11,11,3,3,3,3,10,20,1,2,0,0,561,291,2,1,not in open data; use pass share as proxy
c2b157dac5,2024-06-24,Croatia,Italy,UEFA Euro 2024,Group Stage,3,Red Bull Arena,Danny Desmond Makkelie,1.483,0.985,6,13,4,3,2,11,23,10,6,2,0,0,545,608,1,1,not in open data; use pass share as proxy
f31bca74d6,2024-06-25,Chile,Argentina,Copa America 2024,Group Stage,2,MetLife Stadium,Andrés Matonte,0.131,2.784,3,22,3,9,0,11,13,9,2,0,0,0,393,595,0,1,not in open data; use pass share as proxy
64e7833f1d,2024-06-25,England,Slovenia,UEFA Euro 2024,Group Stage,3,RheinEnergieStadion,Clément Turpin,0.756,0.165,12,4,3,1,6,0,12,10,3,2,0,0,790,295,0,0,not in open data; use pass share as proxy
cebfc14eec,2024-06-25,France,Poland,UEFA Euro 2024,Group Stage,3,Signal-Iduna-Park,Marco Guida,1.891,1.179,19,10,8,3,11,3,15,20,1,3,0,0,592,441,1,1,not in open data; use pass share as proxy
ca0e4a3e5a,2024-06-25,Netherlands,Austria,UEFA Euro 2024,Group Stage,3,Olympiastadion Berlin,Ivan Kružliak,1.51,1.058,11,9,2,5,5,2,14,16,0,3,0,0,488,428,2,3,not in open data; use pass share as proxy
a1466654a6,2024-06-25,Peru,Canada,Copa America 2024,Group Stage,2,Children''s Mercy Park,Mario Alberto Escobar Toca,0.576,0.909,9,5,4,2,2,1,19,14,0,1,1,0,406,405,0,1,not in open data; use pass share as proxy
26ed3a0e40,2024-06-26,Czech Republic,Turkey,UEFA Euro 2024,Group Stage,3,Volksparkstadion,István Kovács,1.41,1.218,12,18,6,5,3,7,18,10,7,11,2,0,266,543,1,2,not in open data; use pass share as proxy
c1dbd4073d,2024-06-26,Ecuador,Jamaica,Copa America 2024,Group Stage,2,Allegiant Stadium,Cristián Marcelo Garay Reyes,2.366,0.935,23,7,3,4,7,8,9,19,0,4,0,0,315,377,3,1,not in open data; use pass share as proxy
ad137e5e71,2024-06-26,Georgia,Portugal,UEFA Euro 2024,Group Stage,3,VELTINS-Arena,Sandro Schärer,1.345,2.356,7,22,3,5,1,11,8,11,1,3,0,0,299,737,2,0,not in open data; use pass share as proxy
e6c48a7580,2024-06-26,Ukraine,Belgium,UEFA Euro 2024,Group Stage,3,MHPArena,Anthony Taylor,0.709,0.634,14,12,5,4,2,7,12,10,1,1,0,0,401,600,0,0,not in open data; use pass share as proxy
bd538df021,2024-06-26,Venezuela,Mexico,Copa America 2024,Group Stage,2,SoFi Stadium,Raphael Claus,1.139,2.384,10,18,2,5,2,7,12,16,2,2,0,0,359,530,1,0,not in open data; use pass share as proxy
d3514efb10,2024-06-27,United States,Panama,Copa America 2024,Group Stage,2,Mercedes-Benz Stadium,Ivan Arcides Barton Cisneros,0.914,0.731,6,13,3,4,0,3,6,19,2,3,1,1,223,596,1,2,not in open data; use pass share as proxy
6f1890f3a2,2024-06-27,Uruguay,Bolivia,Copa America 2024,Group Stage,2,MetLife Stadium,Juan Gabriel Benítez,2.321,0.051,18,4,9,1,4,3,12,19,0,1,0,0,531,353,5,0,not in open data; use pass share as proxy
9d4a6ce07b,2024-06-28,Colombia,Costa Rica,Copa America 2024,Group Stage,2,State Farm Stadium,Gustavo Tejera,2.902,0.165,18,5,5,0,4,2,20,19,2,1,0,0,566,335,3,0,not in open data; use pass share as proxy
52b62070c4,2024-06-28,Paraguay,Brazil,Copa America 2024,Group Stage,2,Allegiant Stadium,Piero Maza Gomez,0.692,3.748,15,17,6,6,4,6,17,14,2,3,1,0,422,500,1,4,not in open data; use pass share as proxy
0d232687e9,2024-06-29,Argentina,Peru,Copa America 2024,Group Stage,3,Hard Rock Stadium,César Arturo Ramos Palazuelos,2.106,0.167,12,7,6,1,6,3,14,24,1,5,0,0,667,250,2,0,not in open data; use pass share as proxy
0c0f53a037,2024-06-29,Canada,Chile,Copa America 2024,Group Stage,3,Inter&Co Stadium,Wilmar Alexander Roldán Pérez,0.699,0.454,9,8,3,4,8,4,16,8,5,2,0,1,473,364,0,0,not in open data; use pass share as proxy
efb4b20ab4,2024-06-29,Germany,Denmark,UEFA Euro 2024,Round of 16,4,Signal-Iduna-Park,Michael Oliver,2.227,1.073,15,10,9,2,6,6,7,18,0,2,0,0,575,475,2,0,not in open data; use pass share as proxy
ef49e6d6b3,2024-06-29,Switzerland,Italy,UEFA Euro 2024,Round of 16,4,Olympiastadion Berlin,Szymon Marciniak,0.782,0.726,16,11,4,1,4,6,11,17,0,3,0,0,561,563,2,0,not in open data; use pass share as proxy
a5f96854b6,2024-06-30,England,Slovakia,UEFA Euro 2024,Round of 16,4,VELTINS-Arena,Halil Umut Meler,1.587,1.548,16,13,2,3,9,1,13,19,3,6,0,0,872,514,2,1,not in open data; use pass share as proxy
ee83daf710,2024-06-30,Mexico,Ecuador,Copa America 2024,Group Stage,3,State Farm Stadium,Mario Alberto Escobar Toca,0.938,0.306,20,9,4,3,5,2,17,12,5,2,0,0,454,319,0,0,not in open data; use pass share as proxy
385b1fa892,2024-06-30,Spain,Georgia,UEFA Euro 2024,Round of 16,4,RheinEnergieStadion,François Letexier,2.765,0.113,35,4,13,0,13,3,12,11,1,1,0,0,850,285,4,1,not in open data; use pass share as proxy
9553d4ff01,2024-07-01,Bolivia,Panama,Copa America 2024,Group Stage,3,Inter&Co Stadium,Edina Alves Batista,0.793,1.341,7,13,3,6,2,1,23,10,2,1,0,0,478,455,1,3,not in open data; use pass share as proxy
6848f30212,2024-07-01,France,Belgium,UEFA Euro 2024,Round of 16,4,Merkur Spiel-Arena,Glenn Nyberg,1.262,0.363,19,5,2,2,5,2,8,10,3,2,0,0,650,524,1,0,not in open data; use pass share as proxy
962e50e179,2024-07-01,Portugal,Slovenia,UEFA Euro 2024,Round of 16,4,Deutsche Bank Park,Daniele Orsato,1.721,0.716,20,10,6,2,11,4,8,21,1,5,0,0,842,349,0,0,not in open data; use pass share as proxy
922164adca,2024-07-01,United States,Uruguay,Copa America 2024,Group Stage,3,Arrowhead Stadium,Kevin Ortega,0.471,1.272,8,12,2,5,2,3,12,15,2,1,0,0,376,352,0,1,not in open data; use pass share as proxy
75759690c4,2024-07-02,Austria,Turkey,UEFA Euro 2024,Round of 16,4,Red Bull Arena,Artur Manuel Ribeiro Soares Dias,2.487,0.883,21,6,5,3,10,4,12,5,2,2,0,0,628,427,1,2,not in open data; use pass share as proxy
43856f0f5b,2024-07-02,Brazil,Colombia,Copa America 2024,Group Stage,3,Levi''s Stadium,Jesús Valenzuela Sáez,0.306,1.503,7,13,3,6,6,5,16,20,3,2,0,0,446,448,1,1,not in open data; use pass share as proxy
6ded771840,2024-07-02,Costa Rica,Paraguay,Copa America 2024,Group Stage,3,Q2 Stadium,Yael Falcón Pérez,0.272,1.44,2,17,2,6,1,6,14,17,3,3,0,0,304,569,2,1,not in open data; use pass share as proxy
12565386a5,2024-07-02,Romania,Netherlands,UEFA Euro 2024,Round of 16,4,Allianz Arena,Felix Zwayer,0.268,2.626,5,24,1,6,4,12,11,9,2,2,0,0,319,559,0,3,not in open data; use pass share as proxy
2edfa71be0,2024-07-04,Argentina,Ecuador,Copa America 2024,Quarter-finals,4,NRG Stadium,Andrés Matonte,0.859,1.389,8,9,2,2,2,5,15,16,2,2,0,0,401,392,1,1,not in open data; use pass share as proxy
f5db8bec23,2024-07-05,Germany,Spain,UEFA Euro 2024,Quarter-finals,5,MHPArena,Anthony Taylor,1.629,1.534,23,19,5,6,5,1,22,17,8,7,0,1,655,606,1,2,not in open data; use pass share as proxy
d47aad19ab,2024-07-05,Portugal,France,UEFA Euro 2024,Quarter-finals,5,Volksparkstadion,Michael Oliver,1.409,1.067,15,20,4,5,11,4,11,16,1,1,0,0,927,625,0,0,not in open data; use pass share as proxy
c5c5e93ee5,2024-07-05,Venezuela,Canada,Copa America 2024,Quarter-finals,4,AT&T Stadium,Wilton Pereira Sampaio,0.922,1.351,15,16,3,5,7,3,8,13,1,2,0,0,476,384,1,1,not in open data; use pass share as proxy
cffc6d766d,2024-07-06,Colombia,Panama,Copa America 2024,Quarter-finals,4,State Farm Stadium,Maurizio Mariani,2.18,0.61,7,14,5,2,4,2,15,23,1,3,0,0,412,370,5,0,not in open data; use pass share as proxy
722fd386a1,2024-07-06,England,Switzerland,UEFA Euro 2024,Quarter-finals,5,Merkur Spiel-Arena,Daniele Orsato,0.537,1.201,13,12,3,3,4,2,9,15,1,2,0,0,738,673,1,1,not in open data; use pass share as proxy
10b607fefe,2024-07-06,Netherlands,Turkey,UEFA Euro 2024,Quarter-finals,5,Olympiastadion Berlin,Clément Turpin,0.719,1.182,11,15,4,4,3,7,16,9,4,1,0,1,569,395,2,1,not in open data; use pass share as proxy
e832498ad6,2024-07-06,Uruguay,Brazil,Copa America 2024,Quarter-finals,4,Allegiant Stadium,Darío Herrera,0.63,0.676,12,7,1,3,6,2,29,16,2,2,1,0,282,426,0,0,not in open data; use pass share as proxy
330f39cdac,2024-07-09,Argentina,Canada,Copa America 2024,Semi-finals,5,MetLife Stadium,Piero Maza Gomez,1.754,0.718,11,9,3,2,2,2,6,16,1,3,0,0,506,477,2,0,not in open data; use pass share as proxy
6377129b7c,2024-07-09,Spain,France,UEFA Euro 2024,Semi-finals,6,Allianz Arena,Slavko Vinčić,0.422,0.851,6,9,2,3,4,6,10,14,2,2,0,0,542,391,2,1,not in open data; use pass share as proxy
34523b7588,2024-07-10,Netherlands,England,UEFA Euro 2024,Semi-finals,6,Signal-Iduna-Park,Felix Zwayer,0.412,1.237,7,9,3,5,3,0,13,11,3,3,0,0,445,617,1,2,not in open data; use pass share as proxy
d53bd88113,2024-07-10,Uruguay,Colombia,Copa America 2024,Semi-finals,5,Bank of America Stadium,César Arturo Ramos Palazuelos,0.755,1.172,11,11,2,4,4,3,14,16,3,5,0,1,457,302,0,1,not in open data; use pass share as proxy
e56d3c19ce,2024-07-13,Canada,Uruguay,Copa America 2024,3rd Place Final,6,Bank of America Stadium,Alexis Herrera,2.288,1.516,14,12,5,5,7,6,19,19,3,2,0,0,379,364,2,2,not in open data; use pass share as proxy
85702c8562,2024-07-14,Argentina,Colombia,Copa America 2024,Final,6,Hard Rock Stadium,Raphael Claus,1.083,0.972,11,19,5,4,4,7,11,20,2,2,0,0,537,660,1,0,not in open data; use pass share as proxy
8cc610b914,2024-07-14,Spain,England,UEFA Euro 2024,Final,7,Olympiastadion Berlin,François Letexier,1.792,0.726,16,9,6,3,10,2,12,7,1,3,0,0,592,323,2,1,not in open data; use pass share as proxy
